{"loss": [1.1719, 2.0508, 2.832, 4.8828, 5.1758, 8.3008, 1.2207, 2.4902, 3.6865, 4.6631, 5.127, 7.7393, 1.454, 2.5391, 3.5156, 4.5139, 5.5881, 8.2574, 1.3611, 2.5574, 3.9185, 4.5776, 5.1025, 8.9966], "time": [0.249023, 0.358414, 0.499973, 0.577846, 0.630374, 0.955746, 1.117825, 1.760119, 2.320807, 2.202625, 2.921934, 4.35166, 1.203748, 2.044468, 2.565957, 3.232687, 4.015975, 7.402882, 1.658601, 3.020581, 4.39364, 5.633671, 6.991728, 13.138889], "score": [49.21687263116699, 57.34978383672479, 65.03776725078188, 57.89260506331365, 58.12675048389634, 30.400856458725595, 104.15179278400278, 124.44251486490846, 131.63824977613834, 116.14088840773195, 126.00402530970915, 83.65788692812578, 107.39593825669297, 133.76661697713214, 140.38794419833044, 143.16263210347375, 137.8206658141312, 86.56394765343343, 126.40079072936571, 162.43127380834815, 177.42523109537856, 187.61748990449135, 195.5759963189953, 69.09224377553974], "name": "(111) JFA (original)"}