{"loss": [1.0742, 3.2227, 4.8828, 7.0312, 8.9844, 17.7734, 0, 0, 0, 0, 0, 0, 0, 0, 0, 0, 0, 0, 0, 0, 0, 0, 0, 0], "time": [0.21021, 0.276527, 0.363028, 0.443099, 0.520052, 0.75115, 100, 100, 100, 100, 100, 100, 100, 100, 100, 100, 100, 100, 100, 100, 100, 100, 100, 100], "score": [45.31961378173045, 47.124377461976266, 45.88672877667738, 33.65709086761553, 13.904102269978987, -187.11275825928215, 0, 0, 0, 0, 0, 0, 0, 0, 0, 0, 0, 0, 0, 0, 0, 0, 0, 0], "name": "(0) Circle11(1/4)Dual(2/3)|Default+Noise"}