{"loss": [1.1719, 1.9531, 4.0039, 5.1758, 6.1523, 19.4336, 0, 0, 0, 0, 0, 0, 0, 0, 0, 0, 0, 0, 0, 0, 0, 0, 0, 0], "time": [0.161724, 0.233099, 0.323706, 0.403304, 0.428264, 0.664589, 100, 100, 100, 100, 100, 100, 100, 100, 100, 100, 100, 100, 100, 100, 100, 100, 100, 100], "score": [39.66263112069565, 46.438626081319256, 47.77418012783272, 46.493598771511145, 40.67160959154622, -226.35881693889488, 0, 0, 0, 0, 0, 0, 0, 0, 0, 0, 0, 0, 0, 0, 0, 0, 0, 0], "name": "(0) Circle13(1/4)Dual(1/3)|Special(1.44/0.1/0.28/1.05/1.0)"}