{"loss": [12.1094, 13.6719, 10.3516, 7.0312, 6.8359, 10.4492, 0, 0, 0, 0, 0, 0, 0, 0, 0, 0, 0, 0, 0, 0, 0, 0, 0, 0], "time": [0.151176, 0.195976, 0.26439, 0.343896, 0.37404, 0.575062, 100, 100, 100, 100, 100, 100, 100, 100, 100, 100, 100, 100, 100, 100, 100, 100, 100, 100], "score": [-18.133319917001156, -38.47914444707452, -3.6793401281667304, 29.651027833583633, 32.579586084309916, -6.965838564139576, 0, 0, 0, 0, 0, 0, 0, 0, 0, 0, 0, 0, 0, 0, 0, 0, 0, 0], "name": "(0) Circle16(1/3)|Factor3"}