{"loss": [3.6133, 14.2578, 24.6094, 36.5234, 44.7266, 64.9414, 0, 0, 0, 0, 0, 0, 0, 0, 0, 0, 0, 0, 0, 0, 0, 0, 0, 0], "time": [0.252418, 0.243156, 0.350732, 0.431877, 0.499019, 0.777435, 100, 100, 100, 100, 100, 100, 100, 100, 100, 100, 100, 100, 100, 100, 100, 100, 100, 100], "score": [43.681756405221144, -50.930643558471324, -299.44298694942546, -810.9249804440846, -1342.515390084387, -3630.3923892715557, 0, 0, 0, 0, 0, 0, 0, 0, 0, 0, 0, 0, 0, 0, 0, 0, 0, 0], "name": "(-1015) Square|Special(1.19/0.03/0.1/1.13/0.76)+Noise"}