{"loss": [40.5273, 2.832, 2.6367, 5.0781, 5.2734, 10.1562, 0, 0, 0, 0, 0, 0, 0, 0, 0, 0, 0, 0, 0, 0, 0, 0, 0, 0], "time": [0.271773, 0.243028, 0.344254, 0.423212, 0.454774, 0.686115, 100, 100, 100, 100, 100, 100, 100, 100, 100, 100, 100, 100, 100, 100, 100, 100, 100, 100], "score": [-804.1140316497366, 45.3440705243682, 54.59409460655645, 48.27901397842654, 48.683566901403914, -2.607883253721871, 0, 0, 0, 0, 0, 0, 0, 0, 0, 0, 0, 0, 0, 0, 0, 0, 0, 0], "name": "(-101) SquareDual(3/4)|Special(1.27/0.82/0.49/1.53/0.91)"}