{"loss": [39.9414, 29.4922, 28.418, 33.3008, 33.7891, 52.832, 0, 0, 0, 0, 0, 0, 0, 0, 0, 0, 0, 0, 0, 0, 0, 0, 0, 0], "time": [0.256683, 0.358287, 0.497604, 0.614254, 0.655361, 1.024309, 100, 100, 100, 100, 100, 100, 100, 100, 100, 100, 100, 100, 100, 100, 100, 100, 100, 100], "score": [-757.585003517564, -460.77373115489934, -499.13629641386274, -790.7528193063275, -843.3043252082882, -2723.734250805147, 0, 0, 0, 0, 0, 0, 0, 0, 0, 0, 0, 0, 0, 0, 0, 0, 0, 0], "name": "(-1012) Circle11(3/4)|Special(1.08/0.36/0.53/1.88/0.99)"}