{"loss": [2.7344, 9.4727, 21.22, 10.2539, 23.1445, 13.3789, 0, 0, 0, 0, 0, 0, 0, 0, 0, 0, 0, 0, 0, 0, 0, 0, 0, 0], "time": [0.228218, 0.312159, 0.459973, 0.582345, 0.625174, 0.994255, 100, 100, 100, 100, 100, 100, 100, 100, 100, 100, 100, 100, 100, 100, 100, 100, 100, 100], "score": [44.200269713794206, 5.736828602741858, -237.57017933084927, -3.9242940125578696, -344.47364196304284, -78.7677253290503, 0, 0, 0, 0, 0, 0, 0, 0, 0, 0, 0, 0, 0, 0, 0, 0, 0, 0], "name": "(-102) Square|Factor3+LNoise"}