{"loss": [1.6602, 2.4414, 4.1992, 8.3008, 9.5703, 30.6641, 0, 0, 0, 0, 0, 0, 0, 0, 0, 0, 0, 0, 0, 0, 0, 0, 0, 0], "time": [0.247594, 0.339513, 0.464381, 0.568243, 0.593215, 0.935278, 100, 100, 100, 100, 100, 100, 100, 100, 100, 100, 100, 100, 100, 100, 100, 100, 100, 100], "score": [48.38733389802696, 54.794733672738786, 56.12921775601725, 23.44129614294538, 6.476925458230709, -812.6396696950405, 0, 0, 0, 0, 0, 0, 0, 0, 0, 0, 0, 0, 0, 0, 0, 0, 0, 0], "name": "(-103) Circle16(2/3)|Special(1.78/0.24/0.67/1.41/0.5)+Noise"}