{"loss": [6.4778, 11.8796, 15.1569, 17.5781, 25.4883, 18.457, 0, 0, 0, 0, 0, 0, 0, 0, 0, 0, 0, 0, 0, 0, 0, 0, 0, 0], "time": [0.123485, 0.162927, 0.221029, 0.283859, 0.288781, 0.458069, 100, 100, 100, 100, 100, 100, 100, 100, 100, 100, 100, 100, 100, 100, 100, 100, 100, 100], "score": [20.394841901499046, -16.599742255610266, -60.991661272578305, -111.34635589719582, -295.37467436920156, -162.8811756465867, 0, 0, 0, 0, 0, 0, 0, 0, 0, 0, 0, 0, 0, 0, 0, 0, 0, 0], "name": "(-104) SquareDual(1/3)|Factor3+LNoise"}