{"loss": [98.1445, 96.1914, 94.4336, 92.4805, 90.7227, 83.0078, 0, 0, 0, 0, 0, 0, 0, 0, 0, 0, 0, 0, 0, 0, 0, 0, 0, 0], "time": [0.818076, 0.978842, 1.393578, 1.835719, 1.977802, 3.144134, 100, 100, 100, 100, 100, 100, 100, 100, 100, 100, 100, 100, 100, 100, 100, 100, 100, 100], "score": [-8621.770961125203, -9055.440457806479, -10409.29212382445, -11452.376631705516, -11434.428011521946, -12040.351257177499, 0, 0, 0, 0, 0, 0, 0, 0, 0, 0, 0, 0, 0, 0, 0, 0, 0, 0], "name": "(-10502) Circle11|Special(1.88/0.51/0.06/1.45/0.22)"}