{"loss": [2.5391, 12.793, 21.3687, 12.793, 25.9766, 17.0898, 0, 0, 0, 0, 0, 0, 0, 0, 0, 0, 0, 0, 0, 0, 0, 0, 0, 0], "time": [0.111218, 0.160152, 0.214439, 0.278749, 0.288502, 0.470299, 100, 100, 100, 100, 100, 100, 100, 100, 100, 100, 100, 100, 100, 100, 100, 100, 100, 100], "score": [31.19931978403009, -25.4764322899779, -165.1426364926878, -33.610818234450605, -308.7300432273614, -131.71244462538942, 0, 0, 0, 0, 0, 0, 0, 0, 0, 0, 0, 0, 0, 0, 0, 0, 0, 0], "name": "(-105) SquareDual(3/4)|Factor3+LNoise"}