{"loss": [2.7344, 10.7422, 22.4609, 26.6602, 39.6484, 59.2773, 0, 0, 0, 0, 0, 0, 0, 0, 0, 0, 0, 0, 0, 0, 0, 0, 0, 0], "time": [0.360555, 0.508689, 0.708071, 0.85041, 0.965964, 1.413951, 100, 100, 100, 100, 100, 100, 100, 100, 100, 100, 100, 100, 100, 100, 100, 100, 100, 100], "score": [55.556609417680164, -10.979989902673022, -340.36772460156214, -563.2344622108814, -1446.7283405115568, -4059.336342012888, 0, 0, 0, 0, 0, 0, 0, 0, 0, 0, 0, 0, 0, 0, 0, 0, 0, 0], "name": "(-1060) SquareDual|Special(1.3/0.26/0.51/1.91/0.35)+LNoise"}