{"loss": [8.1055, 8.4961, 23.8281, 10.3516, 24.0234, 18.9453, 0, 0, 0, 0, 0, 0, 0, 0, 0, 0, 0, 0, 0, 0, 0, 0, 0, 0], "time": [0.112621, 0.162567, 0.229889, 0.273427, 0.30342, 0.451787, 100, 100, 100, 100, 100, 100, 100, 100, 100, 100, 100, 100, 100, 100, 100, 100, 100, 100], "score": [11.511046863351128, 11.215414264912614, -224.28447508203135, -3.741692758003358, -262.8168071618911, -174.03629546210493, 0, 0, 0, 0, 0, 0, 0, 0, 0, 0, 0, 0, 0, 0, 0, 0, 0, 0], "name": "(-107) SquareDual|Special(1.13/0.33/0.39/1.24/0.7)+LNoise"}