{"loss": [8.4601, 8.1471, 23.1445, 11.4258, 25.0977, 19.2383, 0, 0, 0, 0, 0, 0, 0, 0, 0, 0, 0, 0, 0, 0, 0, 0, 0, 0], "time": [0.122397, 0.156712, 0.218933, 0.275066, 0.294079, 0.369268, 100, 100, 100, 100, 100, 100, 100, 100, 100, 100, 100, 100, 100, 100, 100, 100, 100, 100], "score": [9.94516412985844, 13.310989484596922, -203.85020695704148, -16.021903550995734, -287.3567845619123, -164.14022189261718, 0, 0, 0, 0, 0, 0, 0, 0, 0, 0, 0, 0, 0, 0, 0, 0, 0, 0], "name": "(-108) SquareDual|Star+LNoise"}