{"loss": [75.7812, 74.1211, 19.2383, 14.2578, 11.5234, 9.2773, 0, 0, 0, 0, 0, 0, 0, 0, 0, 0, 0, 0, 0, 0, 0, 0, 0, 0], "time": [0.292083, 0.377674, 0.528903, 0.644564, 0.683066, 1.042259, 100, 100, 100, 100, 100, 100, 100, 100, 100, 100, 100, 100, 100, 100, 100, 100, 100, 100], "score": [-3049.629284726309, -3314.8543518682527, -196.44102623272832, -82.92198534975743, -27.099180797318756, 14.223028745473005, 0, 0, 0, 0, 0, 0, 0, 0, 0, 0, 0, 0, 0, 0, 0, 0, 0, 0], "name": "(-1109) SquareDual(1/3)|Special(1.14/0.32/0.03/1.91/0.45)"}