{"loss": [8.2031, 13.6719, 22.8516, 10.7422, 26.2695, 17.2852, 0, 0, 0, 0, 0, 0, 0, 0, 0, 0, 0, 0, 0, 0, 0, 0, 0, 0], "time": [0.111235, 0.157236, 0.216308, 0.271148, 0.284675, 0.369008, 100, 100, 100, 100, 100, 100, 100, 100, 100, 100, 100, 100, 100, 100, 100, 100, 100, 100], "score": [10.909126887023373, -34.46672001313702, -196.3586406995341, -8.016392447619165, -314.84038839831703, -120.74982534440508, 0, 0, 0, 0, 0, 0, 0, 0, 0, 0, 0, 0, 0, 0, 0, 0, 0, 0], "name": "(-110) SquareDual(2/3)|Star+LNoise"}