{"loss": [1.931, 7.8101, 14.6484, 10.6445, 19.5313, 23.4375, 0, 0, 0, 0, 0, 0, 0, 0, 0, 0, 0, 0, 0, 0, 0, 0, 0, 0], "time": [0.236834, 0.319511, 0.443783, 0.553003, 0.583361, 0.914003, 100, 100, 100, 100, 100, 100, 100, 100, 100, 100, 100, 100, 100, 100, 100, 100, 100, 100], "score": [46.850969921069044, 22.046190142546067, -76.32688815314232, -9.894435785259398, -214.9826443394748, -429.56222896051753, 0, 0, 0, 0, 0, 0, 0, 0, 0, 0, 0, 0, 0, 0, 0, 0, 0, 0], "name": "(-110) Circle10(1/4)Dual(3/4)|Factor3+LNoise"}