{"loss": [4.1992, 13.3789, 17.9688, 15.8203, 19.6289, 17.9688, 0, 0, 0, 0, 0, 0, 0, 0, 0, 0, 0, 0, 0, 0, 0, 0, 0, 0], "time": [0.214528, 0.289591, 0.404396, 0.486321, 0.541567, 0.864512, 100, 100, 100, 100, 100, 100, 100, 100, 100, 100, 100, 100, 100, 100, 100, 100, 100, 100], "score": [38.149931323784806, -42.51008197617682, -141.732740987229, -104.80166104374985, -209.95117094307108, -207.22983130093917, 0, 0, 0, 0, 0, 0, 0, 0, 0, 0, 0, 0, 0, 0, 0, 0, 0, 0], "name": "(-111) SquareDual(1/4)|Special(1.91/0.74/0.63/1.57/0.95)+LNoise"}