{"loss": [98.1445, 96.1914, 94.4336, 92.4805, 90.7227, 88.0859, 0, 0, 0, 0, 0, 0, 0, 0, 0, 0, 0, 0, 0, 0, 0, 0, 0, 0], "time": [0.934919, 1.136913, 1.575484, 2.096734, 2.159856, 3.377427, 100, 100, 100, 100, 100, 100, 100, 100, 100, 100, 100, 100, 100, 100, 100, 100, 100, 100], "score": [-9216.93762727603, -9759.260209240301, -11067.831898463248, -12239.514452197081, -11949.106649669135, -14075.770819064755, 0, 0, 0, 0, 0, 0, 0, 0, 0, 0, 0, 0, 0, 0, 0, 0, 0, 0], "name": "(-11384) Circle16(2/3)Dual(2/3)|Special(1.72/0.58/0.54/1.76/0.28)"}