{"loss": [2.4859, 11.0352, 26.5625, 34.4727, 44.9219, 70.8984, 0, 0, 0, 0, 0, 0, 0, 0, 0, 0, 0, 0, 0, 0, 0, 0, 0, 0], "time": [0.201564, 0.274794, 0.389017, 0.485362, 0.521613, 0.818289, 100, 100, 100, 100, 100, 100, 100, 100, 100, 100, 100, 100, 100, 100, 100, 100, 100, 100], "score": [42.121449409773646, -11.414963623606011, -377.6991999418089, -758.2427545056348, -1385.2163876175366, -4456.553979980771, 0, 0, 0, 0, 0, 0, 0, 0, 0, 0, 0, 0, 0, 0, 0, 0, 0, 0], "name": "(-1157) Circle12(1/3)|Special(1.1/0.07/0.43/1.18/0.62)+LNoise"}