{"loss": [11.6211, 30.6641, 39.1602, 42.5781, 44.4336, 40.7227, 0, 0, 0, 0, 0, 0, 0, 0, 0, 0, 0, 0, 0, 0, 0, 0, 0, 0], "time": [0.353261, 0.529549, 0.673691, 0.85865, 0.898612, 1.434087, 100, 100, 100, 100, 100, 100, 100, 100, 100, 100, 100, 100, 100, 100, 100, 100, 100, 100], "score": [-20.832214479680733, -611.4778581466499, -1176.6153563205335, -1587.2258476295092, -1776.787927345663, -1866.1626489212226, 0, 0, 0, 0, 0, 0, 0, 0, 0, 0, 0, 0, 0, 0, 0, 0, 0, 0], "name": "(-1173) SquareDual(1/4)|Special(1.9/0.1/0.97/1.65/0.34)+Noise"}