{"loss": [2.832, 4.4922, 10.3516, 16.4062, 20.1172, 24.5117, 0, 0, 0, 0, 0, 0, 0, 0, 0, 0, 0, 0, 0, 0, 0, 0, 0, 0], "time": [0.224005, 0.312822, 0.425862, 0.534334, 0.566073, 0.750335, 100, 100, 100, 100, 100, 100, 100, 100, 100, 100, 100, 100, 100, 100, 100, 100, 100, 100], "score": [43.533261313968254, 44.643797008506674, -4.6696235365712795, -123.65532013552608, -229.2509524912028, -433.8226737760928, 0, 0, 0, 0, 0, 0, 0, 0, 0, 0, 0, 0, 0, 0, 0, 0, 0, 0], "name": "(-117) Circle10(1/4)Dual(2/3)|Star+LNoise"}