{"loss": [55.0781, 43.0664, 40.0391, 37.1094, 35.4492, 31.0547, 0, 0, 0, 0, 0, 0, 0, 0, 0, 0, 0, 0, 0, 0, 0, 0, 0, 0], "time": [0.352188, 0.396937, 0.608145, 0.765753, 0.797773, 1.25529, 100, 100, 100, 100, 100, 100, 100, 100, 100, 100, 100, 100, 100, 100, 100, 100, 100, 100], "score": [-1740.9557979354345, -1105.5218557836076, -1172.1953028555195, -1117.562529707544, -1033.0944890406986, -968.4651006587983, 0, 0, 0, 0, 0, 0, 0, 0, 0, 0, 0, 0, 0, 0, 0, 0, 0, 0], "name": "(-1189) Circle16(3/4)Dual(1/4)|Special(1.28/0.1/0.97/1.74/0.66)"}