{"loss": [11.6211, 30.6641, 39.1602, 42.5781, 44.4336, 40.7227, 0, 0, 0, 0, 0, 0, 0, 0, 0, 0, 0, 0, 0, 0, 0, 0, 0, 0], "time": [0.379685, 0.516542, 0.731376, 0.895498, 0.959206, 1.466077, 100, 100, 100, 100, 100, 100, 100, 100, 100, 100, 100, 100, 100, 100, 100, 100, 100, 100], "score": [-21.597292555900502, -603.9214838431867, -1225.954894543483, -1620.9251108017897, -1835.7157374170881, -1886.861980063302, 0, 0, 0, 0, 0, 0, 0, 0, 0, 0, 0, 0, 0, 0, 0, 0, 0, 0], "name": "(-1199) SquareDual(1/3)|Special(1.06/0.17/0.89/1.8/0.27)+Noise"}