{"loss": [14.8438, 13.5742, 16.2109, 17.0898, 16.4062, 19.7266, 0, 0, 0, 0, 0, 0, 0, 0, 0, 0, 0, 0, 0, 0, 0, 0, 0, 0], "time": [0.212481, 0.291829, 0.403881, 0.48373, 0.517231, 0.816716, 100, 100, 100, 100, 100, 100, 100, 100, 100, 100, 100, 100, 100, 100, 100, 100, 100, 100], "score": [-55.470780680345555, -45.517671548028495, -103.45778636837119, -133.57995535684972, -121.66024158366635, -261.30145462298, 0, 0, 0, 0, 0, 0, 0, 0, 0, 0, 0, 0, 0, 0, 0, 0, 0, 0], "name": "(-120) Circle12(3/4)Dual|Default"}