{"loss": [29.4922, 8.8867, 14.8438, 27.0508, 47.3633, 68.5547, 0, 0, 0, 0, 0, 0, 0, 0, 0, 0, 0, 0, 0, 0, 0, 0, 0, 0], "time": [0.390258, 0.322377, 0.448564, 0.566791, 0.608446, 0.988003, 100, 100, 100, 100, 100, 100, 100, 100, 100, 100, 100, 100, 100, 100, 100, 100, 100, 100], "score": [-480.8925996116054, 11.938515174373755, -80.59654690194323, -475.6131161019949, -1671.8233039261852, -4572.072056152497, 0, 0, 0, 0, 0, 0, 0, 0, 0, 0, 0, 0, 0, 0, 0, 0, 0, 0], "name": "(-1211) Circle16(2/3)|Special(1.31/0.52/0.49/1.15/0.46)+Noise"}