{"loss": [41.1133, 2.832, 3.418, 4.0039, 5.6641, 12.207, 0, 0, 0, 0, 0, 0, 0, 0, 0, 0, 0, 0, 0, 0, 0, 0, 0, 0], "time": [0.334933, 0.306558, 0.417383, 0.519765, 0.553975, 0.850259, 100, 100, 100, 100, 100, 100, 100, 100, 100, 100, 100, 100, 100, 100, 100, 100, 100, 100], "score": [-920.362610500479, 50.92706813523447, 57.057540032847854, 60.53706813254474, 50.551004221312134, -45.19265378516163, 0, 0, 0, 0, 0, 0, 0, 0, 0, 0, 0, 0, 0, 0, 0, 0, 0, 0], "name": "(-124) Circle14(1/3)|Special(1.05/0.51/0.65/1.35/0.6)"}