{"loss": [1.8555, 3.418, 6.7383, 13.1836, 17.3828, 27.5391, 0, 0, 0, 0, 0, 0, 0, 0, 0, 0, 0, 0, 0, 0, 0, 0, 0, 0], "time": [0.25871, 0.352769, 0.494096, 0.611679, 0.664569, 1.045557, 100, 100, 100, 100, 100, 100, 100, 100, 100, 100, 100, 100, 100, 100, 100, 100, 100, 100], "score": [49.11237206178421, 52.45548085104918, 38.37611704871272, -57.72462980624814, -164.80447399509268, -673.2324135767998, 0, 0, 0, 0, 0, 0, 0, 0, 0, 0, 0, 0, 0, 0, 0, 0, 0, 0], "name": "(-125) Circle14|Special(1.86/0.04/0.65/1.59/0.42)+Noise"}