{"loss": [6.8359, 9.5982, 18.0664, 13.5742, 23.2422, 19.4336, 0, 0, 0, 0, 0, 0, 0, 0, 0, 0, 0, 0, 0, 0, 0, 0, 0, 0], "time": [0.228327, 0.319313, 0.401431, 0.505277, 0.529568, 0.852959, 100, 100, 100, 100, 100, 100, 100, 100, 100, 100, 100, 100, 100, 100, 100, 100, 100, 100], "score": [25.454535332184253, 4.449737766961705, -143.44054223211393, -59.89362223746554, -320.33970261260384, -256.43949860617636, 0, 0, 0, 0, 0, 0, 0, 0, 0, 0, 0, 0, 0, 0, 0, 0, 0, 0], "name": "(-125) SquareDual|Special(1.92/0.22/0.57/1.87/0.61)+LNoise"}