{"loss": [5.731, 10.5469, 21.2891, 11.3281, 25.5859, 19.7266, 0, 0, 0, 0, 0, 0, 0, 0, 0, 0, 0, 0, 0, 0, 0, 0, 0, 0], "time": [0.165565, 0.205908, 0.293156, 0.352767, 0.391267, 0.600044, 100, 100, 100, 100, 100, 100, 100, 100, 100, 100, 100, 100, 100, 100, 100, 100, 100, 100], "score": [27.325414128283395, -5.099068435839976, -191.2501502414968, -16.823909399664654, -346.9336695281414, -223.97412274147712, 0, 0, 0, 0, 0, 0, 0, 0, 0, 0, 0, 0, 0, 0, 0, 0, 0, 0], "name": "(-126) SquareDual(1/3)|Special(1.23/0.45/0.96/1.27/0.66)+LNoise"}