{"loss": [8.3984, 11.0352, 20.8984, 17.5781, 27.3438, 17.6758, 0, 0, 0, 0, 0, 0, 0, 0, 0, 0, 0, 0, 0, 0, 0, 0, 0, 0], "time": [0.11159, 0.161404, 0.224377, 0.284168, 0.292939, 0.467701, 100, 100, 100, 100, 100, 100, 100, 100, 100, 100, 100, 100, 100, 100, 100, 100, 100, 100], "score": [9.843436761826611, -8.74838839145373, -159.50999566898568, -111.40694348775233, -350.55112290687555, -145.28071983274992, 0, 0, 0, 0, 0, 0, 0, 0, 0, 0, 0, 0, 0, 0, 0, 0, 0, 0], "name": "(-127) SquareDual|Factor3+LNoise"}