{"loss": [7.8496, 6.1523, 22.551, 13.176, 23.5333, 18.0664, 0, 0, 0, 0, 0, 0, 0, 0, 0, 0, 0, 0, 0, 0, 0, 0, 0, 0], "time": [0.263682, 0.322942, 0.467906, 0.57248, 0.477516, 0.558252, 100, 100, 100, 100, 100, 100, 100, 100, 100, 100, 100, 100, 100, 100, 100, 100, 100, 100], "score": [19.71006160417181, 35.31814139099252, -279.461490980424, -55.692810573665184, -313.59849330699154, -169.153741537134, 0, 0, 0, 0, 0, 0, 0, 0, 0, 0, 0, 0, 0, 0, 0, 0, 0, 0], "name": "(-127) Square|Star+LNoise"}