{"loss": [49.8047, 46.4844, 47.168, 46.0938, 42.7734, 36.4258, 0, 0, 0, 0, 0, 0, 0, 0, 0, 0, 0, 0, 0, 0, 0, 0, 0, 0], "time": [0.23146, 0.32183, 0.442791, 0.530645, 0.594828, 0.907015, 100, 100, 100, 100, 100, 100, 100, 100, 100, 100, 100, 100, 100, 100, 100, 100, 100, 100], "score": [-1145.2693696721801, -1169.092813806351, -1413.909406612664, -1474.8556201091812, -1333.927652134749, -1168.4086798980086, 0, 0, 0, 0, 0, 0, 0, 0, 0, 0, 0, 0, 0, 0, 0, 0, 0, 0], "name": "(-1284) Circle14Dual|Special(1.01/0.11/0.18/1.53/0.7)"}