{"loss": [1.7578, 3.9062, 6.1523, 8.7891, 11.2305, 18.3594, 0, 0, 0, 0, 0, 0, 0, 0, 0, 0, 0, 0, 0, 0, 0, 0, 0, 0], "time": [0.175965, 0.230171, 0.319788, 0.402116, 0.422712, 0.668512, 100, 100, 100, 100, 100, 100, 100, 100, 100, 100, 100, 100, 100, 100, 100, 100, 100, 100], "score": [40.65204186195743, 40.655749320537055, 35.14525162428611, 14.427461828471344, -16.984944370992267, -193.83256765330754, 0, 0, 0, 0, 0, 0, 0, 0, 0, 0, 0, 0, 0, 0, 0, 0, 0, 0], "name": "(-13) Circle16(2/3)|Special(1.44/0.31/0.92/1.5/0.73)+Noise"}