{"loss": [90.7227, 44.2383, 14.5508, 4.2969, 4.9805, 8.5938, 0, 0, 0, 0, 0, 0, 0, 0, 0, 0, 0, 0, 0, 0, 0, 0, 0, 0], "time": [0.686948, 0.463007, 0.409811, 0.511941, 0.548476, 0.634808, 100, 100, 100, 100, 100, 100, 100, 100, 100, 100, 100, 100, 100, 100, 100, 100, 100, 100], "score": [-6738.837291149953, -1263.6070501855813, -71.52291453500666, 58.33951608812285, 55.68850791538353, 20.83226274665821, 0, 0, 0, 0, 0, 0, 0, 0, 0, 0, 0, 0, 0, 0, 0, 0, 0, 0], "name": "(-1323) Circle14(3/4)|Special(1.26/0.99/0.65/1.33/0.82)"}