{"loss": [4.2343, 14.7461, 25.1953, 32.6172, 42.7734, 63.5742, 0, 0, 0, 0, 0, 0, 0, 0, 0, 0, 0, 0, 0, 0, 0, 0, 0, 0], "time": [0.391402, 0.545505, 0.752658, 0.932033, 1.010152, 1.582524, 100, 100, 100, 100, 100, 100, 100, 100, 100, 100, 100, 100, 100, 100, 100, 100, 100, 100], "score": [51.34517949943786, -86.7447132913359, -463.97308851839733, -930.5493194255264, -1738.3208437562885, -4958.569397097776, 0, 0, 0, 0, 0, 0, 0, 0, 0, 0, 0, 0, 0, 0, 0, 0, 0, 0], "name": "(-1354) Circle16(3/4)|Special(1.31/0.07/0.88/1.46/0.37)+LNoise"}