{"loss": [52.5391, 47.2656, 48.5352, 47.7539, 44.6289, 37.207, 0, 0, 0, 0, 0, 0, 0, 0, 0, 0, 0, 0, 0, 0, 0, 0, 0, 0], "time": [0.235951, 0.325691, 0.446512, 0.552597, 0.589878, 0.722193, 100, 100, 100, 100, 100, 100, 100, 100, 100, 100, 100, 100, 100, 100, 100, 100, 100, 100], "score": [-1292.2627787790816, -1217.8808796955789, -1507.2708197209524, -1620.8670701196622, -1452.9218381983449, -1091.4747565469045, 0, 0, 0, 0, 0, 0, 0, 0, 0, 0, 0, 0, 0, 0, 0, 0, 0, 0], "name": "(-1363) Circle14Dual|Star"}