{"loss": [1.774, 9.375, 13.2812, 12.3047, 22.4609, 24.9023, 0, 0, 0, 0, 0, 0, 0, 0, 0, 0, 0, 0, 0, 0, 0, 0, 0, 0], "time": [0.239867, 0.341045, 0.46993, 0.567549, 0.624869, 0.812335, 100, 100, 100, 100, 100, 100, 100, 100, 100, 100, 100, 100, 100, 100, 100, 100, 100, 100], "score": [47.43489989387486, 7.071760955309024, -52.366632874956835, -38.72687640922949, -319.7455120072666, -468.7863223246134, 0, 0, 0, 0, 0, 0, 0, 0, 0, 0, 0, 0, 0, 0, 0, 0, 0, 0], "name": "(-137) Circle9(2/3)Dual(1/4)|Star+LNoise"}