{"loss": [3.2536, 12.4023, 25.3906, 11.8164, 26.2434, 17.3828, 0, 0, 0, 0, 0, 0, 0, 0, 0, 0, 0, 0, 0, 0, 0, 0, 0, 0], "time": [0.211502, 0.201616, 0.29322, 0.356566, 0.393315, 0.611343, 100, 100, 100, 100, 100, 100, 100, 100, 100, 100, 100, 100, 100, 100, 100, 100, 100, 100], "score": [41.12095439129573, -24.164752266907183, -294.94447915278505, -23.662713501471977, -369.21227050444037, -158.0670797400667, 0, 0, 0, 0, 0, 0, 0, 0, 0, 0, 0, 0, 0, 0, 0, 0, 0, 0], "name": "(-138) SquareDual|Special(1.63/0.56/0.36/1.35/0.62)+LNoise"}