{"loss": [53.418, 47.5586, 50.4883, 47.9492, 43.457, 39.7461, 0, 0, 0, 0, 0, 0, 0, 0, 0, 0, 0, 0, 0, 0, 0, 0, 0, 0], "time": [0.221163, 0.30342, 0.420558, 0.534477, 0.55918, 0.835933, 100, 100, 100, 100, 100, 100, 100, 100, 100, 100, 100, 100, 100, 100, 100, 100, 100, 100], "score": [-1294.9070404284396, -1190.8079340344564, -1588.2317387598482, -1607.7354222194863, -1337.4187076783621, -1352.9283808914922, 0, 0, 0, 0, 0, 0, 0, 0, 0, 0, 0, 0, 0, 0, 0, 0, 0, 0], "name": "(-1395) Circle12(1/3)Dual|Default"}