{"loss": [3.5373, 11.687, 18.9453, 8.4961, 20.9961, 27.1484, 0, 0, 0, 0, 0, 0, 0, 0, 0, 0, 0, 0, 0, 0, 0, 0, 0, 0], "time": [0.244308, 0.243453, 0.329157, 0.412679, 0.443185, 0.685213, 100, 100, 100, 100, 100, 100, 100, 100, 100, 100, 100, 100, 100, 100, 100, 100, 100, 100], "score": [43.242908225007426, -18.051867092641444, -148.55063513333602, 17.869208195427902, -226.9019668611311, -527.3227586450333, 0, 0, 0, 0, 0, 0, 0, 0, 0, 0, 0, 0, 0, 0, 0, 0, 0, 0], "name": "(-143) Circle15(1/4)|Special(1.99/0.6/0.57/1.25/0.63)+LNoise"}