{"loss": [5.0781, 10.8398, 74.0234, 29.0039, 33.6914, 43.75, 0, 0, 0, 0, 0, 0, 0, 0, 0, 0, 0, 0, 0, 0, 0, 0, 0, 0], "time": [0.461838, 0.599682, 0.740257, 0.965902, 1.063339, 1.625807, 100, 100, 100, 100, 100, 100, 100, 100, 100, 100, 100, 100, 100, 100, 100, 100, 100, 100], "score": [50.43409555154256, -13.552827905253029, -4628.393196816298, -728.4794472358433, -1067.3885940592897, -2313.059158141023, 0, 0, 0, 0, 0, 0, 0, 0, 0, 0, 0, 0, 0, 0, 0, 0, 0, 0], "name": "(-1450) Square|Special(1.28/0.57/0.24/1.45/0.65)"}