{"loss": [0.8789, 2.5391, 3.125, 5.1758, 4.6875, 12.8906, 1.3428, 2.71, 3.9062, 5.3711, 7.1045, 12.9639, 1.7687, 2.6801, 4.2969, 6.9878, 16.4062, 43.2292, 0, 0, 0, 0, 0, 0], "time": [0.156138, 0.212583, 0.292037, 0.364193, 0.388541, 0.603302, 0.500871, 0.785755, 1.05427, 0.992974, 1.372398, 1.645671, 0.50148, 0.87293, 1.101325, 1.386319, 1.701428, 3.222389, 100, 100, 100, 100, 100, 100], "score": [39.20906697873914, 43.13421024053981, 48.76306033268454, 44.18172781395776, 48.63682868678547, -51.394016221134116, 69.49613767596847, 82.13280507329871, 87.01068584019283, 70.90088973234612, 58.019501211389446, -87.31336013725357, 68.59993926695732, 86.71965395172593, 85.5678490503354, 60.24937293921937, -220.65470342750498, -3175.1102348564737, 0, 0, 0, 0, 0, 0], "name": "(-146) Circle15(3/4)|Special(1.27/0.4/0.63/1.2/0.74)"}