{"loss": [44.2383, 40.625, 44.4336, 32.4219, 39.9414, 66.2109, 0, 0, 0, 0, 0, 0, 0, 0, 0, 0, 0, 0, 0, 0, 0, 0, 0, 0], "time": [0.308133, 0.414729, 0.568461, 0.465155, 0.503635, 0.768148, 100, 100, 100, 100, 100, 100, 100, 100, 100, 100, 100, 100, 100, 100, 100, 100, 100, 100], "score": [-1030.8307566151457, -998.4431364284402, -1413.1876229200973, -648.7261042920056, -1061.184181986086, -3754.5689249190023, 0, 0, 0, 0, 0, 0, 0, 0, 0, 0, 0, 0, 0, 0, 0, 0, 0, 0], "name": "(-1484) Circle16(1/3)|Special(1.72/0.5/0.53/1.42/0.58)"}