{"loss": [3.0258, 7.6509, 13.8672, 16.9922, 20.2148, 24.9023, 0, 0, 0, 0, 0, 0, 0, 0, 0, 0, 0, 0, 0, 0, 0, 0, 0, 0], "time": [0.342215, 0.42985, 0.580164, 0.745226, 0.624454, 0.926301, 100, 100, 100, 100, 100, 100, 100, 100, 100, 100, 100, 100, 100, 100, 100, 100, 100, 100], "score": [53.143276145916225, 27.184842731955648, -70.30294107419276, -162.9281493337432, -243.89327060893135, -500.59143605547655, 0, 0, 0, 0, 0, 0, 0, 0, 0, 0, 0, 0, 0, 0, 0, 0, 0, 0], "name": "(-149) Circle10|Special(1.06/0.69/0.57/1.27/0.62)+LNoise"}