{"loss": [53.418, 46.1914, 46.6797, 45.6055, 47.2656, 40.8203, 0, 0, 0, 0, 0, 0, 0, 0, 0, 0, 0, 0, 0, 0, 0, 0, 0, 0], "time": [0.363217, 0.443238, 0.460695, 0.566766, 0.563169, 0.926049, 100, 100, 100, 100, 100, 100, 100, 100, 100, 100, 100, 100, 100, 100, 100, 100, 100, 100], "score": [-1659.4548451793414, -1353.9222620206633, -1411.1073932080415, -1490.516313598507, -1601.47920516884, -1507.2700503141132, 0, 0, 0, 0, 0, 0, 0, 0, 0, 0, 0, 0, 0, 0, 0, 0, 0, 0], "name": "(-1503) Circle14Dual(2/3)|Special(1.6/0.6/0.52/1.27/0.81)"}