{"loss": [6.8359, 5.2734, 14.1602, 13.7695, 18.457, 26.8555, 0, 0, 0, 0, 0, 0, 0, 0, 0, 0, 0, 0, 0, 0, 0, 0, 0, 0], "time": [0.263374, 0.373987, 0.514156, 0.618048, 0.67748, 1.082912, 100, 100, 100, 100, 100, 100, 100, 100, 100, 100, 100, 100, 100, 100, 100, 100, 100, 100], "score": [27.3383933586324, 44.14818253214957, -72.07127229665915, -70.43927813145656, -198.08595513227138, -646.4583218277086, 0, 0, 0, 0, 0, 0, 0, 0, 0, 0, 0, 0, 0, 0, 0, 0, 0, 0], "name": "(-152) Circle13(2/3)|Special(1.8/0.19/0.71/1.46/0.45)+LNoise"}