{"loss": [1.2695, 6.0547, 9.082, 16.0156, 21.4844, 28.418, 0, 0, 0, 0, 0, 0, 0, 0, 0, 0, 0, 0, 0, 0, 0, 0, 0, 0], "time": [0.241857, 0.343552, 0.480057, 0.590141, 0.620594, 0.806895, 100, 100, 100, 100, 100, 100, 100, 100, 100, 100, 100, 100, 100, 100, 100, 100, 100, 100], "score": [48.38637593685832, 37.12602628037387, 12.137045389777382, -120.22386654969078, -284.84429004577254, -635.602699431055, 0, 0, 0, 0, 0, 0, 0, 0, 0, 0, 0, 0, 0, 0, 0, 0, 0, 0], "name": "(-157) Circle9(2/3)Dual(1/3)|Star+Noise"}