{"loss": [11.6211, 30.6641, 4.2969, 27.0508, 6.543, 9.4727, 0, 0, 0, 0, 0, 0, 0, 0, 0, 0, 0, 0, 0, 0, 0, 0, 0, 0], "time": [0.411069, 0.46537, 0.401527, 0.518892, 0.55518, 0.815541, 100, 100, 100, 100, 100, 100, 100, 100, 100, 100, 100, 100, 100, 100, 100, 100, 100, 100], "score": [-22.472167044291773, -573.2272809830653, 51.66664284476301, -455.0727573465669, 42.61186628668736, 9.272713554499708, 0, 0, 0, 0, 0, 0, 0, 0, 0, 0, 0, 0, 0, 0, 0, 0, 0, 0], "name": "(-157) SquareDual(1/3)|Special(1.29/0.58/0.07/1.67/0.46)+Noise"}