{"loss": [98.9258, 98.0469, 97.0703, 96.0938, 95.0195, 90.0391, 0, 0, 0, 0, 0, 0, 0, 0, 0, 0, 0, 0, 0, 0, 0, 0, 0, 0], "time": [1.932193, 1.868234, 2.843071, 3.390977, 4.071066, 5.058632, 100, 100, 100, 100, 100, 100, 100, 100, 100, 100, 100, 100, 100, 100, 100, 100, 100, 100], "score": [-13464.300363499078, -13002.953708574829, -15719.289525735958, -16819.93464983416, -18015.344211814674, -18008.95512936792, 0, 0, 0, 0, 0, 0, 0, 0, 0, 0, 0, 0, 0, 0, 0, 0, 0, 0], "name": "(-15838) Square|Special(1.74/0.22/0.14/1.32/0.32)"}