{"loss": [50.8789, 63.0859, 27.832, 20.8984, 32.3242, 50.3906, 0, 0, 0, 0, 0, 0, 0, 0, 0, 0, 0, 0, 0, 0, 0, 0, 0, 0], "time": [0.40814, 0.558841, 0.76139, 0.968097, 1.051116, 1.628571, 100, 100, 100, 100, 100, 100, 100, 100, 100, 100, 100, 100, 100, 100, 100, 100, 100, 100], "score": [-1589.9028130502857, -2900.393442405342, -588.6578511660837, -331.3280251017107, -968.7015308799048, -3112.8127570296, 0, 0, 0, 0, 0, 0, 0, 0, 0, 0, 0, 0, 0, 0, 0, 0, 0, 0], "name": "(-1581) Circle15(1/3)|Special(1.63/0.95/0.95/1.3/0.4)+LNoise"}