{"loss": [11.9141, 27.9297, 38.5742, 50.4883, 59.9609, 70.5078, 0, 0, 0, 0, 0, 0, 0, 0, 0, 0, 0, 0, 0, 0, 0, 0, 0, 0], "time": [0.197535, 0.268884, 0.36253, 0.460209, 0.501949, 0.760471, 100, 100, 100, 100, 100, 100, 100, 100, 100, 100, 100, 100, 100, 100, 100, 100, 100, 100], "score": [-18.642763523365957, -352.64271040336354, -835.7025211320766, -1661.4163309087137, -2476.3694497945094, -4248.060080553863, 0, 0, 0, 0, 0, 0, 0, 0, 0, 0, 0, 0, 0, 0, 0, 0, 0, 0], "name": "(-1598) Circle15(3/4)Dual(2/3)|Special(1.93/0.07/0.09/1.02/0.87)"}