{"loss": [1.4648, 3.5156, 6.25, 6.25, 11.5234, 19.7266, 0, 0, 0, 0, 0, 0, 0, 0, 0, 0, 0, 0, 0, 0, 0, 0, 0, 0], "time": [0.300112, 0.26453, 0.381898, 0.457932, 0.487646, 0.762754, 100, 100, 100, 100, 100, 100, 100, 100, 100, 100, 100, 100, 100, 100, 100, 100, 100, 100], "score": [53.60704469539789, 45.07571177469922, 37.658093121387104, 41.23681643018621, -22.896924980920534, -252.52160581993306, 0, 0, 0, 0, 0, 0, 0, 0, 0, 0, 0, 0, 0, 0, 0, 0, 0, 0], "name": "(-16) Circle13(1/3)|Special(1.63/0.4/0.86/1.48/0.72)+Noise"}