{"loss": [39.3555, 21.7773, 4.4922, 4.6875, 5.7617, 8.3008, 0, 0, 0, 0, 0, 0, 0, 0, 0, 0, 0, 0, 0, 0, 0, 0, 0, 0], "time": [0.391386, 0.47468, 0.401423, 0.502108, 0.553632, 0.57099, 100, 100, 100, 100, 100, 100, 100, 100, 100, 100, 100, 100, 100, 100, 100, 100, 100, 100], "score": [-906.4162466296629, -257.84766253105875, 50.572404941099975, 55.28984763818709, 49.70560262590132, 23.497887782086416, 0, 0, 0, 0, 0, 0, 0, 0, 0, 0, 0, 0, 0, 0, 0, 0, 0, 0], "name": "(-164) SquareDual(2/3)|Special(1.06/0.97/0.13/1.82/0.61)+Noise"}