{"loss": [39.3555, 27.5391, 31.25, 38.0859, 41.2109, 64.5508, 0, 0, 0, 0, 0, 0, 0, 0, 0, 0, 0, 0, 0, 0, 0, 0, 0, 0], "time": [0.347869, 0.506309, 0.754928, 0.850789, 0.965591, 1.533884, 100, 100, 100, 100, 100, 100, 100, 100, 100, 100, 100, 100, 100, 100, 100, 100, 100, 100], "score": [-854.5409954188472, -468.4885532949071, -761.6152895891321, -1245.7102192986667, -1570.5989585573116, -5036.741832519282, 0, 0, 0, 0, 0, 0, 0, 0, 0, 0, 0, 0, 0, 0, 0, 0, 0, 0], "name": "(-1656) SquareDual(1/3)|Special(1.06/0.89/0.05/1.68/0.43)+Noise"}