{"loss": [7.9005, 7.1289, 19.7266, 17.8711, 24.2188, 19.3359, 0, 0, 0, 0, 0, 0, 0, 0, 0, 0, 0, 0, 0, 0, 0, 0, 0, 0], "time": [0.282569, 0.426877, 0.588441, 0.679903, 0.619651, 0.921158, 100, 100, 100, 100, 100, 100, 100, 100, 100, 100, 100, 100, 100, 100, 100, 100, 100, 100], "score": [19.97759930994325, 32.13136466052126, -221.79806752137782, -180.88935836388794, -383.00222629193433, -262.85889132188703, 0, 0, 0, 0, 0, 0, 0, 0, 0, 0, 0, 0, 0, 0, 0, 0, 0, 0], "name": "(-166) Square|Special(1.17/0.77/0.72/1.54/0.99)+LNoise"}