{"loss": [1.1719, 6.0547, 11.0352, 16.0156, 21.9727, 27.9297, 0, 0, 0, 0, 0, 0, 0, 0, 0, 0, 0, 0, 0, 0, 0, 0, 0, 0], "time": [0.244965, 0.337522, 0.469438, 0.590781, 0.643292, 0.995342, 100, 100, 100, 100, 100, 100, 100, 100, 100, 100, 100, 100, 100, 100, 100, 100, 100, 100], "score": [48.81421420433002, 36.798767244708735, -14.919697913836165, -120.28903947015262, -307.02623607561236, -678.4824146521063, 0, 0, 0, 0, 0, 0, 0, 0, 0, 0, 0, 0, 0, 0, 0, 0, 0, 0], "name": "(-172) Circle9(2/3)Dual(1/4)|Factor3+Noise"}