{"loss": [21.8748, 29.1016, 28.5156, 39.0625, 50.7812, 72.0703, 0, 0, 0, 0, 0, 0, 0, 0, 0, 0, 0, 0, 0, 0, 0, 0, 0, 0], "time": [0.394515, 0.450828, 0.715274, 0.867352, 0.937304, 1.376424, 100, 100, 100, 100, 100, 100, 100, 100, 100, 100, 100, 100, 100, 100, 100, 100, 100, 100], "score": [-237.74179227335327, -501.4985893696242, -603.1296473838769, -1327.9457594819005, -2399.769371960579, -5976.48706202747, 0, 0, 0, 0, 0, 0, 0, 0, 0, 0, 0, 0, 0, 0, 0, 0, 0, 0], "name": "(-1841) SquareDual|Special(1.36/0.44/0.15/1.27/0.29)+LNoise"}