{"loss": [36.4258, 36.2305, 41.1133, 59.5703, 38.8672, 54.8828, 0, 0, 0, 0, 0, 0, 0, 0, 0, 0, 0, 0, 0, 0, 0, 0, 0, 0], "time": [0.459868, 0.642358, 0.874675, 0.998206, 0.739364, 1.190885, 100, 100, 100, 100, 100, 100, 100, 100, 100, 100, 100, 100, 100, 100, 100, 100, 100, 100], "score": [-831.9632350842475, -971.9048027562023, -1487.3163575982007, -3445.525840732552, -1212.9733718098878, -3177.930816756001, 0, 0, 0, 0, 0, 0, 0, 0, 0, 0, 0, 0, 0, 0, 0, 0, 0, 0], "name": "(-1854) Square|Special(1.31/0.22/0.79/1.16/0.66)"}