{"loss": [43.1641, 41.5039, 58.7891, 61.9141, 40.4297, 48.0469, 0, 0, 0, 0, 0, 0, 0, 0, 0, 0, 0, 0, 0, 0, 0, 0, 0, 0], "time": [0.339844, 0.461575, 0.630496, 0.787133, 0.553368, 0.859438, 100, 100, 100, 100, 100, 100, 100, 100, 100, 100, 100, 100, 100, 100, 100, 100, 100, 100], "score": [-1027.842297350183, -1102.3654050699834, -2664.9164773460216, -3312.252519638006, -1141.539847720271, -2047.413601685395, 0, 0, 0, 0, 0, 0, 0, 0, 0, 0, 0, 0, 0, 0, 0, 0, 0, 0], "name": "(-1882) Circle14(2/3)|Special(1.71/0.52/0.28/1.45/0.97)"}