{"loss": [85.0586, 64.8438, 51.7578, 51.9531, 30.1758, 22.168, 0, 0, 0, 0, 0, 0, 0, 0, 0, 0, 0, 0, 0, 0, 0, 0, 0, 0], "time": [0.327054, 0.434762, 0.425085, 0.548483, 0.592114, 0.707168, 100, 100, 100, 100, 100, 100, 100, 100, 100, 100, 100, 100, 100, 100, 100, 100, 100, 100], "score": [-4080.389356144592, -2706.5070142231098, -1681.3855732900233, -1924.9022730283566, -623.7319090871288, -329.15811096896215, 0, 0, 0, 0, 0, 0, 0, 0, 0, 0, 0, 0, 0, 0, 0, 0, 0, 0], "name": "(-1891) Circle14(1/3)Dual(1/3)|Special(1.46/0.91/0.95/1.03/0.96)"}