{"loss": [11.4258, 12.8906, 8.8867, 6.8359, 7.9102, 10.8398, 41.6016, 0, 0, 0, 0, 0, 0, 0, 0, 0, 0, 0, 0, 0, 0, 0, 0, 0], "time": [0.164892, 0.226698, 0.313666, 0.386243, 0.41655, 0.514043, 0.673859, 100, 100, 100, 100, 100, 100, 100, 100, 100, 100, 100, 100, 100, 100, 100, 100, 100], "score": [-12.404962332010587, -31.504240855514656, 11.776114341739822, 33.10677284913283, 24.15676251665221, -12.547844896766808, -1338.6182946783622, 0, 0, 0, 0, 0, 0, 0, 0, 0, 0, 0, 0, 0, 0, 0, 0, 0], "name": "(-189) Circle14|Star"}