{"loss": [24.9023, 14.6484, 4.0039, 4.4922, 5.4688, 7.9102, 0, 0, 0, 0, 0, 0, 0, 0, 0, 0, 0, 0, 0, 0, 0, 0, 0, 0], "time": [0.203176, 0.256297, 0.335511, 0.412267, 0.452916, 0.671735, 100, 100, 100, 100, 100, 100, 100, 100, 100, 100, 100, 100, 100, 100, 100, 100, 100, 100], "score": [-234.4463912069562, -58.004807130345796, 48.63750066703872, 51.2509319581343, 47.17139150200949, 30.676382836892273, 0, 0, 0, 0, 0, 0, 0, 0, 0, 0, 0, 0, 0, 0, 0, 0, 0, 0], "name": "(-19) SquareDual|Special(1.24/0.44/0.99/1.77/0.65)"}