{"loss": [53.125, 51.6602, 74.1211, 5.1758, 5.2734, 8.6914, 0, 0, 0, 0, 0, 0, 0, 0, 0, 0, 0, 0, 0, 0, 0, 0, 0, 0], "time": [0.870301, 1.017914, 1.434935, 1.011392, 1.072391, 1.567505, 100, 100, 100, 100, 100, 100, 100, 100, 100, 100, 100, 100, 100, 100, 100, 100, 100, 100], "score": [-2539.5995443237357, -2591.682662096436, -6461.331475152451, 73.62692382491855, 74.7585994673028, 30.623386450275742, 0, 0, 0, 0, 0, 0, 0, 0, 0, 0, 0, 0, 0, 0, 0, 0, 0, 0], "name": "(-1902) Square|Special(1.24/0.18/0.89/1.98/0.57)"}