{"loss": [4.8828, 9.7656, 18.8477, 15.4297, 26.2695, 25.7812, 0, 0, 0, 0, 0, 0, 0, 0, 0, 0, 0, 0, 0, 0, 0, 0, 0, 0], "time": [0.217486, 0.312281, 0.428845, 0.528801, 0.554054, 0.717035, 100, 100, 100, 100, 100, 100, 100, 100, 100, 100, 100, 100, 100, 100, 100, 100, 100, 100], "score": [35.51670677066915, 2.5890497175361347, -167.1443716683699, -100.40681830830276, -439.2298248129037, -478.1510378885509, 0, 0, 0, 0, 0, 0, 0, 0, 0, 0, 0, 0, 0, 0, 0, 0, 0, 0], "name": "(-191) Circle10(1/4)Dual(1/4)|Star+LNoise"}