{"loss": [1.3672, 1.8555, 3.0273, 5.1758, 7.1289, 41.3086, 0, 0, 0, 0, 0, 0, 0, 0, 0, 0, 0, 0, 0, 0, 0, 0, 0, 0], "time": [0.195996, 0.264261, 0.41597, 0.515861, 0.546785, 0.751632, 100, 100, 100, 100, 100, 100, 100, 100, 100, 100, 100, 100, 100, 100, 100, 100, 100, 100], "score": [43.44389794711229, 49.63646444138124, 58.58499533047666, 52.582744098703486, 36.36520910009422, -1392.6963696916334, 0, 0, 0, 0, 0, 0, 0, 0, 0, 0, 0, 0, 0, 0, 0, 0, 0, 0], "name": "(-192) Square|Special(1.1/0.25/0.6/1.31/0.84)+Noise"}