{"loss": [59.4727, 55.1758, 56.3477, 56.3477, 54.5898, 48.8281, 0, 0, 0, 0, 0, 0, 0, 0, 0, 0, 0, 0, 0, 0, 0, 0, 0, 0], "time": [0.223106, 0.307765, 0.421053, 0.523379, 0.562968, 0.859587, 100, 100, 100, 100, 100, 100, 100, 100, 100, 100, 100, 100, 100, 100, 100, 100, 100, 100], "score": [-1623.4369092867003, -1633.4349250369812, -1995.3654242877587, -2224.652622914229, -2160.933085638609, -2117.755804936031, 0, 0, 0, 0, 0, 0, 0, 0, 0, 0, 0, 0, 0, 0, 0, 0, 0, 0], "name": "(-1959) Circle11Dual|Default"}