{"loss": [1.4648, 4.1992, 4.2969, 5.5664, 7.5195, 10.3516, 1.3672, 2.7832, 3.5889, 4.3945, 5.0781, 7.7393, 1.6819, 2.5825, 3.635, 4.1341, 5.4905, 8.2031, 1.7395, 4.657, 11.3037, 16.8762, 22.9065, 43.7805], "time": [0.214737, 0.291665, 0.401438, 0.496058, 0.544905, 0.84257, 0.545272, 0.898726, 1.153958, 1.072477, 1.451466, 2.243447, 0.652325, 1.175824, 1.458962, 1.829432, 2.25381, 4.319447, 0.859165, 1.589004, 2.329603, 3.293153, 3.913063, 7.41773], "score": [45.34544057547744, 44.48298543443543, 51.66091647262507, 48.608354944074854, 32.07903794578277, -6.568261283379357, 72.46224403522719, 87.45767072538821, 93.58620893878411, 83.56125126067457, 89.40932961525809, 60.06719055616684, 78.48192247119995, 101.203528420156, 104.8275752917907, 112.14010292043443, 104.8702922010872, 67.9803409431493, 89.88644905969234, 98.71718378490232, -42.3910000032994, -335.36853869315064, -840.1340720789102, -4947.962729709009], "name": "(-196) SquareDual(1/4)|Special(1.63/0.15/0.93/1.61/0.58)+Noise"}