{"loss": [11.9141, 15.5273, 14.4531, 16.3086, 25.293, 27.5391, 0, 0, 0, 0, 0, 0, 0, 0, 0, 0, 0, 0, 0, 0, 0, 0, 0, 0], "time": [0.183996, 0.259171, 0.354617, 0.453561, 0.479239, 0.747459, 100, 100, 100, 100, 100, 100, 100, 100, 100, 100, 100, 100, 100, 100, 100, 100, 100, 100], "score": [-17.9925390215614, -71.83086916797407, -64.8449481723859, -111.77600454299099, -373.6434223444658, -569.2261565972676, 0, 0, 0, 0, 0, 0, 0, 0, 0, 0, 0, 0, 0, 0, 0, 0, 0, 0], "name": "(-201) Circle10Dual|Default+LNoise"}