{"loss": [69.8242, 52.832, 49.6094, 46.4844, 42.4805, 42.9688, 0, 0, 0, 0, 0, 0, 0, 0, 0, 0, 0, 0, 0, 0, 0, 0, 0, 0], "time": [0.364773, 0.501035, 0.717484, 0.847047, 0.90625, 1.441619, 100, 100, 100, 100, 100, 100, 100, 100, 100, 100, 100, 100, 100, 100, 100, 100, 100, 100], "score": [-2884.183028059439, -1904.9486362229466, -1999.94993746391, -1896.6599892671709, -1622.724076731881, -2096.759034060327, 0, 0, 0, 0, 0, 0, 0, 0, 0, 0, 0, 0, 0, 0, 0, 0, 0, 0], "name": "(-2067) Circle12(1/3)Dual(1/3)|Special(1.05/0.52/0.2/1.31/0.66)"}