{"loss": [2.9297, 6.3477, 10.1562, 19.5313, 22.0703, 31.3477, 0, 0, 0, 0, 0, 0, 0, 0, 0, 0, 0, 0, 0, 0, 0, 0, 0, 0], "time": [0.219443, 0.310389, 0.440316, 0.523511, 0.579253, 0.892605, 100, 100, 100, 100, 100, 100, 100, 100, 100, 100, 100, 100, 100, 100, 100, 100, 100, 100], "score": [42.82399266633393, 33.26413721276839, -2.0891610581050144, -203.65618803540596, -294.61525646126165, -833.9348152483481, 0, 0, 0, 0, 0, 0, 0, 0, 0, 0, 0, 0, 0, 0, 0, 0, 0, 0], "name": "(-209) Circle9(1/4)Dual(1/3)|Default+Noise"}