{"loss": [0.8789, 2.2461, 4.7852, 4.1016, 4.4922, 19.2383, 1.5869, 2.8809, 5.8105, 7.9102, 13.0859, 46.8994, 0, 0, 0, 0, 0, 0, 0, 0, 0, 0, 0, 0], "time": [0.202121, 0.250389, 0.347018, 0.349365, 0.372655, 0.585207, 0.5, 0.776318, 1.090839, 1.006902, 1.36829, 1.720029, 100, 100, 100, 100, 100, 100, 100, 100, 100, 100, 100, 100], "score": [44.6105852681183, 47.514440546010476, 45.419344456719855, 49.16344525881753, 48.72658297836268, -206.63264515598047, 68.93000532848983, 80.79623617808382, 69.18120583864138, 37.557680416731486, -83.33313782419872, -2753.562102821407, 0, 0, 0, 0, 0, 0, 0, 0, 0, 0, 0, 0], "name": "(-212) Circle12(3/4)|Special(1.37/0.59/0.8/1.08/0.9)"}