{"loss": [41.6016, 28.418, 8.6914, 6.1523, 7.9102, 10.1562, 0, 0, 0, 0, 0, 0, 0, 0, 0, 0, 0, 0, 0, 0, 0, 0, 0, 0], "time": [0.319653, 0.435805, 0.596975, 0.739708, 0.783501, 0.913443, 100, 100, 100, 100, 100, 100, 100, 100, 100, 100, 100, 100, 100, 100, 100, 100, 100, 100], "score": [-921.9590504180904, -467.1144746553218, 18.898477574852578, 53.452218300072474, 33.130267155792716, -3.009056999745677, 0, 0, 0, 0, 0, 0, 0, 0, 0, 0, 0, 0, 0, 0, 0, 0, 0, 0], "name": "(-214) Circle14(1/4)Dual|Special(1.05/0.57/0.38/1.39/0.71)"}