{"loss": [1.5625, 3.5156, 8.0078, 11.7187, 15.7227, 37.207, 0, 0, 0, 0, 0, 0, 0, 0, 0, 0, 0, 0, 0, 0, 0, 0, 0, 0], "time": [0.238959, 0.32901, 0.460328, 0.574227, 0.619869, 0.975772, 100, 100, 100, 100, 100, 100, 100, 100, 100, 100, 100, 100, 100, 100, 100, 100, 100, 100], "score": [47.689989593334346, 50.270091575401956, 24.34037643268292, -28.28627165659165, -115.89574485414366, -1268.7067031418742, 0, 0, 0, 0, 0, 0, 0, 0, 0, 0, 0, 0, 0, 0, 0, 0, 0, 0], "name": "(-215) Circle15(3/4)|Special(1.14/0.05/0.78/1.62/0.43)+Noise"}