{"loss": [16.9922, 41.6992, 20.3125, 64.2578, 70.0195, 49.4141, 0, 0, 0, 0, 0, 0, 0, 0, 0, 0, 0, 0, 0, 0, 0, 0, 0, 0], "time": [0.427281, 0.528833, 0.791266, 0.961513, 0.978701, 1.667381, 100, 100, 100, 100, 100, 100, 100, 100, 100, 100, 100, 100, 100, 100, 100, 100, 100, 100], "score": [-123.36981569460282, -1191.7671183256587, -278.06541119410366, -3950.7708344003195, -4751.3084202828695, -3023.838283568774, 0, 0, 0, 0, 0, 0, 0, 0, 0, 0, 0, 0, 0, 0, 0, 0, 0, 0], "name": "(-2219) Square|Special(1.84/0.65/0.84/1.26/0.52)+Noise"}