{"loss": [4.7852, 10.3516, 13.3789, 20.7031, 23.8281, 32.0312, 0, 0, 0, 0, 0, 0, 0, 0, 0, 0, 0, 0, 0, 0, 0, 0, 0, 0], "time": [0.186065, 0.259556, 0.356307, 0.457104, 0.480032, 0.748116, 100, 100, 100, 100, 100, 100, 100, 100, 100, 100, 100, 100, 100, 100, 100, 100, 100, 100], "score": [33.25808233366334, -3.6455491760107672, -47.15324543386831, -222.17711395445687, -324.0971499802956, -800.929728688298, 0, 0, 0, 0, 0, 0, 0, 0, 0, 0, 0, 0, 0, 0, 0, 0, 0, 0], "name": "(-227) Circle13(1/3)Dual(1/4)|Default+Noise"}