{"loss": [5.2734, 10.7422, 18.9292, 18.9453, 26.8555, 26.3672, 0, 0, 0, 0, 0, 0, 0, 0, 0, 0, 0, 0, 0, 0, 0, 0, 0, 0], "time": [0.229776, 0.311636, 0.420054, 0.530496, 0.567525, 0.912171, 100, 100, 100, 100, 100, 100, 100, 100, 100, 100, 100, 100, 100, 100, 100, 100, 100, 100], "score": [34.6048450423459, -8.594083682093299, -167.4177638457758, -188.5879857976367, -467.9898629859686, -568.4894176045622, 0, 0, 0, 0, 0, 0, 0, 0, 0, 0, 0, 0, 0, 0, 0, 0, 0, 0], "name": "(-227) Circle11(1/4)Dual(1/4)|Factor3+LNoise"}