{"loss": [5.2734, 11.0352, 20.3125, 17.5781, 27.1484, 26.4648, 0, 0, 0, 0, 0, 0, 0, 0, 0, 0, 0, 0, 0, 0, 0, 0, 0, 0], "time": [0.242777, 0.291906, 0.425554, 0.524922, 0.559089, 0.880768, 100, 100, 100, 100, 100, 100, 100, 100, 100, 100, 100, 100, 100, 100, 100, 100, 100, 100], "score": [35.57036704979056, -11.765013228232345, -203.9215183000117, -151.41610189239663, -476.32589512394753, -563.4573641516873, 0, 0, 0, 0, 0, 0, 0, 0, 0, 0, 0, 0, 0, 0, 0, 0, 0, 0], "name": "(-228) Circle10(1/4)Dual(1/4)|Factor3+LNoise"}