{"loss": [8.913, 14.2578, 20.1172, 15.625, 29.0039, 26.5625, 0, 0, 0, 0, 0, 0, 0, 0, 0, 0, 0, 0, 0, 0, 0, 0, 0, 0], "time": [0.189072, 0.260329, 0.361879, 0.456539, 0.487347, 0.757576, 100, 100, 100, 100, 100, 100, 100, 100, 100, 100, 100, 100, 100, 100, 100, 100, 100, 100], "score": [8.939301305666227, -52.69846239054255, -183.29753269307372, -97.39246152417064, -517.4518205462373, -527.0779869600369, 0, 0, 0, 0, 0, 0, 0, 0, 0, 0, 0, 0, 0, 0, 0, 0, 0, 0], "name": "(-228) Circle16(1/4)Dual(1/4)|Factor3+LNoise"}