{"loss": [13.3789, 13.1836, 18.1641, 24.6094, 29.1016, 24.2188, 0, 0, 0, 0, 0, 0, 0, 0, 0, 0, 0, 0, 0, 0, 0, 0, 0, 0], "time": [0.250989, 0.232921, 0.302482, 0.387003, 0.412592, 0.642857, 100, 100, 100, 100, 100, 100, 100, 100, 100, 100, 100, 100, 100, 100, 100, 100, 100, 100], "score": [-39.57553151141489, -35.62080206057998, -126.4602282245094, -314.5456012333912, -479.76070779121534, -390.10804765186646, 0, 0, 0, 0, 0, 0, 0, 0, 0, 0, 0, 0, 0, 0, 0, 0, 0, 0], "name": "(-231) Circle14(3/4)|Special(1.82/0.23/0.05/1.22/0.67)"}