{"loss": [2.2461, 4.6875, 7.9102, 11.8164, 11.5234, 18.6523, 0, 0, 0, 0, 0, 0, 0, 0, 0, 0, 0, 0, 0, 0, 0, 0, 0, 0], "time": [0.180976, 0.235425, 0.326717, 0.414931, 0.450775, 0.651938, 100, 100, 100, 100, 100, 100, 100, 100, 100, 100, 100, 100, 100, 100, 100, 100, 100, 100], "score": [40.3950815988707, 37.859346412588074, 21.393952474969332, -25.525985741322984, -22.01429283381849, -200.1677958243159, 0, 0, 0, 0, 0, 0, 0, 0, 0, 0, 0, 0, 0, 0, 0, 0, 0, 0], "name": "(-24) Circle12(1/4)Dual(1/4)|Default+Noise"}