{"loss": [14.8438, 17.2852, 12.0117, 7.3242, 8.4961, 11.2305, 0, 0, 0, 0, 0, 0, 0, 0, 0, 0, 0, 0, 0, 0, 0, 0, 0, 0], "time": [0.189835, 0.238193, 0.327375, 0.429431, 0.442663, 0.538223, 100, 100, 100, 100, 100, 100, 100, 100, 100, 100, 100, 100, 100, 100, 100, 100, 100, 100], "score": [-52.431510630124365, -97.01371097840266, -25.336087880953745, 30.377605259073857, 18.50698766914559, -19.16562413280707, 0, 0, 0, 0, 0, 0, 0, 0, 0, 0, 0, 0, 0, 0, 0, 0, 0, 0], "name": "(-24) Circle13(3/4)|Star"}