{"loss": [7.6172, 33.3008, 35.0586, 38.0175, 55.6641, 68.3594, 0, 0, 0, 0, 0, 0, 0, 0, 0, 0, 0, 0, 0, 0, 0, 0, 0, 0], "time": [0.550827, 0.904896, 1.136115, 1.39742, 1.498331, 2.411304, 100, 100, 100, 100, 100, 100, 100, 100, 100, 100, 100, 100, 100, 100, 100, 100, 100, 100], "score": [31.15531066259952, -959.7676038453056, -1203.4987524331057, -1590.3488638998947, -3670.3440938533126, -7101.137196122098, 0, 0, 0, 0, 0, 0, 0, 0, 0, 0, 0, 0, 0, 0, 0, 0, 0, 0], "name": "(-2415) Square|Special(1.83/0.74/0.69/1.35/0.38)+LNoise"}