{"loss": [10.2539, 27.5391, 2.9297, 6.7383, 40.1367, 8.4961, 0, 0, 0, 0, 0, 0, 0, 0, 0, 0, 0, 0, 0, 0, 0, 0, 0, 0], "time": [0.41708, 0.520775, 0.408335, 0.505907, 0.560535, 0.836031, 100, 100, 100, 100, 100, 100, 100, 100, 100, 100, 100, 100, 100, 100, 100, 100, 100, 100], "score": [-3.3210930570690183, -475.13412596426804, 58.416373632534274, 38.83208461809744, -1131.2349328688279, 25.433745121669656, 0, 0, 0, 0, 0, 0, 0, 0, 0, 0, 0, 0, 0, 0, 0, 0, 0, 0], "name": "(-247) SquareDual|Special(1.18/0.86/0.92/1.0/0.54)+Noise"}