{"loss": [75.4883, 39.9414, 41.7969, 44.4336, 55.4688, 60.5469, 0, 0, 0, 0, 0, 0, 0, 0, 0, 0, 0, 0, 0, 0, 0, 0, 0, 0], "time": [0.389474, 0.509671, 0.697201, 0.868792, 0.936015, 1.454167, 100, 100, 100, 100, 100, 100, 100, 100, 100, 100, 100, 100, 100, 100, 100, 100, 100, 100], "score": [-3493.893261461798, -1067.5243193654212, -1375.2053400347977, -1747.0582861479913, -2879.978711449978, -4300.110371206428, 0, 0, 0, 0, 0, 0, 0, 0, 0, 0, 0, 0, 0, 0, 0, 0, 0, 0], "name": "(-2477) Circle12|Special(1.01/0.39/0.86/1.05/0.47)"}