{"loss": [50.1953, 65.5273, 54.8828, 52.3438, 52.5391, 46.6797, 0, 0, 0, 0, 0, 0, 0, 0, 0, 0, 0, 0, 0, 0, 0, 0, 0, 0], "time": [0.524345, 0.720527, 0.63525, 0.815296, 0.864251, 1.377742, 100, 100, 100, 100, 100, 100, 100, 100, 100, 100, 100, 100, 100, 100, 100, 100, 100, 100], "score": [-1752.049706463158, -3559.882354717053, -2321.0359262653533, -2383.6404982655185, -2473.203598230037, -2440.2665498065517, 0, 0, 0, 0, 0, 0, 0, 0, 0, 0, 0, 0, 0, 0, 0, 0, 0, 0], "name": "(-2488) Circle15(1/4)Dual(1/3)|Special(1.83/0.63/0.51/1.86/0.99)+Noise"}