{"loss": [40.7227, 17.6758, 10.2539, 6.8359, 23.3398, 20.8008, 0, 0, 0, 0, 0, 0, 0, 0, 0, 0, 0, 0, 0, 0, 0, 0, 0, 0], "time": [0.233176, 0.320967, 0.440026, 0.540471, 0.573346, 0.917866, 100, 100, 100, 100, 100, 100, 100, 100, 100, 100, 100, 100, 100, 100, 100, 100, 100, 100], "score": [-752.4950844549638, -120.3521977356181, -3.4112263015704305, 39.16270996030502, -336.76015604604055, -318.71871252528126, 0, 0, 0, 0, 0, 0, 0, 0, 0, 0, 0, 0, 0, 0, 0, 0, 0, 0], "name": "(-248) Circle13|Special(1.28/0.47/0.75/1.55/0.92)"}