{"loss": [1.2695, 2.7344, 5.1758, 5.957, 8.3984, 17.3828, 1.2695, 3.1982, 4.4434, 6.9092, 8.667, 17.8955, 2.0182, 2.398, 3.9497, 5.1215, 6.9661, 14.171, 1.6113, 3.5034, 5.3894, 9.2651, 12.2681, 22.7356], "time": [0.177612, 0.225642, 0.312093, 0.38942, 0.417736, 0.639548, 0.602663, 0.964646, 1.29225, 1.232648, 1.640563, 2.464132, 0.634537, 1.126425, 1.41935, 1.773222, 2.19498, 4.348008, 0.859145, 1.575697, 2.323621, 2.984875, 3.882294, 7.180799], "score": [41.46483264770235, 43.950107548564326, 40.89958606940528, 40.2591046971222, 19.04517943318211, -161.67226789445658, 76.3802418411661, 88.1703463706132, 91.23297646603038, 58.02477996117094, 31.871399430363688, -345.7369307961295, 76.41326276184589, 100.0300849493636, 100.55103106505103, 98.23420585060035, 76.2603103108251, -210.222877064247, 90.28357397450374, 110.11985083955433, 108.158780094304, 24.460345624178487, -99.51523476727733, -1117.187585001081], "name": "(-25) Circle14(1/4)Dual(2/3)|Default+Noise"}