{"loss": [2.2461, 4.6875, 7.9102, 11.8164, 11.5234, 18.6523, 0, 0, 0, 0, 0, 0, 0, 0, 0, 0, 0, 0, 0, 0, 0, 0, 0, 0], "time": [0.170468, 0.236306, 0.32999, 0.416129, 0.43414, 0.689689, 100, 100, 100, 100, 100, 100, 100, 100, 100, 100, 100, 100, 100, 100, 100, 100, 100, 100], "score": [39.20481692438674, 37.9301182895951, 21.50084607249597, -25.562808839356585, -21.604276608104616, -205.88168248332843, 0, 0, 0, 0, 0, 0, 0, 0, 0, 0, 0, 0, 0, 0, 0, 0, 0, 0], "name": "(-25) Circle13(1/4)Dual(1/4)|Default+Noise"}