{"loss": [64.5508, 66.4062, 63.6719, 62.5, 57.5195, 54.5898, 0, 0, 0, 0, 0, 0, 0, 0, 0, 0, 0, 0, 0, 0, 0, 0, 0, 0], "time": [0.27052, 0.375293, 0.50056, 0.605129, 0.488215, 0.776471, 100, 100, 100, 100, 100, 100, 100, 100, 100, 100, 100, 100, 100, 100, 100, 100, 100, 100], "score": [-2115.208200703784, -2640.223400264216, -2797.5439051718063, -2960.8833184290734, -2241.850455375437, -2537.8274131094586, 0, 0, 0, 0, 0, 0, 0, 0, 0, 0, 0, 0, 0, 0, 0, 0, 0, 0], "name": "(-2548) Square|Special(1.12/0.32/0.16/1.06/0.95)"}