{"loss": [11.6211, 26.5625, 39.1602, 4.3945, 6.543, 8.4961, 0, 0, 0, 0, 0, 0, 0, 0, 0, 0, 0, 0, 0, 0, 0, 0, 0, 0], "time": [0.343978, 0.512131, 0.709149, 0.502825, 0.525184, 0.842375, 100, 100, 100, 100, 100, 100, 100, 100, 100, 100, 100, 100, 100, 100, 100, 100, 100, 100], "score": [-20.556677602645173, -433.36347718271566, -1207.1823770861781, 57.21624758945517, 41.44473743513725, 25.53006137148518, 0, 0, 0, 0, 0, 0, 0, 0, 0, 0, 0, 0, 0, 0, 0, 0, 0, 0], "name": "(-256) SquareDual(1/3)|Special(1.02/0.71/0.01/1.57/0.48)+Noise"}