{"loss": [9.082, 31.9336, 43.457, 55.6641, 67.1875, 76.1719, 0, 0, 0, 0, 0, 0, 0, 0, 0, 0, 0, 0, 0, 0, 0, 0, 0, 0], "time": [0.336386, 0.454036, 0.621985, 0.805676, 0.860711, 1.355416, 100, 100, 100, 100, 100, 100, 100, 100, 100, 100, 100, 100, 100, 100, 100, 100, 100, 100], "score": [10.159808662400318, -619.7509650395073, -1410.5274247182722, -2691.4301430484747, -4095.2155255797925, -6638.585874744089, 0, 0, 0, 0, 0, 0, 0, 0, 0, 0, 0, 0, 0, 0, 0, 0, 0, 0], "name": "(-2574) Circle9(1/4)|Special(1.9/0.07/0.41/1.15/0.46)+Noise"}