{"loss": [1.2695, 2.832, 3.125, 4.4922, 5.6641, 10.9375, 1.5381, 3.1982, 5.5908, 7.6172, 11.8408, 24.4141, 0, 0, 0, 0, 0, 0, 0, 0, 0, 0, 0, 0], "time": [0.186818, 0.260064, 0.365379, 0.451102, 0.483514, 0.620133, 0.802867, 1.058129, 1.4233, 1.334637, 1.7525, 2.652481, 100, 100, 100, 100, 100, 100, 100, 100, 100, 100, 100, 100], "score": [42.52586182676081, 46.90643930262666, 54.54360088434225, 53.6104999004029, 47.226877377398665, -15.45747390911449, 87.48306516658644, 92.34382754459118, 82.01181509037976, 48.49601534370152, -53.22358951176011, -807.8860105458789, 0, 0, 0, 0, 0, 0, 0, 0, 0, 0, 0, 0], "name": "(-26) Circle9|Star+Noise"}