{"loss": [1.2695, 2.832, 3.125, 4.4922, 5.6641, 10.9375, 1.5381, 3.1982, 5.5908, 7.6172, 11.8408, 24.4141, 0, 0, 0, 0, 0, 0, 0, 0, 0, 0, 0, 0], "time": [0.209624, 0.259898, 0.3544, 0.452652, 0.490458, 0.623677, 0.797494, 1.053259, 1.39749, 1.326274, 1.797927, 2.65374, 100, 100, 100, 100, 100, 100, 100, 100, 100, 100, 100, 100], "score": [45.046833311827754, 46.8914666192577, 53.717880801214015, 53.70252456100326, 47.5647935226089, -15.50157996615893, 87.18984376702782, 92.13107792573048, 81.26481548345231, 48.3438355689655, -53.9089874609348, -808.0777193311471, 0, 0, 0, 0, 0, 0, 0, 0, 0, 0, 0, 0], "name": "(-26) Circle9(1/4)|Star+Noise"}