{"loss": [38.6718, 57.1286, 57.9102, 59.7163, 55.7617, 45.4102, 0, 0, 0, 0, 0, 0, 0, 0, 0, 0, 0, 0, 0, 0, 0, 0, 0, 0], "time": [0.569123, 0.650673, 0.990132, 1.173485, 0.888219, 1.316095, 100, 100, 100, 100, 100, 100, 100, 100, 100, 100, 100, 100, 100, 100, 100, 100, 100, 100], "score": [-1052.774688813499, -2551.9579946183853, -3237.4982448350465, -3754.6711129796413, -2836.1892772328147, -2250.9285882172153, 0, 0, 0, 0, 0, 0, 0, 0, 0, 0, 0, 0, 0, 0, 0, 0, 0, 0], "name": "(-2614) Circle16(1/4)Dual(1/3)|Special(1.84/0.86/0.85/1.62/0.51)+LNoise"}