{"loss": [53.3203, 56.0547, 54.2969, 64.4531, 65.7227, 35.4492, 0, 0, 0, 0, 0, 0, 0, 0, 0, 0, 0, 0, 0, 0, 0, 0, 0, 0], "time": [0.415139, 0.527126, 0.766286, 0.94404, 0.992794, 1.009815, 100, 100, 100, 100, 100, 100, 100, 100, 100, 100, 100, 100, 100, 100, 100, 100, 100, 100], "score": [-1767.3850894594186, -2208.690692694845, -2493.209737022367, -3939.1325270239026, -4204.243046105984, -1162.3081596722066, 0, 0, 0, 0, 0, 0, 0, 0, 0, 0, 0, 0, 0, 0, 0, 0, 0, 0], "name": "(-2629) Circle11(2/3)|Special(1.46/0.71/0.4/1.23/0.59)"}