{"loss": [5.6641, 11.7187, 14.5508, 15.918, 29.6875, 32.5195, 0, 0, 0, 0, 0, 0, 0, 0, 0, 0, 0, 0, 0, 0, 0, 0, 0, 0], "time": [0.222257, 0.314731, 0.423125, 0.523438, 0.564378, 0.738482, 100, 100, 100, 100, 100, 100, 100, 100, 100, 100, 100, 100, 100, 100, 100, 100, 100, 100], "score": [32.01934388153346, -20.941301244442744, -72.67545188353226, -110.97089029658973, -586.9881743029312, -822.842755010652, 0, 0, 0, 0, 0, 0, 0, 0, 0, 0, 0, 0, 0, 0, 0, 0, 0, 0], "name": "(-263) Circle11Dual|Star+LNoise"}