{"loss": [2.832, 22.7539, 11.7187, 48.0469, 5.3711, 8.3008, 0, 0, 0, 0, 0, 0, 0, 0, 0, 0, 0, 0, 0, 0, 0, 0, 0, 0], "time": [0.210621, 0.286593, 0.401217, 0.486047, 0.39626, 0.612583, 100, 100, 100, 100, 100, 100, 100, 100, 100, 100, 100, 100, 100, 100, 100, 100, 100, 100], "score": [42.21270500585098, -223.63450655253303, -23.644142415030768, -1539.7047215193274, 44.78915450176631, 24.338681330424475, 0, 0, 0, 0, 0, 0, 0, 0, 0, 0, 0, 0, 0, 0, 0, 0, 0, 0], "name": "(-279) SquareDual(1/3)|Special(1.06/0.93/0.84/1.81/0.96)+Noise"}