{"loss": [6.25, 13.7695, 16.6992, 16.9922, 30.0781, 31.25, 0, 0, 0, 0, 0, 0, 0, 0, 0, 0, 0, 0, 0, 0, 0, 0, 0, 0], "time": [0.210335, 0.303011, 0.408635, 0.521035, 0.558897, 0.839939, 100, 100, 100, 100, 100, 100, 100, 100, 100, 100, 100, 100, 100, 100, 100, 100, 100, 100], "score": [27.947335333553603, -49.3211269430978, -114.33757394780257, -136.23402063889412, -601.5830991617386, -803.3536305453839, 0, 0, 0, 0, 0, 0, 0, 0, 0, 0, 0, 0, 0, 0, 0, 0, 0, 0], "name": "(-279) Circle9(1/4)Dual(1/4)|Default+LNoise"}