{"loss": [1.2695, 3.0273, 5.1758, 9.8633, 13.7695, 20.1172, 0, 0, 0, 0, 0, 0, 0, 0, 0, 0, 0, 0, 0, 0, 0, 0, 0, 0], "time": [0.196735, 0.267695, 0.375, 0.499152, 0.497236, 0.640496, 100, 100, 100, 100, 100, 100, 100, 100, 100, 100, 100, 100, 100, 100, 100, 100, 100, 100], "score": [43.63998366877912, 46.9975830838879, 44.83245617318784, 1.9183874483604508, -63.18079350032709, -243.85582791605066, 0, 0, 0, 0, 0, 0, 0, 0, 0, 0, 0, 0, 0, 0, 0, 0, 0, 0], "name": "(-28) Circle14(2/3)Dual(2/3)|Star+Noise"}