{"loss": [1.2695, 8.3984, 13.2812, 17.7734, 25.0, 34.2773, 0, 0, 0, 0, 0, 0, 0, 0, 0, 0, 0, 0, 0, 0, 0, 0, 0, 0], "time": [0.315601, 0.354747, 0.487905, 0.614601, 0.632599, 1.09098, 100, 100, 100, 100, 100, 100, 100, 100, 100, 100, 100, 100, 100, 100, 100, 100, 100, 100], "score": [55.27298891142305, 17.550661193972118, -53.358756372182135, -169.2531251139817, -417.56448528939814, -1122.7676982883083, 0, 0, 0, 0, 0, 0, 0, 0, 0, 0, 0, 0, 0, 0, 0, 0, 0, 0], "name": "(-281) Circle9(3/4)Dual(2/3)|Factor3+Noise"}