{"loss": [38.2812, 32.5195, 37.9883, 49.3164, 74.4141, 82.1289, 0, 0, 0, 0, 0, 0, 0, 0, 0, 0, 0, 0, 0, 0, 0, 0, 0, 0], "time": [0.339476, 0.45319, 0.618324, 0.779064, 0.838498, 1.295158, 100, 100, 100, 100, 100, 100, 100, 100, 100, 100, 100, 100, 100, 100, 100, 100, 100, 100], "score": [-795.5737166405797, -644.5951769254787, -1056.13622127961, -2058.425238929303, -4979.055338885654, -7562.520607328108, 0, 0, 0, 0, 0, 0, 0, 0, 0, 0, 0, 0, 0, 0, 0, 0, 0, 0], "name": "(-2849) Circle14(1/4)|Special(1.22/0.66/0.49/1.44/0.54)"}