{"loss": [3.3203, 11.6211, 15.625, 13.4766, 24.6094, 37.1094, 0, 0, 0, 0, 0, 0, 0, 0, 0, 0, 0, 0, 0, 0, 0, 0, 0, 0], "time": [0.217473, 0.300743, 0.42, 0.513915, 0.583009, 0.880507, 100, 100, 100, 100, 100, 100, 100, 100, 100, 100, 100, 100, 100, 100, 100, 100, 100, 100], "score": [41.49288541249966, -19.221414982049353, -93.41380147314455, -58.51073763234536, -386.0682436834427, -1198.378158645957, 0, 0, 0, 0, 0, 0, 0, 0, 0, 0, 0, 0, 0, 0, 0, 0, 0, 0], "name": "(-285) Circle9(1/4)Dual(2/3)|Default+LNoise"}