{"loss": [6.8359, 14.9414, 17.7734, 18.9453, 25.9766, 31.7383, 0, 0, 0, 0, 0, 0, 0, 0, 0, 0, 0, 0, 0, 0, 0, 0, 0, 0], "time": [0.255669, 0.371308, 0.490683, 0.626025, 0.664564, 0.868232, 100, 100, 100, 100, 100, 100, 100, 100, 100, 100, 100, 100, 100, 100, 100, 100, 100, 100], "score": [26.93553305282107, -75.09966358527413, -151.23091192175733, -204.8654885499866, -468.56827992715984, -845.4311169295037, 0, 0, 0, 0, 0, 0, 0, 0, 0, 0, 0, 0, 0, 0, 0, 0, 0, 0], "name": "(-286) Circle9(1/4)Dual(1/3)|Star+LNoise"}