{"loss": [0.8789, 3.3203, 2.832, 4.9805, 5.2734, 8.4961, 1.4404, 3.5645, 5.2246, 8.667, 12.207, 24.292, 0, 0, 0, 0, 0, 0, 0, 0, 0, 0, 0, 0], "time": [0.176679, 0.249808, 0.341917, 0.423669, 0.454754, 0.707125, 0.743623, 1.199001, 1.577308, 1.495023, 1.936034, 3.032822, 100, 100, 100, 100, 100, 100, 100, 100, 100, 100, 100, 100], "score": [41.70850930725763, 44.47071735702435, 53.78395003006436, 48.94407344587639, 48.68249638940974, 23.39091549666105, 84.44444512155249, 95.58634537116419, 91.30906575105807, 30.42486178085596, -68.19440048195762, -853.5113160779014, 0, 0, 0, 0, 0, 0, 0, 0, 0, 0, 0, 0], "name": "(-29) Circle10(1/4)|Factor3+Noise"}