{"loss": [59.668, 27.3438, 17.6758, 75.0, 73.5352, 13.5742, 0, 0, 0, 0, 0, 0, 0, 0, 0, 0, 0, 0, 0, 0, 0, 0, 0, 0], "time": [0.781553, 0.982919, 1.233699, 1.429259, 1.783843, 1.57237, 100, 100, 100, 100, 100, 100, 100, 100, 100, 100, 100, 100, 100, 100, 100, 100, 100, 100], "score": [-3059.068717267506, -642.1280334012702, -235.95459547578045, -6605.227040902909, -7088.628758657204, -105.65576253469062, 0, 0, 0, 0, 0, 0, 0, 0, 0, 0, 0, 0, 0, 0, 0, 0, 0, 0], "name": "(-2956) Square|Special(1.31/0.93/0.5/1.66/0.83)"}