{"loss": [77.6367, 74.707, 67.5781, 7.6172, 10.1562, 38.3789, 0, 0, 0, 0, 0, 0, 0, 0, 0, 0, 0, 0, 0, 0, 0, 0, 0, 0], "time": [0.787571, 0.99424, 1.4371, 1.046599, 1.079717, 1.616947, 100, 100, 100, 100, 100, 100, 100, 100, 100, 100, 100, 100, 100, 100, 100, 100, 100, 100], "score": [-5260.333560745824, -5465.327380685318, -5354.759416510382, 42.94520041816082, -3.2714829272287935, -1745.8199003135157, 0, 0, 0, 0, 0, 0, 0, 0, 0, 0, 0, 0, 0, 0, 0, 0, 0, 0], "name": "(-2964) Square|Special(1.53/0.79/0.16/1.41/0.68)"}