{"loss": [5.957, 5.3711, 6.8359, 11.1328, 11.1328, 13.9648, 0, 0, 0, 0, 0, 0, 0, 0, 0, 0, 0, 0, 0, 0, 0, 0, 0, 0], "time": [0.484744, 0.630532, 0.83096, 0.977868, 1.153599, 1.583995, 100, 100, 100, 100, 100, 100, 100, 100, 100, 100, 100, 100, 100, 100, 100, 100, 100, 100], "score": [44.91704813389622, 56.498421296641105, 48.55976737016568, -23.672842052449205, -25.71211007778183, -119.58370279028046, 0, 0, 0, 0, 0, 0, 0, 0, 0, 0, 0, 0, 0, 0, 0, 0, 0, 0], "name": "(-3) Square|Special(1.06/0.23/0.14/1.94/0.88)"}