{"loss": [1.4648, 4.1016, 6.543, 9.082, 9.8633, 16.6992, 0, 0, 0, 0, 0, 0, 0, 0, 0, 0, 0, 0, 0, 0, 0, 0, 0, 0], "time": [0.172242, 0.192849, 0.305867, 0.358201, 0.407349, 0.619016, 100, 100, 100, 100, 100, 100, 100, 100, 100, 100, 100, 100, 100, 100, 100, 100, 100, 100], "score": [40.61156399489099, 36.52677319741005, 31.628599430213402, 10.484071393089293, 1.7330186790848674, -140.72528258993617, 0, 0, 0, 0, 0, 0, 0, 0, 0, 0, 0, 0, 0, 0, 0, 0, 0, 0], "name": "(-3) Circle16(1/4)Dual(1/4)|Default+Noise"}