{"loss": [0.8789, 2.9297, 4.6875, 8.7891, 11.0352, 16.7969, 0, 0, 0, 0, 0, 0, 0, 0, 0, 0, 0, 0, 0, 0, 0, 0, 0, 0], "time": [0.184959, 0.266282, 0.355061, 0.447093, 0.480246, 0.737844, 100, 100, 100, 100, 100, 100, 100, 100, 100, 100, 100, 100, 100, 100, 100, 100, 100, 100], "score": [42.674646887145315, 47.17340176323026, 46.494149594872354, 15.212941393532072, -15.090470721228549, -156.45077216602763, 0, 0, 0, 0, 0, 0, 0, 0, 0, 0, 0, 0, 0, 0, 0, 0, 0, 0], "name": "(-3) Circle11(1/4)Dual(1/3)|Default+Noise"}