{"loss": [0.8789, 2.9297, 4.6875, 8.7891, 11.0352, 16.7969, 0, 0, 0, 0, 0, 0, 0, 0, 0, 0, 0, 0, 0, 0, 0, 0, 0, 0], "time": [0.186863, 0.261222, 0.357889, 0.453734, 0.485262, 0.77289, 100, 100, 100, 100, 100, 100, 100, 100, 100, 100, 100, 100, 100, 100, 100, 100, 100, 100], "score": [42.89373460439339, 46.72304786558601, 46.678941331743054, 15.325509404566375, -15.169073331009626, -160.12320712757898, 0, 0, 0, 0, 0, 0, 0, 0, 0, 0, 0, 0, 0, 0, 0, 0, 0, 0], "name": "(-3) Circle10(1/4)Dual(1/3)|Default+Noise"}