{"loss": [6.543, 9.4727, 11.7187, 20.6055, 23.9258, 37.3047, 0, 0, 0, 0, 0, 0, 0, 0, 0, 0, 0, 0, 0, 0, 0, 0, 0, 0], "time": [0.207012, 0.308447, 0.427077, 0.550748, 0.573849, 0.877454, 100, 100, 100, 100, 100, 100, 100, 100, 100, 100, 100, 100, 100, 100, 100, 100, 100, 100], "score": [26.02024670430261, 5.702617200810652, -24.39422330888701, -240.8835215261088, -357.8895896119361, -1209.9122696281986, 0, 0, 0, 0, 0, 0, 0, 0, 0, 0, 0, 0, 0, 0, 0, 0, 0, 0], "name": "(-300) Circle9Dual(1/3)|Default+Noise"}