{"loss": [47.7539, 51.8555, 58.7891, 61.9141, 64.3555, 69.4336, 0, 0, 0, 0, 0, 0, 0, 0, 0, 0, 0, 0, 0, 0, 0, 0, 0, 0], "time": [0.376678, 0.478442, 0.588457, 0.78399, 0.914998, 1.273852, 100, 100, 100, 100, 100, 100, 100, 100, 100, 100, 100, 100, 100, 100, 100, 100, 100, 100], "score": [-1338.222309193849, -1790.7934807878162, -2574.5409320131575, -3305.6330394565457, -3866.042872228647, -5328.387113311757, 0, 0, 0, 0, 0, 0, 0, 0, 0, 0, 0, 0, 0, 0, 0, 0, 0, 0], "name": "(-3033) Circle14(3/4)|Special(1.49/0.33/0.03/1.61/0.47)"}