{"loss": [17.9677, 35.4492, 45.946, 50.7812, 61.1328, 72.4609, 0, 0, 0, 0, 0, 0, 0, 0, 0, 0, 0, 0, 0, 0, 0, 0, 0, 0], "time": [0.549801, 0.760494, 1.121513, 1.30805, 1.527304, 2.284306, 100, 100, 100, 100, 100, 100, 100, 100, 100, 100, 100, 100, 100, 100, 100, 100, 100, 100], "score": [-165.23136430551992, -1008.66807165545, -2129.7163597353406, -2834.924149663353, -4495.026162628084, -7784.548852529944, 0, 0, 0, 0, 0, 0, 0, 0, 0, 0, 0, 0, 0, 0, 0, 0, 0, 0], "name": "(-3069) Circle10(1/4)Dual|Special(1.24/0.16/0.11/1.66/0.31)+LNoise"}