{"loss": [23.6328, 48.5352, 57.4219, 67.6758, 69.043, 72.0703, 0, 0, 0, 0, 0, 0, 0, 0, 0, 0, 0, 0, 0, 0, 0, 0, 0, 0], "time": [0.333175, 0.455315, 0.608065, 0.799809, 0.826746, 1.359765, 100, 100, 100, 100, 100, 100, 100, 100, 100, 100, 100, 100, 100, 100, 100, 100, 100, 100], "score": [-264.6575521681362, -1522.0562505525147, -2493.187498930938, -4006.5678835612675, -4243.4382070596885, -5940.209945352624, 0, 0, 0, 0, 0, 0, 0, 0, 0, 0, 0, 0, 0, 0, 0, 0, 0, 0], "name": "(-3078) Circle9(3/4)|Special(1.91/0.25/0.53/1.75/0.63)+Noise"}