{"loss": [8.2031, 13.3789, 22.168, 15.625, 30.1758, 31.8359, 0, 0, 0, 0, 0, 0, 0, 0, 0, 0, 0, 0, 0, 0, 0, 0, 0, 0], "time": [0.242968, 0.338777, 0.458118, 0.583479, 0.626047, 0.809953, 100, 100, 100, 100, 100, 100, 100, 100, 100, 100, 100, 100, 100, 100, 100, 100, 100, 100], "score": [16.122923858334275, -45.97866646132211, -264.93048782609276, -110.10296536435858, -641.3554165778384, -822.1482224424976, 0, 0, 0, 0, 0, 0, 0, 0, 0, 0, 0, 0, 0, 0, 0, 0, 0, 0], "name": "(-311) Circle9(1/3)Dual(1/4)|Star+LNoise"}