{"loss": [8.5693, 15.1355, 17.3828, 20.7031, 30.5144, 35.2951, 0, 0, 0, 0, 0, 0, 0, 0, 0, 0, 0, 0, 0, 0, 0, 0, 0, 0], "time": [0.190672, 0.283368, 0.371293, 0.425021, 0.466969, 0.715938, 100, 100, 100, 100, 100, 100, 100, 100, 100, 100, 100, 100, 100, 100, 100, 100, 100, 100], "score": [11.600790149400266, -68.71406869742059, -123.1848612618395, -214.23824626588916, -567.9528147860381, -969.4498115416121, 0, 0, 0, 0, 0, 0, 0, 0, 0, 0, 0, 0, 0, 0, 0, 0, 0, 0], "name": "(-321) Circle12Dual(1/3)|Default+LNoise"}