{"loss": [32.4219, 35.7422, 59.082, 53.0273, 75.9766, 83.6914, 0, 0, 0, 0, 0, 0, 0, 0, 0, 0, 0, 0, 0, 0, 0, 0, 0, 0], "time": [0.37575, 0.463325, 0.576673, 0.796818, 0.837076, 1.278051, 100, 100, 100, 100, 100, 100, 100, 100, 100, 100, 100, 100, 100, 100, 100, 100, 100, 100], "score": [-583.058353418314, -801.5037817143279, -2574.8501695643595, -2420.7635175778933, -5189.824153757129, -7805.318478092889, 0, 0, 0, 0, 0, 0, 0, 0, 0, 0, 0, 0, 0, 0, 0, 0, 0, 0], "name": "(-3229) Circle15(1/4)|Special(1.28/0.59/0.08/1.32/0.51)"}