{"loss": [5.4215, 11.9404, 18.3594, 15.7227, 26.3672, 37.9883, 0, 0, 0, 0, 0, 0, 0, 0, 0, 0, 0, 0, 0, 0, 0, 0, 0, 0], "time": [0.200691, 0.271455, 0.409848, 0.456899, 0.556814, 0.873747, 100, 100, 100, 100, 100, 100, 100, 100, 100, 100, 100, 100, 100, 100, 100, 100, 100, 100], "score": [31.631062858590724, -22.181184268109728, -151.76916864130013, -99.50104364322415, -444.1598802940495, -1255.4653597839265, 0, 0, 0, 0, 0, 0, 0, 0, 0, 0, 0, 0, 0, 0, 0, 0, 0, 0], "name": "(-323) Circle9(1/4)Dual(3/4)|Default+LNoise"}