{"loss": [53.125, 51.6602, 46.7773, 62.0117, 58.7891, 43.8477, 0, 0, 0, 0, 0, 0, 0, 0, 0, 0, 0, 0, 0, 0, 0, 0, 0, 0], "time": [0.820353, 1.057592, 1.40456, 1.58496, 1.62878, 2.602996, 100, 100, 100, 100, 100, 100, 100, 100, 100, 100, 100, 100, 100, 100, 100, 100, 100, 100], "score": [-2465.6469124437535, -2641.711325617883, -2474.712355425439, -4715.342742168559, -4283.252215970222, -2940.580489768178, 0, 0, 0, 0, 0, 0, 0, 0, 0, 0, 0, 0, 0, 0, 0, 0, 0, 0], "name": "(-3253) Square|Special(1.7/0.17/0.69/1.88/0.76)"}