{"loss": [6.4453, 14.9414, 21.0938, 17.4805, 28.7109, 31.4453, 0, 0, 0, 0, 0, 0, 0, 0, 0, 0, 0, 0, 0, 0, 0, 0, 0, 0], "time": [0.259355, 0.370174, 0.509036, 0.638751, 0.679619, 1.060364, 100, 100, 100, 100, 100, 100, 100, 100, 100, 100, 100, 100, 100, 100, 100, 100, 100, 100], "score": [29.77090707239375, -74.98489613963889, -246.10950203060122, -164.29375440448555, -597.1187410801649, -915.2398072592589, 0, 0, 0, 0, 0, 0, 0, 0, 0, 0, 0, 0, 0, 0, 0, 0, 0, 0], "name": "(-327) Circle9(1/4)Dual(1/3)|Factor3+LNoise"}