{"loss": [5.8586, 11.7187, 18.3594, 17.9688, 28.2227, 36.1328, 0, 0, 0, 0, 0, 0, 0, 0, 0, 0, 0, 0, 0, 0, 0, 0, 0, 0], "time": [0.239394, 0.341694, 0.492663, 0.623328, 0.674419, 0.885942, 100, 100, 100, 100, 100, 100, 100, 100, 100, 100, 100, 100, 100, 100, 100, 100, 100, 100], "score": [32.134286020070654, -21.81989115471315, -166.39762321773568, -175.96450754716543, -572.0038944669773, -1134.7453317596057, 0, 0, 0, 0, 0, 0, 0, 0, 0, 0, 0, 0, 0, 0, 0, 0, 0, 0], "name": "(-339) Circle9(1/4)Dual|Star+LNoise"}