{"loss": [1.5625, 4.4922, 6.25, 9.5703, 13.7695, 20.9961, 0, 0, 0, 0, 0, 0, 0, 0, 0, 0, 0, 0, 0, 0, 0, 0, 0, 0], "time": [0.195908, 0.273646, 0.375667, 0.477176, 0.504063, 0.644825, 100, 100, 100, 100, 100, 100, 100, 100, 100, 100, 100, 100, 100, 100, 100, 100, 100, 100], "score": [43.18089275999126, 41.754860082618755, 37.34961731496346, 5.809010119080146, -63.61304780943434, -273.69487642111085, 0, 0, 0, 0, 0, 0, 0, 0, 0, 0, 0, 0, 0, 0, 0, 0, 0, 0], "name": "(-34) Circle16(1/4)Dual|Star+Noise"}