{"loss": [1.3672, 3.0273, 3.3203, 5.2734, 7.5195, 51.1719, 0, 0, 0, 0, 0, 0, 0, 0, 0, 0, 0, 0, 0, 0, 0, 0, 0, 0], "time": [0.212376, 0.314058, 0.399734, 0.519501, 0.557032, 0.835902, 100, 100, 100, 100, 100, 100, 100, 100, 100, 100, 100, 100, 100, 100, 100, 100, 100, 100], "score": [45.22284693211468, 50.9049862979574, 56.25440151614837, 52.03286870928337, 32.43403725733502, -2302.663947570952, 0, 0, 0, 0, 0, 0, 0, 0, 0, 0, 0, 0, 0, 0, 0, 0, 0, 0], "name": "(-344) SquareDual(1/3)|Special(1.41/0.37/0.7/1.19/0.48)+Noise"}