{"loss": [41.455, 56.3477, 64.8438, 66.1133, 69.5312, 79.4922, 0, 0, 0, 0, 0, 0, 0, 0, 0, 0, 0, 0, 0, 0, 0, 0, 0, 0], "time": [0.288972, 0.420823, 0.586417, 0.73594, 0.766582, 1.288426, 100, 100, 100, 100, 100, 100, 100, 100, 100, 100, 100, 100, 100, 100, 100, 100, 100, 100], "score": [-870.0518883239124, -1994.8203661385048, -3143.3058724603356, -3663.9333607415506, -4145.352636326842, -7059.126840611137, 0, 0, 0, 0, 0, 0, 0, 0, 0, 0, 0, 0, 0, 0, 0, 0, 0, 0], "name": "(-3479) Square|Special(1.51/0.06/0.45/1.02/0.55)+LNoise"}