{"loss": [53.0273, 12.207, 12.793, 16.4062, 17.6758, 14.5508, 0, 0, 0, 0, 0, 0, 0, 0, 0, 0, 0, 0, 0, 0, 0, 0, 0, 0], "time": [0.341459, 0.419814, 0.600164, 0.691548, 0.757704, 0.884271, 100, 100, 100, 100, 100, 100, 100, 100, 100, 100, 100, 100, 100, 100, 100, 100, 100, 100], "score": [-1584.6818346933833, -31.75562643842619, -49.31822037185167, -140.6752080852803, -184.91563096882712, -105.06210282907885, 0, 0, 0, 0, 0, 0, 0, 0, 0, 0, 0, 0, 0, 0, 0, 0, 0, 0], "name": "(-349) Circle9(1/3)|Special(1.3/0.3/0.2/1.54/0.91)"}