{"loss": [77.5391, 69.1406, 64.2578, 58.6914, 54.6875, 44.4336, 0, 0, 0, 0, 0, 0, 0, 0, 0, 0, 0, 0, 0, 0, 0, 0, 0, 0], "time": [0.545984, 0.633603, 0.903096, 1.106623, 1.2, 1.818599, 100, 100, 100, 100, 100, 100, 100, 100, 100, 100, 100, 100, 100, 100, 100, 100, 100, 100], "score": [-4368.650525993791, -3725.578144687496, -3828.8752632384526, -3518.475050331768, -3166.628012638754, -2527.6559602557772, 0, 0, 0, 0, 0, 0, 0, 0, 0, 0, 0, 0, 0, 0, 0, 0, 0, 0], "name": "(-3522) Circle14(1/3)Dual(1/3)|Special(1.1/0.07/0.54/1.81/0.42)"}