{"loss": [42.9688, 27.5391, 31.25, 4.0039, 5.6641, 9.1797, 0, 0, 0, 0, 0, 0, 0, 0, 0, 0, 0, 0, 0, 0, 0, 0, 0, 0], "time": [0.377551, 0.467497, 0.721744, 0.529449, 0.551713, 0.868372, 100, 100, 100, 100, 100, 100, 100, 100, 100, 100, 100, 100, 100, 100, 100, 100, 100, 100], "score": [-1073.0280786241353, -450.17417214427235, -744.6882104749023, 61.098413621964184, 50.447693299591194, 14.661129409677963, 0, 0, 0, 0, 0, 0, 0, 0, 0, 0, 0, 0, 0, 0, 0, 0, 0, 0], "name": "(-356) SquareDual(1/3)|Special(1.18/0.94/0.06/1.68/0.55)+Noise"}