{"loss": [1.5625, 2.3438, 2.7344, 4.1992, 5.4688, 14.1602, 1.5625, 2.9297, 3.6377, 4.6875, 6.1279, 29.7607, 0, 0, 0, 0, 0, 0, 0, 0, 0, 0, 0, 0], "time": [0.145211, 0.203252, 0.279156, 0.275549, 0.296437, 0.458637, 0.390818, 0.625075, 0.822772, 0.668299, 0.915563, 1.359027, 100, 100, 100, 100, 100, 100, 100, 100, 100, 100, 100, 100], "score": [37.17622515013457, 42.60686304258345, 48.88475638979879, 43.23656547138067, 38.16243352412037, -68.06898562964948, 60.98918228049695, 72.27570803512732, 78.70367791866153, 63.78700752187796, 59.754209236914726, -915.9470939607684, 0, 0, 0, 0, 0, 0, 0, 0, 0, 0, 0, 0], "name": "(-36) Circle16(3/4)|Special(1.1/0.8/0.31/1.18/1.0)"}