{"loss": [2.1484, 4.2969, 8.1055, 11.1328, 13.2812, 19.5313, 0, 0, 0, 0, 0, 0, 0, 0, 0, 0, 0, 0, 0, 0, 0, 0, 0, 0], "time": [0.209988, 0.304491, 0.401373, 0.511897, 0.535001, 0.822867, 100, 100, 100, 100, 100, 100, 100, 100, 100, 100, 100, 100, 100, 100, 100, 100, 100, 100], "score": [43.70936408100585, 44.99249700921044, 21.730974873057676, -17.127799697874497, -55.8747202164019, -255.3286374929388, 0, 0, 0, 0, 0, 0, 0, 0, 0, 0, 0, 0, 0, 0, 0, 0, 0, 0], "name": "(-36) Circle13(1/4)Dual(1/3)|Factor3+Noise"}