{"loss": [89.4531, 57.8125, 55.8594, 59.7656, 58.1055, 8.6914, 0, 0, 0, 0, 0, 0, 0, 0, 0, 0, 0, 0, 0, 0, 0, 0, 0, 0], "time": [0.691803, 0.902624, 1.505631, 1.488756, 1.586879, 1.631672, 100, 100, 100, 100, 100, 100, 100, 100, 100, 100, 100, 100, 100, 100, 100, 100, 100, 100], "score": [-6572.345594975281, -3080.3824929377756, -3705.9999762531193, -4236.257400445414, -4127.1364263863625, 31.243895604905514, 0, 0, 0, 0, 0, 0, 0, 0, 0, 0, 0, 0, 0, 0, 0, 0, 0, 0], "name": "(-3615) Square|Special(2.0/0.55/0.82/1.3/0.85)"}