{"loss": [1.3672, 5.0781, 9.5703, 17.5781, 21.1914, 42.1875, 0, 0, 0, 0, 0, 0, 0, 0, 0, 0, 0, 0, 0, 0, 0, 0, 0, 0], "time": [0.296848, 0.4078, 0.566779, 0.714839, 0.763023, 1.19649, 100, 100, 100, 100, 100, 100, 100, 100, 100, 100, 100, 100, 100, 100, 100, 100, 100, 100], "score": [53.465329096890834, 47.391779450406105, 6.330962078275047, -176.69684426069676, -304.9215376808371, -1837.4193084346969, 0, 0, 0, 0, 0, 0, 0, 0, 0, 0, 0, 0, 0, 0, 0, 0, 0, 0], "name": "(-368) Circle11|Special(1.81/0.35/0.9/1.25/0.46)+Noise"}