{"loss": [88.2812, 79.7852, 71.3867, 53.8086, 49.4141, 36.1328, 0, 0, 0, 0, 0, 0, 0, 0, 0, 0, 0, 0, 0, 0, 0, 0, 0, 0], "time": [0.493984, 0.65382, 0.899333, 1.150034, 1.215962, 1.870643, 100, 100, 100, 100, 100, 100, 100, 100, 100, 100, 100, 100, 100, 100, 100, 100, 100, 100], "score": [-5407.348571942521, -5066.373256328342, -4737.922926748387, -2997.7397775814457, -2582.266959971804, -1648.8882222466068, 0, 0, 0, 0, 0, 0, 0, 0, 0, 0, 0, 0, 0, 0, 0, 0, 0, 0], "name": "(-3740) Circle16(1/4)Dual|Special(1.94/0.45/0.78/1.58/0.85)"}