{"loss": [1.4648, 4.4922, 6.8359, 6.8359, 6.3477, 23.4375, 0, 0, 0, 0, 0, 0, 0, 0, 0, 0, 0, 0, 0, 0, 0, 0, 0, 0], "time": [0.308393, 0.374745, 0.511734, 0.646243, 0.690276, 1.056754, 100, 100, 100, 100, 100, 100, 100, 100, 100, 100, 100, 100, 100, 100, 100, 100, 100, 100], "score": [54.34160245511678, 48.86303112674963, 38.107343491079924, 42.823727239618925, 49.60603204306737, -461.8907094052272, 0, 0, 0, 0, 0, 0, 0, 0, 0, 0, 0, 0, 0, 0, 0, 0, 0, 0], "name": "(-38) Circle13(3/4)|Special(1.55/0.2/0.68/1.89/0.43)+Noise"}