{"loss": [35.9375, 29.5898, 24.1211, 20.1172, 21.875, 20.7031, 0, 0, 0, 0, 0, 0, 0, 0, 0, 0, 0, 0, 0, 0, 0, 0, 0, 0], "time": [0.284328, 0.355166, 0.496516, 0.621652, 0.669285, 1.018606, 100, 100, 100, 100, 100, 100, 100, 100, 100, 100, 100, 100, 100, 100, 100, 100, 100, 100], "score": [-635.3386641754005, -462.19900050048784, -339.5143821207566, -240.2418126201781, -309.6630290191102, -331.6613966185178, 0, 0, 0, 0, 0, 0, 0, 0, 0, 0, 0, 0, 0, 0, 0, 0, 0, 0], "name": "(-386) Circle13(3/4)Dual|Factor3"}