{"loss": [90.625, 55.6641, 64.1602, 69.043, 31.1523, 73.3398, 0, 0, 0, 0, 0, 0, 0, 0, 0, 0, 0, 0, 0, 0, 0, 0, 0, 0], "time": [0.867081, 0.556695, 0.760882, 0.915888, 0.657038, 1.019897, 100, 100, 100, 100, 100, 100, 100, 100, 100, 100, 100, 100, 100, 100, 100, 100, 100, 100], "score": [-7554.495310128488, -2237.2347632249025, -3503.5619968601354, -4466.352700784795, -705.5811246146131, -5330.983014428861, 0, 0, 0, 0, 0, 0, 0, 0, 0, 0, 0, 0, 0, 0, 0, 0, 0, 0], "name": "(-3966) Circle11(3/4)|Special(1.25/0.98/0.54/1.01/0.71)"}