{"loss": [5.1758, 4.0039, 5.8594, 5.5664, 9.4727, 18.1641, 0, 0, 0, 0, 0, 0, 0, 0, 0, 0, 0, 0, 0, 0, 0, 0, 0, 0], "time": [0.189949, 0.258175, 0.340096, 0.423737, 0.451637, 0.690737, 100, 100, 100, 100, 100, 100, 100, 100, 100, 100, 100, 100, 100, 100, 100, 100, 100, 100], "score": [31.90769297556108, 42.665315442095974, 38.295768811939155, 44.92549678716625, 6.900470465144605, -191.09994115404444, 0, 0, 0, 0, 0, 0, 0, 0, 0, 0, 0, 0, 0, 0, 0, 0, 0, 0], "name": "(-4) Circle15(1/3)|Special(1.53/0.7/0.72/1.36/0.81)+Noise"}