{"loss": [56.6406, 71.2891, 74.2188, 73.7305, 83.1055, 80.1758, 0, 0, 0, 0, 0, 0, 0, 0, 0, 0, 0, 0, 0, 0, 0, 0, 0, 0], "time": [0.265319, 0.363158, 0.491947, 0.625612, 0.656722, 1.022786, 100, 100, 100, 100, 100, 100, 100, 100, 100, 100, 100, 100, 100, 100, 100, 100, 100, 100], "score": [-1600.9847796751667, -3002.364159519654, -3793.415315766867, -4220.69087672167, -5515.897295551677, -6399.849534620142, 0, 0, 0, 0, 0, 0, 0, 0, 0, 0, 0, 0, 0, 0, 0, 0, 0, 0], "name": "(-4088) Circle11(3/4)|Special(1.84/0.22/0.18/1.33/0.7)"}