{"loss": [15.0391, 5.0781, 12.0117, 17.2852, 23.5352, 42.8711, 0, 0, 0, 0, 0, 0, 0, 0, 0, 0, 0, 0, 0, 0, 0, 0, 0, 0], "time": [0.288549, 0.400498, 0.545085, 0.723257, 0.760971, 1.160819, 100, 100, 100, 100, 100, 100, 100, 100, 100, 100, 100, 100, 100, 100, 100, 100, 100, 100], "score": [-67.77686524115042, 46.96556819523644, -32.692559027678094, -169.0499097468218, -395.95846449515767, -1872.4698678029038, 0, 0, 0, 0, 0, 0, 0, 0, 0, 0, 0, 0, 0, 0, 0, 0, 0, 0], "name": "(-415) Circle11|Special(1.89/0.65/0.16/1.44/0.86)+Noise"}