{"loss": [25.8789, 23.7305, 25.0, 25.3906, 24.4141, 32.2266, 0, 0, 0, 0, 0, 0, 0, 0, 0, 0, 0, 0, 0, 0, 0, 0, 0, 0], "time": [0.23653, 0.328363, 0.460225, 0.565803, 0.605701, 0.755906, 100, 100, 100, 100, 100, 100, 100, 100, 100, 100, 100, 100, 100, 100, 100, 100, 100, 100], "score": [-277.078386045899, -265.3910293058416, -356.1593963733093, -409.7095617300566, -386.058476414004, -816.0054219192787, 0, 0, 0, 0, 0, 0, 0, 0, 0, 0, 0, 0, 0, 0, 0, 0, 0, 0], "name": "(-418) Circle14(1/4)Dual(2/3)|Star"}