{"loss": [3.5156, 16.1133, 21.1914, 28.2227, 31.9336, 35.5469, 0, 0, 0, 0, 0, 0, 0, 0, 0, 0, 0, 0, 0, 0, 0, 0, 0, 0], "time": [0.222541, 0.302051, 0.423975, 0.524549, 0.549491, 0.86588, 100, 100, 100, 100, 100, 100, 100, 100, 100, 100, 100, 100, 100, 100, 100, 100, 100, 100], "score": [41.34377656276103, -87.7359545843509, -227.29475335463593, -504.4604453305056, -681.7927190417153, -1082.7442492099021, 0, 0, 0, 0, 0, 0, 0, 0, 0, 0, 0, 0, 0, 0, 0, 0, 0, 0], "name": "(-423) Circle14(3/4)|Special(1.98/0.41/0.13/1.2/0.96)"}