{"loss": [39.3555, 55.5664, 59.082, 56.8359, 55.7617, 84.375, 0, 0, 0, 0, 0, 0, 0, 0, 0, 0, 0, 0, 0, 0, 0, 0, 0, 0], "time": [0.606542, 0.744372, 1.144204, 1.412882, 1.519327, 2.327365, 100, 100, 100, 100, 100, 100, 100, 100, 100, 100, 100, 100, 100, 100, 100, 100, 100, 100], "score": [-1128.3802531955619, -2577.6329302063064, -3626.9275829318935, -3720.845324354295, -3709.3755851697533, -10708.193066595783, 0, 0, 0, 0, 0, 0, 0, 0, 0, 0, 0, 0, 0, 0, 0, 0, 0, 0], "name": "(-4245) Square|Special(1.01/0.9/0.02/1.79/0.31)+Noise"}