{"loss": [11.4254, 40.9179, 53.0273, 61.3769, 72.168, 81.7383, 0, 0, 0, 0, 0, 0, 0, 0, 0, 0, 0, 0, 0, 0, 0, 0, 0, 0], "time": [0.583436, 0.841135, 1.21267, 1.390362, 1.55804, 2.564738, 100, 100, 100, 100, 100, 100, 100, 100, 100, 100, 100, 100, 100, 100, 100, 100, 100, 100], "score": [-23.32718344652699, -1443.8209003483641, -2986.373440024249, -4324.038208650332, -6376.1557027394965, -10539.579209344058, 0, 0, 0, 0, 0, 0, 0, 0, 0, 0, 0, 0, 0, 0, 0, 0, 0, 0], "name": "(-4282) Square|Special(2.0/0.2/0.58/1.03/0.33)+LNoise"}