{"loss": [2.6367, 11.4258, 19.043, 19.4336, 28.9062, 33.4961, 0, 0, 0, 0, 0, 0, 0, 0, 0, 0, 0, 0, 0, 0, 0, 0, 0, 0], "time": [0.429895, 0.560104, 0.775895, 0.975452, 1.077001, 1.767778, 100, 100, 100, 100, 100, 100, 100, 100, 100, 100, 100, 100, 100, 100, 100, 100, 100, 100], "score": [61.008081403433124, -22.862830370604453, -231.34253079963034, -274.2355751223323, -763.3630176664254, -1358.8138433994457, 0, 0, 0, 0, 0, 0, 0, 0, 0, 0, 0, 0, 0, 0, 0, 0, 0, 0], "name": "(-431) Square|Special(1.94/0.2/0.15/1.7/0.78)+Noise"}