{"loss": [23.3398, 17.4805, 21.582, 23.8281, 27.9297, 37.5977, 0, 0, 0, 0, 0, 0, 0, 0, 0, 0, 0, 0, 0, 0, 0, 0, 0, 0], "time": [0.222505, 0.305148, 0.40772, 0.512397, 0.548299, 0.855958, 100, 100, 100, 100, 100, 100, 100, 100, 100, 100, 100, 100, 100, 100, 100, 100, 100, 100], "score": [-209.7887503125441, -113.55611384156151, -233.56308209952496, -334.84468246977787, -503.5715170579803, -1215.3044395603536, 0, 0, 0, 0, 0, 0, 0, 0, 0, 0, 0, 0, 0, 0, 0, 0, 0, 0], "name": "(-435) Circle14(2/3)|Special(1.18/0.02/0.51/1.87/0.95)"}