{"loss": [6.25, 13.7695, 19.7266, 16.1133, 29.9805, 42.6758, 0, 0, 0, 0, 0, 0, 0, 0, 0, 0, 0, 0, 0, 0, 0, 0, 0, 0], "time": [0.255507, 0.359806, 0.505104, 0.618027, 0.68475, 0.869524, 100, 100, 100, 100, 100, 100, 100, 100, 100, 100, 100, 100, 100, 100, 100, 100, 100, 100], "score": [30.802504836445014, -53.74499100527292, -205.49284238965836, -125.49926752305039, -661.029122918948, -1605.011527941928, 0, 0, 0, 0, 0, 0, 0, 0, 0, 0, 0, 0, 0, 0, 0, 0, 0, 0], "name": "(-436) Circle9(1/4)Dual(2/3)|Star+LNoise"}