{"loss": [42.9688, 5.1758, 7.4219, 16.6016, 19.6289, 27.3438, 0, 0, 0, 0, 0, 0, 0, 0, 0, 0, 0, 0, 0, 0, 0, 0, 0, 0], "time": [0.640103, 0.549384, 0.827245, 1.035936, 1.080195, 1.719753, 100, 100, 100, 100, 100, 100, 100, 100, 100, 100, 100, 100, 100, 100, 100, 100, 100, 100], "score": [-1397.1666334359127, 54.264387116524425, 40.851908538972026, -178.74068908510804, -296.51269077673317, -849.3678205422168, 0, 0, 0, 0, 0, 0, 0, 0, 0, 0, 0, 0, 0, 0, 0, 0, 0, 0], "name": "(-437) Square|Special(1.63/0.96/0.65/1.64/1.0)+Noise"}