{"loss": [12.6953, 7.1289, 6.0547, 10.7422, 12.9883, 18.6523, 0, 0, 0, 0, 0, 0, 0, 0, 0, 0, 0, 0, 0, 0, 0, 0, 0, 0], "time": [0.238356, 0.329838, 0.460986, 0.571574, 0.616736, 0.943557, 100, 100, 100, 100, 100, 100, 100, 100, 100, 100, 100, 100, 100, 100, 100, 100, 100, 100], "score": [-29.864557449840166, 28.24412580809469, 43.00570735311425, -11.638901696487338, -53.9486648213327, -240.81033920294948, 0, 0, 0, 0, 0, 0, 0, 0, 0, 0, 0, 0, 0, 0, 0, 0, 0, 0], "name": "(-44) Circle14(3/4)Dual(1/4)|Special(1.23/0.2/0.55/1.55/0.68)"}