{"loss": [1.6602, 6.8359, 6.7383, 12.5, 12.6953, 20.8984, 0, 0, 0, 0, 0, 0, 0, 0, 0, 0, 0, 0, 0, 0, 0, 0, 0, 0], "time": [0.184008, 0.255722, 0.34854, 0.441818, 0.473138, 0.735349, 100, 100, 100, 100, 100, 100, 100, 100, 100, 100, 100, 100, 100, 100, 100, 100, 100, 100], "score": [41.713822415474894, 26.93832476647275, 32.23158588032558, -37.389032691753336, -42.07624294717951, -288.76562150730285, 0, 0, 0, 0, 0, 0, 0, 0, 0, 0, 0, 0, 0, 0, 0, 0, 0, 0], "name": "(-44) Circle11(1/4)Dual(1/4)|Default+Noise"}