{"loss": [30.0781, 53.125, 63.4766, 73.4375, 76.3672, 82.6172, 0, 0, 0, 0, 0, 0, 0, 0, 0, 0, 0, 0, 0, 0, 0, 0, 0, 0], "time": [0.431579, 0.603488, 0.863171, 1.133958, 1.121554, 1.786718, 100, 100, 100, 100, 100, 100, 100, 100, 100, 100, 100, 100, 100, 100, 100, 100, 100, 100], "score": [-528.6398397855987, -2114.778169581407, -3650.574868756074, -5636.452186547791, -6070.331797640884, -8989.988844517355, 0, 0, 0, 0, 0, 0, 0, 0, 0, 0, 0, 0, 0, 0, 0, 0, 0, 0], "name": "(-4498) Circle13(2/3)|Special(1.88/0.35/0.91/1.07/0.31)+Noise"}