{"loss": [77.0508, 69.1406, 63.7695, 80.1758, 82.2266, 82.0312, 0, 0, 0, 0, 0, 0, 0, 0, 0, 0, 0, 0, 0, 0, 0, 0, 0, 0], "time": [0.305785, 0.416201, 0.566498, 0.699791, 0.746683, 1.168869, 100, 100, 100, 100, 100, 100, 100, 100, 100, 100, 100, 100, 100, 100, 100, 100, 100, 100], "score": [-3227.637996144824, -3019.511058350204, -2985.465304185965, -5293.727143056994, -5756.009493268446, -7167.020639524206, 0, 0, 0, 0, 0, 0, 0, 0, 0, 0, 0, 0, 0, 0, 0, 0, 0, 0], "name": "(-4574) Circle16(3/4)|Special(1.42/0.61/0.24/1.99/0.91)"}