{"loss": [1.1719, 2.832, 3.6133, 6.7383, 9.2773, 17.7734, 1.0986, 2.6367, 4.4189, 5.6641, 6.9824, 27.0996, 0, 0, 0, 0, 0, 0, 0, 0, 0, 0, 0, 0], "time": [0.217781, 0.308059, 0.398331, 0.528064, 0.526552, 0.857877, 0.555377, 0.877353, 1.18056, 1.091749, 1.475408, 2.212906, 100, 100, 100, 100, 100, 100, 100, 100, 100, 100, 100, 100], "score": [46.02611067750972, 51.051593000801866, 54.87341453032195, 39.67332880229927, 10.109388674161876, -199.9643506690652, 73.62417847642172, 87.15520989679032, 87.4371445016376, 70.96531025497077, 62.24676760448893, -943.7058813681982, 0, 0, 0, 0, 0, 0, 0, 0, 0, 0, 0, 0], "name": "(-46) SquareDual(2/3)|Special(1.01/0.43/0.29/1.85/0.51)+Noise"}