{"loss": [80.2734, 73.0469, 69.7266, 66.7969, 65.0391, 67.9688, 0, 0, 0, 0, 0, 0, 0, 0, 0, 0, 0, 0, 0, 0, 0, 0, 0, 0], "time": [0.462804, 0.645806, 0.893829, 1.074311, 1.151826, 1.782861, 100, 100, 100, 100, 100, 100, 100, 100, 100, 100, 100, 100, 100, 100, 100, 100, 100, 100], "score": [-4315.680824234065, -4207.636372802409, -4501.925014790185, -4520.987780502506, -4432.537097613948, -6034.953147968317, 0, 0, 0, 0, 0, 0, 0, 0, 0, 0, 0, 0, 0, 0, 0, 0, 0, 0], "name": "(-4668) Circle9(3/4)Dual(2/3)|Special(1.39/0.37/0.59/1.58/0.71)"}