{"loss": [81.3477, 76.1719, 71.4844, 69.9219, 70.1172, 80.1758, 0, 0, 0, 0, 0, 0, 0, 0, 0, 0, 0, 0, 0, 0, 0, 0, 0, 0], "time": [0.39568, 0.498818, 0.649322, 0.827684, 0.868765, 1.375802, 100, 100, 100, 100, 100, 100, 100, 100, 100, 100, 100, 100, 100, 100, 100, 100, 100, 100], "score": [-4099.677024017152, -4027.266151271589, -4037.099656307671, -4356.960828084172, -4489.26937534983, -7422.587815443189, 0, 0, 0, 0, 0, 0, 0, 0, 0, 0, 0, 0, 0, 0, 0, 0, 0, 0], "name": "(-4738) Circle13(1/3)|Special(1.97/0.5/0.94/1.47/0.62)"}