{"loss": [3.6133, 6.0547, 10.8398, 9.375, 18.6523, 18.0664, 0, 0, 0, 0, 0, 0, 0, 0, 0, 0, 0, 0, 0, 0, 0, 0, 0, 0], "time": [0.180714, 0.252659, 0.351969, 0.46256, 0.469217, 0.724623, 100, 100, 100, 100, 100, 100, 100, 100, 100, 100, 100, 100, 100, 100, 100, 100, 100, 100], "score": [36.96032925546272, 31.838281161412663, -10.382970596784514, 8.235799509136166, -169.8157346277991, -192.71810739298667, 0, 0, 0, 0, 0, 0, 0, 0, 0, 0, 0, 0, 0, 0, 0, 0, 0, 0], "name": "(-49) Circle10(1/4)Dual(1/4)|Default+LNoise"}