{"loss": [1.9531, 3.6133, 5.6641, 4.9805, 4.5898, 9.2773, 1.4893, 2.6367, 4.0039, 4.3945, 6.4941, 20.5811, 2.1159, 2.5391, 3.6784, 4.0799, 5.9353, 10.2322, 1.4832, 2.7954, 3.6987, 5.188, 6.4026, 24.9146], "time": [0.167265, 0.230291, 0.320985, 0.400862, 0.429631, 0.670843, 0.507235, 0.808072, 1.081905, 1.028183, 1.389485, 2.079379, 0.603752, 1.056057, 1.090857, 1.3831, 1.712566, 3.235758, 0.655015, 1.199505, 1.782167, 2.303818, 2.857115, 5.561705], "score": [39.337947337495876, 41.7232773511314, 38.47929205987841, 47.608468602994925, 51.7380985534364, 11.410763571942976, 69.6407529496421, 83.6433078752687, 87.33984804416873, 81.81748969172565, 68.16400176980025, -466.6064615175428, 74.22275928225481, 96.13936843427635, 90.31215876234593, 98.0291876412759, 84.76418687375966, -8.450712786882574, 79.15256635214219, 100.96358710149671, 115.23481532078058, 110.93032636324102, 99.73906327317397, -1228.0686815834645], "name": "(-5) Circle16(1/3)|Special(1.23/0.56/0.85/1.6/0.81)+Noise"}