{"loss": [1.6602, 4.6875, 7.1289, 10.9375, 15.8203, 20.8008, 0, 0, 0, 0, 0, 0, 0, 0, 0, 0, 0, 0, 0, 0, 0, 0, 0, 0], "time": [0.194851, 0.270067, 0.370697, 0.464591, 0.498478, 0.808382, 100, 100, 100, 100, 100, 100, 100, 100, 100, 100, 100, 100, 100, 100, 100, 100, 100, 100], "score": [42.92526203171057, 40.549227298072516, 29.942449708041504, -13.37924162408975, -106.10348586264256, -299.10676677749933, 0, 0, 0, 0, 0, 0, 0, 0, 0, 0, 0, 0, 0, 0, 0, 0, 0, 0], "name": "(-50) Circle16(1/4)Dual(2/3)|Factor3+Noise"}