{"loss": [82.0312, 76.8555, 73.0469, 72.5586, 73.6328, 80.2734, 0, 0, 0, 0, 0, 0, 0, 0, 0, 0, 0, 0, 0, 0, 0, 0, 0, 0], "time": [0.380282, 0.52569, 0.711873, 0.902168, 0.948066, 1.427984, 100, 100, 100, 100, 100, 100, 100, 100, 100, 100, 100, 100, 100, 100, 100, 100, 100, 100], "score": [-4087.978654502069, -4210.167008522054, -4417.620692160134, -4905.610357068197, -5181.755973693689, -7580.754575536883, 0, 0, 0, 0, 0, 0, 0, 0, 0, 0, 0, 0, 0, 0, 0, 0, 0, 0], "name": "(-5063) Circle12(1/3)|Special(1.77/0.28/0.89/1.81/0.95)"}