{"loss": [0.9766, 3.2227, 3.125, 9.4727, 10.6445, 59.4727, 0, 0, 0, 0, 0, 0, 0, 0, 0, 0, 0, 0, 0, 0, 0, 0, 0, 0], "time": [0.221622, 0.301764, 0.416124, 0.530911, 0.552575, 0.863963, 100, 100, 100, 100, 100, 100, 100, 100, 100, 100, 100, 100, 100, 100, 100, 100, 100, 100], "score": [46.62775253696399, 49.2278160247994, 58.208096426734514, 7.48160553126608, -9.890606115054943, -3194.679996945843, 0, 0, 0, 0, 0, 0, 0, 0, 0, 0, 0, 0, 0, 0, 0, 0, 0, 0], "name": "(-507) SquareDual(1/3)|Special(1.02/0.14/0.31/1.28/0.46)+Noise"}