{"loss": [38.2812, 60.7422, 69.8242, 77.6367, 79.1992, 82.5195, 0, 0, 0, 0, 0, 0, 0, 0, 0, 0, 0, 0, 0, 0, 0, 0, 0, 0], "time": [0.457902, 0.652639, 0.883399, 1.116466, 1.220408, 1.852667, 100, 100, 100, 100, 100, 100, 100, 100, 100, 100, 100, 100, 100, 100, 100, 100, 100, 100], "score": [-923.9791237980924, -2899.908972816756, -4488.383178858476, -6263.126403385873, -6818.903681021431, -9132.438601878448, 0, 0, 0, 0, 0, 0, 0, 0, 0, 0, 0, 0, 0, 0, 0, 0, 0, 0], "name": "(-5087) Circle12|Special(1.59/0.06/0.01/1.71/0.26)+Noise"}