{"loss": [82.1289, 76.3672, 68.8477, 72.2656, 71.4844, 71.6797, 0, 0, 0, 0, 0, 0, 0, 0, 0, 0, 0, 0, 0, 0, 0, 0, 0, 0], "time": [0.502146, 0.668283, 0.9203, 1.151059, 1.216271, 1.24944, 100, 100, 100, 100, 100, 100, 100, 100, 100, 100, 100, 100, 100, 100, 100, 100, 100, 100], "score": [-4708.907925122907, -4685.786990220403, -4451.262784203254, -5495.6015757201085, -5525.2837650637275, -5631.3703440233385, 0, 0, 0, 0, 0, 0, 0, 0, 0, 0, 0, 0, 0, 0, 0, 0, 0, 0], "name": "(-5083) Circle15(3/4)Dual(1/4)|Special(1.68/0.78/0.16/1.05/0.6)"}