{"loss": [1.4648, 6.7383, 18.9453, 6.0547, 18.1641, 15.5273, 0, 0, 0, 0, 0, 0, 0, 0, 0, 0, 0, 0, 0, 0, 0, 0, 0, 0], "time": [0.183421, 0.259995, 0.356331, 0.452317, 0.484114, 0.74272, 100, 100, 100, 100, 100, 100, 100, 100, 100, 100, 100, 100, 100, 100, 100, 100, 100, 100], "score": [41.90875058809982, 27.83798901302779, -154.560946493407, 42.599419646775424, -159.98453905328662, -121.59913307057818, 0, 0, 0, 0, 0, 0, 0, 0, 0, 0, 0, 0, 0, 0, 0, 0, 0, 0], "name": "(-53) Circle9|Factor3+LNoise"}