{"loss": [6.6406, 17.4805, 22.7539, 30.1758, 36.2305, 39.9414, 0, 0, 0, 0, 0, 0, 0, 0, 0, 0, 0, 0, 0, 0, 0, 0, 0, 0], "time": [0.22214, 0.287904, 0.415558, 0.523984, 0.556659, 0.857362, 100, 100, 100, 100, 100, 100, 100, 100, 100, 100, 100, 100, 100, 100, 100, 100, 100, 100], "score": [26.347783305349594, -110.30091293245161, -269.29100675308, -586.7516377634737, -904.7524694556802, -1384.5700445329, 0, 0, 0, 0, 0, 0, 0, 0, 0, 0, 0, 0, 0, 0, 0, 0, 0, 0], "name": "(-538) Circle9(1/4)Dual(1/4)|Default+Noise"}