{"loss": [1.2695, 4.5898, 4.9805, 4.5898, 4.6875, 8.2031, 1.5381, 3.2227, 4.8096, 5.4443, 6.2012, 9.3262, 2.0508, 4.0256, 7.5304, 24.6419, 27.2786, 0, 0, 0, 0, 0, 0, 0], "time": [0.229865, 0.304449, 0.390805, 0.486904, 0.544166, 0.831882, 0.778826, 1.225325, 1.606877, 1.58655, 2.056066, 3.107932, 0.921976, 1.781038, 2.020275, 2.569455, 3.157514, 100, 100, 100, 100, 100, 100, 100], "score": [47.17155459435958, 43.55318645678304, 47.00746412189281, 55.07878225078228, 57.55890512297942, 29.833219758497094, 86.16331670512736, 99.19790544391537, 97.43959587028851, 88.62377151472916, 88.24947661417232, 22.956899356629567, 91.98120837385717, 111.82845840851456, 61.53520999845582, -813.0544818828727, -1144.5658589505936, 0, 0, 0, 0, 0, 0, 0], "name": "(-54) SquareDual|Special(1.8/0.52/0.68/1.72/0.67)+Noise"}