{"loss": [13.037, 18.0661, 19.3359, 16.7969, 28.2227, 43.9453, 0, 0, 0, 0, 0, 0, 0, 0, 0, 0, 0, 0, 0, 0, 0, 0, 0, 0], "time": [0.511776, 0.436819, 0.608469, 0.77045, 0.807779, 1.261991, 100, 100, 100, 100, 100, 100, 100, 100, 100, 100, 100, 100, 100, 100, 100, 100, 100, 100], "score": [-50.05075948858952, -149.62233578647465, -213.63619592001533, -159.870254267645, -626.0086965482706, -2057.128365686937, 0, 0, 0, 0, 0, 0, 0, 0, 0, 0, 0, 0, 0, 0, 0, 0, 0, 0], "name": "(-542) Circle9(1/4)|Special(1.61/0.62/0.94/1.68/0.49)+LNoise"}