{"loss": [75.4883, 74.5117, 74.2188, 76.3672, 75.293, 75.4883, 0, 0, 0, 0, 0, 0, 0, 0, 0, 0, 0, 0, 0, 0, 0, 0, 0, 0], "time": [0.473329, 0.69297, 0.926829, 1.101506, 1.160103, 1.746867, 100, 100, 100, 100, 100, 100, 100, 100, 100, 100, 100, 100, 100, 100, 100, 100, 100, 100], "score": [-3851.695574117484, -4538.502104340134, -5206.801750194264, -6015.832963188643, -5998.301458908873, -7399.464961493331, 0, 0, 0, 0, 0, 0, 0, 0, 0, 0, 0, 0, 0, 0, 0, 0, 0, 0], "name": "(-5501) Square|Special(1.1/0.01/0.63/1.34/0.61)"}