{"loss": [43.1641, 65.8203, 76.3672, 81.0547, 83.4961, 65.2344, 0, 0, 0, 0, 0, 0, 0, 0, 0, 0, 0, 0, 0, 0, 0, 0, 0, 0], "time": [0.570261, 0.878634, 1.093686, 1.538178, 1.760827, 1.723839, 100, 100, 100, 100, 100, 100, 100, 100, 100, 100, 100, 100, 100, 100, 100, 100, 100, 100], "score": [-1331.445879264467, -3967.1778195509382, -5994.440611784946, -8024.1396003237205, -9118.34739816618, -5456.001153597735, 0, 0, 0, 0, 0, 0, 0, 0, 0, 0, 0, 0, 0, 0, 0, 0, 0, 0], "name": "(-5648) Square|Special(1.5/0.83/0.06/1.39/0.46)+Noise"}