{"loss": [2.0508, 4.8828, 7.4219, 12.1094, 16.1133, 21.582, 0, 0, 0, 0, 0, 0, 0, 0, 0, 0, 0, 0, 0, 0, 0, 0, 0, 0], "time": [0.226299, 0.312799, 0.421102, 0.562771, 0.572112, 0.723743, 100, 100, 100, 100, 100, 100, 100, 100, 100, 100, 100, 100, 100, 100, 100, 100, 100, 100], "score": [45.570166993300795, 42.59412634667327, 29.14666890091015, -34.98660110941414, -120.7474576167716, -311.18265218797836, 0, 0, 0, 0, 0, 0, 0, 0, 0, 0, 0, 0, 0, 0, 0, 0, 0, 0], "name": "(-58) Circle10(1/4)Dual|Star+Noise"}