{"loss": [7.9047, 10.9619, 18.2617, 7.9102, 21.4844, 16.2109, 0, 0, 0, 0, 0, 0, 0, 0, 0, 0, 0, 0, 0, 0, 0, 0, 0, 0], "time": [0.10071, 0.132063, 0.188138, 0.225859, 0.242169, 0.374832, 100, 100, 100, 100, 100, 100, 100, 100, 100, 100, 100, 100, 100, 100, 100, 100, 100, 100], "score": [11.905552640864025, -7.327421068664875, -101.2758657137334, 17.787866480510623, -177.93566512228534, -99.66778357206641, 0, 0, 0, 0, 0, 0, 0, 0, 0, 0, 0, 0, 0, 0, 0, 0, 0, 0], "name": "(-59) SquareDual(3/4)|Default+LNoise"}