{"loss": [29.3945, 51.3672, 7.6172, 19.043, 27.7344, 24.707, 0, 0, 0, 0, 0, 0, 0, 0, 0, 0, 0, 0, 0, 0, 0, 0, 0, 0], "time": [0.418493, 0.577406, 0.473148, 0.587885, 0.631783, 0.690127, 100, 100, 100, 100, 100, 100, 100, 100, 100, 100, 100, 100, 100, 100, 100, 100, 100, 100], "score": [-494.26320333445153, -1929.0037878753335, 28.875065660919063, -201.37251554036703, -531.9097076030504, -424.0388788608977, 0, 0, 0, 0, 0, 0, 0, 0, 0, 0, 0, 0, 0, 0, 0, 0, 0, 0], "name": "(-591) Circle15(1/3)|Special(1.37/0.95/0.87/1.03/0.6)+Noise"}