{"loss": [72.5586, 26.6602, 15.5273, 8.5938, 7.8125, 11.2305, 0, 0, 0, 0, 0, 0, 0, 0, 0, 0, 0, 0, 0, 0, 0, 0, 0, 0], "time": [0.356562, 0.498652, 0.528028, 0.652562, 0.705375, 0.837984, 100, 100, 100, 100, 100, 100, 100, 100, 100, 100, 100, 100, 100, 100, 100, 100, 100, 100], "score": [-3084.0177528171566, -431.29440395860394, -102.52892305406012, 21.12156718731081, 32.72524982805819, -23.914411814267787, 0, 0, 0, 0, 0, 0, 0, 0, 0, 0, 0, 0, 0, 0, 0, 0, 0, 0], "name": "(-597) Circle11(3/4)Dual(3/4)|Special(1.07/0.89/0.25/1.3/0.99)"}