{"loss": [2.832, 8.7891, 16.3086, 8.9844, 20.8984, 16.1133, 0, 0, 0, 0, 0, 0, 0, 0, 0, 0, 0, 0, 0, 0, 0, 0, 0, 0], "time": [0.154495, 0.221243, 0.297759, 0.364272, 0.400802, 0.6153, 100, 100, 100, 100, 100, 100, 100, 100, 100, 100, 100, 100, 100, 100, 100, 100, 100, 100], "score": [36.15343460757369, 10.701607696945056, -90.56558112324343, 11.63677033656095, -213.1884513122557, -125.22208314334794, 0, 0, 0, 0, 0, 0, 0, 0, 0, 0, 0, 0, 0, 0, 0, 0, 0, 0], "name": "(-61) Circle9(1/4)|Default+LNoise"}