{"loss": [74.2188, 76.8555, 79.1992, 84.082, 85.4492, 79.9805, 0, 0, 0, 0, 0, 0, 0, 0, 0, 0, 0, 0, 0, 0, 0, 0, 0, 0], "time": [0.474329, 0.647644, 0.869171, 0.954805, 1.204027, 1.573624, 100, 100, 100, 100, 100, 100, 100, 100, 100, 100, 100, 100, 100, 100, 100, 100, 100, 100], "score": [-3724.869603163495, -4673.0737933872, -5754.593446966833, -6810.46212308617, -7902.145918614466, -7899.069382359703, 0, 0, 0, 0, 0, 0, 0, 0, 0, 0, 0, 0, 0, 0, 0, 0, 0, 0], "name": "(-6127) Square|Special(1.02/0.08/0.92/1.04/0.63)"}