{"loss": [15.0391, 31.7383, 41.2109, 48.3398, 6.9336, 11.7187, 0, 0, 0, 0, 0, 0, 0, 0, 0, 0, 0, 0, 0, 0, 0, 0, 0, 0], "time": [0.284782, 0.396003, 0.536054, 0.698539, 0.722896, 1.133849, 100, 100, 100, 100, 100, 100, 100, 100, 100, 100, 100, 100, 100, 100, 100, 100, 100, 100], "score": [-67.33299917400248, -570.9651121718708, -1170.234698205741, -1869.4338750844609, 44.14850624216482, -39.74765523020419, 0, 0, 0, 0, 0, 0, 0, 0, 0, 0, 0, 0, 0, 0, 0, 0, 0, 0], "name": "(-612) Circle12|Special(1.53/0.27/0.76/1.94/1.0)+Noise"}