{"loss": [3.125, 5.4688, 6.7383, 11.7187, 15.1367, 23.5352, 0, 0, 0, 0, 0, 0, 0, 0, 0, 0, 0, 0, 0, 0, 0, 0, 0, 0], "time": [0.227636, 0.272847, 0.359213, 0.479464, 0.485344, 0.673633, 100, 100, 100, 100, 100, 100, 100, 100, 100, 100, 100, 100, 100, 100, 100, 100, 100, 100], "score": [43.05191631238899, 36.61250530072316, 32.72136284973979, -25.847104908063322, -89.95334068018755, -372.5437272560881, 0, 0, 0, 0, 0, 0, 0, 0, 0, 0, 0, 0, 0, 0, 0, 0, 0, 0], "name": "(-62) Circle15(1/3)Dual(2/3)|Star+Noise"}