{"loss": [30.8594, 58.3984, 6.9336, 11.5234, 16.7969, 25.5859, 0, 0, 0, 0, 0, 0, 0, 0, 0, 0, 0, 0, 0, 0, 0, 0, 0, 0], "time": [0.401376, 0.578125, 0.467922, 0.605521, 0.632006, 0.981384, 100, 100, 100, 100, 100, 100, 100, 100, 100, 100, 100, 100, 100, 100, 100, 100, 100, 100], "score": [-539.9698331170312, -2517.0266989017855, 35.519335745741614, -25.514639285895964, -144.79582395746507, -549.4514528194621, 0, 0, 0, 0, 0, 0, 0, 0, 0, 0, 0, 0, 0, 0, 0, 0, 0, 0], "name": "(-623) Circle15(1/4)|Special(1.77/0.08/0.28/1.66/0.38)+Noise"}