{"loss": [1.2695, 2.6367, 3.5156, 4.2969, 5.6641, 28.6133, 0, 0, 0, 0, 0, 0, 0, 0, 0, 0, 0, 0, 0, 0, 0, 0, 0, 0], "time": [0.187534, 0.269886, 0.370879, 0.461964, 0.490622, 0.769912, 100, 100, 100, 100, 100, 100, 100, 100, 100, 100, 100, 100, 100, 100, 100, 100, 100, 100], "score": [42.60727635464428, 48.33885385008257, 53.372955084605984, 55.41877640961137, 47.57274524747705, -630.6390229635488, 0, 0, 0, 0, 0, 0, 0, 0, 0, 0, 0, 0, 0, 0, 0, 0, 0, 0], "name": "(-63) Circle13(1/3)|Special(1.25/0.22/0.83/1.31/0.54)+Noise"}