{"loss": [2.0508, 7.0312, 8.8867, 8.2031, 19.3359, 21.1914, 0, 0, 0, 0, 0, 0, 0, 0, 0, 0, 0, 0, 0, 0, 0, 0, 0, 0], "time": [0.185581, 0.264578, 0.364642, 0.43947, 0.480214, 0.740101, 100, 100, 100, 100, 100, 100, 100, 100, 100, 100, 100, 100, 100, 100, 100, 100, 100, 100], "score": [41.267300262766945, 26.007766352424007, 12.697015096641438, 21.68372448516366, -189.78986475273015, -300.3065343600538, 0, 0, 0, 0, 0, 0, 0, 0, 0, 0, 0, 0, 0, 0, 0, 0, 0, 0], "name": "(-64) Circle10(1/4)Dual(1/3)|Default+LNoise"}