{"loss": [47.4609, 68.3594, 76.3672, 81.0547, 82.7148, 84.375, 0, 0, 0, 0, 0, 0, 0, 0, 0, 0, 0, 0, 0, 0, 0, 0, 0, 0], "time": [0.595006, 0.861772, 1.147086, 1.454387, 1.576937, 2.260152, 100, 100, 100, 100, 100, 100, 100, 100, 100, 100, 100, 100, 100, 100, 100, 100, 100, 100], "score": [-1660.3945670926782, -4245.199552327931, -6139.038049505203, -7802.525019868255, -8466.015346041904, -10552.436976523699, 0, 0, 0, 0, 0, 0, 0, 0, 0, 0, 0, 0, 0, 0, 0, 0, 0, 0], "name": "(-6477) Square|Special(1.25/0.15/0.79/1.76/0.28)+Noise"}