{"loss": [25.1953, 3.9062, 7.9102, 10.1562, 12.207, 61.2305, 0, 0, 0, 0, 0, 0, 0, 0, 0, 0, 0, 0, 0, 0, 0, 0, 0, 0], "time": [0.434392, 0.341323, 0.466644, 0.577801, 0.627567, 0.98542, 100, 100, 100, 100, 100, 100, 100, 100, 100, 100, 100, 100, 100, 100, 100, 100, 100, 100], "score": [-352.4803080849788, 49.50846310306485, 25.56807334606982, -2.3931991124534853, -38.82596645744537, -3622.4739714126817, 0, 0, 0, 0, 0, 0, 0, 0, 0, 0, 0, 0, 0, 0, 0, 0, 0, 0], "name": "(-656) Circle15|Special(1.85/0.74/0.71/1.14/0.55)+Noise"}