{"loss": [81.4453, 87.8906, 89.1602, 88.1836, 87.1094, 76.9531, 0, 0, 0, 0, 0, 0, 0, 0, 0, 0, 0, 0, 0, 0, 0, 0, 0, 0], "time": [0.400691, 0.568824, 0.790861, 0.995227, 1.049209, 1.64876, 100, 100, 100, 100, 100, 100, 100, 100, 100, 100, 100, 100, 100, 100, 100, 100, 100, 100], "score": [-4135.612573907409, -5750.624306905285, -6980.625776802592, -7658.005793916344, -7670.074781768549, -7475.400775186711, 0, 0, 0, 0, 0, 0, 0, 0, 0, 0, 0, 0, 0, 0, 0, 0, 0, 0], "name": "(-6611) Circle15(1/3)|Special(1.24/0.7/0.81/1.39/0.28)+Noise"}