{"loss": [5.0781, 5.3711, 6.8359, 10.8398, 5.4688, 8.7891, 3.6621, 4.9316, 7.0312, 9.1309, 5.1514, 8.0811, 2.0074, 3.418, 4.6984, 4.5898, 6.6081, 11.6862, 2.7832, 3.8818, 6.3477, 8.49, 35.0647, 0], "time": [0.443018, 0.655498, 0.813547, 1.093571, 0.77723, 1.256626, 1.479808, 2.603519, 3.304374, 3.093574, 3.214473, 5.011658, 1.653485, 2.761389, 3.507467, 4.410705, 5.412861, 10.66238, 2.271395, 4.023764, 5.937922, 7.553867, 9.330091, 100], "score": [49.39580768471828, 57.6060944433253, 48.04828182599557, -18.30176225420231, 61.793761706235884, 25.504527234170087, 105.33326055311194, 122.11179215035227, 91.91169779216798, 29.243907802977553, 131.71159593491066, 77.67261098459093, 123.40625893171553, 146.76059396496228, 145.93982341965784, 165.77409457790262, 131.0618905795114, -119.4042051360112, 139.03706333658002, 170.36708911872796, 145.4924130189706, 76.73588839565885, -3450.1814431012854, 0], "name": "(-67) Square|Special(1.13/0.49/0.05/1.67/0.73)"}