{"loss": [36.2305, 5.7617, 4.7852, 9.1797, 9.082, 57.1289, 0, 0, 0, 0, 0, 0, 0, 0, 0, 0, 0, 0, 0, 0, 0, 0, 0, 0], "time": [0.468919, 0.391269, 0.52551, 0.682003, 0.704198, 1.119211, 100, 100, 100, 100, 100, 100, 100, 100, 100, 100, 100, 100, 100, 100, 100, 100, 100, 100], "score": [-830.3937555708744, 41.78616082951327, 55.89273388631432, 12.99294691077847, 14.699885987236042, -3346.9777018181035, 0, 0, 0, 0, 0, 0, 0, 0, 0, 0, 0, 0, 0, 0, 0, 0, 0, 0], "name": "(-675) Circle12(1/4)|Special(1.13/0.76/0.77/1.34/0.54)+Noise"}