{"loss": [2.7621, 8.1049, 22.5795, 16.2109, 21.0435, 11.9863, 0, 0, 0, 0, 0, 0, 0, 0, 0, 0, 0, 0, 0, 0, 0, 0, 0, 0], "time": [0.138776, 0.167037, 0.211191, 0.235569, 0.265384, 0.392744, 100, 100, 100, 100, 100, 100, 100, 100, 100, 100, 100, 100, 100, 100, 100, 100, 100, 100], "score": [34.410573006347256, 14.02279556862538, -188.3412713262067, -79.01245200483889, -176.60979370951017, -27.368548915176557, 0, 0, 0, 0, 0, 0, 0, 0, 0, 0, 0, 0, 0, 0, 0, 0, 0, 0], "name": "(-70) SquareDual(1/4)|Star+LNoise"}