{"loss": [2.2461, 7.1289, 8.3008, 12.0117, 15.5273, 23.5352, 0, 0, 0, 0, 0, 0, 0, 0, 0, 0, 0, 0, 0, 0, 0, 0, 0, 0], "time": [0.22524, 0.308157, 0.410921, 0.490076, 0.544985, 0.702818, 100, 100, 100, 100, 100, 100, 100, 100, 100, 100, 100, 100, 100, 100, 100, 100, 100, 100], "score": [45.06514331792309, 27.300073219953767, 19.933967342601385, -30.999059552086102, -104.16221194690466, -380.52834831871434, 0, 0, 0, 0, 0, 0, 0, 0, 0, 0, 0, 0, 0, 0, 0, 0, 0, 0], "name": "(-70) Circle12(1/4)Dual(2/3)|Star+Noise"}