{"loss": [6.7376, 15.1855, 17.6758, 8.4961, 21.6797, 14.7461, 0, 0, 0, 0, 0, 0, 0, 0, 0, 0, 0, 0, 0, 0, 0, 0, 0, 0], "time": [0.141461, 0.180776, 0.249032, 0.308203, 0.32913, 0.514877, 100, 100, 100, 100, 100, 100, 100, 100, 100, 100, 100, 100, 100, 100, 100, 100, 100, 100], "score": [20.537555737833262, -55.52794511054536, -106.01111735736556, 15.442498043667186, -212.27384325626053, -84.27434661757712, 0, 0, 0, 0, 0, 0, 0, 0, 0, 0, 0, 0, 0, 0, 0, 0, 0, 0], "name": "(-70) Circle12(1/4)|Default+LNoise"}