{"loss": [6.0547, 13.7695, 19.3359, 9.7656, 24.2188, 14.1602, 0, 0, 0, 0, 0, 0, 0, 0, 0, 0, 0, 0, 0, 0, 0, 0, 0, 0], "time": [0.092248, 0.129126, 0.180875, 0.228803, 0.245047, 0.379973, 100, 100, 100, 100, 100, 100, 100, 100, 100, 100, 100, 100, 100, 100, 100, 100, 100, 100], "score": [19.23803483323985, -32.19664676301898, -116.47826145813178, 2.216146502336715, -240.85319733841087, -61.95710312551496, 0, 0, 0, 0, 0, 0, 0, 0, 0, 0, 0, 0, 0, 0, 0, 0, 0, 0], "name": "(-71) SquareDual|Default+LNoise"}