{"loss": [1.5625, 5.2734, 6.1523, 13.7695, 15.5273, 23.2422, 0, 0, 0, 0, 0, 0, 0, 0, 0, 0, 0, 0, 0, 0, 0, 0, 0, 0], "time": [0.250778, 0.300781, 0.460075, 0.554805, 0.579935, 0.756994, 100, 100, 100, 100, 100, 100, 100, 100, 100, 100, 100, 100, 100, 100, 100, 100, 100, 100], "score": [48.85513850198613, 39.592212873722765, 42.155077588266636, -66.73812132324551, -107.45028685628206, -382.9976591045258, 0, 0, 0, 0, 0, 0, 0, 0, 0, 0, 0, 0, 0, 0, 0, 0, 0, 0], "name": "(-71) Circle10(1/4)Dual(2/3)|Star+Noise"}