{"loss": [1.5625, 5.2734, 6.1523, 13.7695, 15.5273, 23.2422, 0, 0, 0, 0, 0, 0, 0, 0, 0, 0, 0, 0, 0, 0, 0, 0, 0, 0], "time": [0.228302, 0.302128, 0.429765, 0.54319, 0.580823, 0.759629, 100, 100, 100, 100, 100, 100, 100, 100, 100, 100, 100, 100, 100, 100, 100, 100, 100, 100], "score": [46.614431242091236, 39.680767562653664, 40.74282114385219, -66.03583549597944, -107.53251965593309, -383.6636631505721, 0, 0, 0, 0, 0, 0, 0, 0, 0, 0, 0, 0, 0, 0, 0, 0, 0, 0], "name": "(-71) Circle11(1/4)Dual(2/3)|Star+Noise"}