{"loss": [93.0664, 87.5977, 83.1055, 79.7852, 12.793, 38.4766, 0, 0, 0, 0, 0, 0, 0, 0, 0, 0, 0, 0, 0, 0, 0, 0, 0, 0], "time": [1.253713, 1.765636, 2.561462, 2.682683, 1.494253, 2.152475, 100, 100, 100, 100, 100, 100, 100, 100, 100, 100, 100, 100, 100, 100, 100, 100, 100, 100], "score": [-9586.091289482301, -10063.267557793992, -10893.5478952518, -10262.490319861821, -77.81879371311105, -2025.299917757596, 0, 0, 0, 0, 0, 0, 0, 0, 0, 0, 0, 0, 0, 0, 0, 0, 0, 0], "name": "(-7151) Square|Special(1.84/0.86/0.85/1.62/0.51)"}