{"loss": [5.1758, 7.5195, 23.6328, 29.8828, 38.4766, 57.9102, 0, 0, 0, 0, 0, 0, 0, 0, 0, 0, 0, 0, 0, 0, 0, 0, 0, 0], "time": [0.210193, 0.289042, 0.401732, 0.490461, 0.516964, 0.602501, 100, 100, 100, 100, 100, 100, 100, 100, 100, 100, 100, 100, 100, 100, 100, 100, 100, 100], "score": [33.56495143254, 23.36368894579622, -290.6138457578157, -555.3482712582598, -992.545529426262, -2525.4680544806242, 0, 0, 0, 0, 0, 0, 0, 0, 0, 0, 0, 0, 0, 0, 0, 0, 0, 0], "name": "(-717) Circle15(1/4)|Special(1.75/0.61/0.33/1.04/0.71)"}