{"loss": [88.1836, 88.5742, 93.1641, 95.9961, 45.8008, 81.6406, 0, 0, 0, 0, 0, 0, 0, 0, 0, 0, 0, 0, 0, 0, 0, 0, 0, 0], "time": [0.681597, 0.891125, 1.214995, 1.518248, 0.779801, 1.211857, 100, 100, 100, 100, 100, 100, 100, 100, 100, 100, 100, 100, 100, 100, 100, 100, 100, 100], "score": [-6337.506982968703, -7311.602000048692, -9456.963897000647, -11231.557921100959, -1764.107517548593, -7227.24581577484, 0, 0, 0, 0, 0, 0, 0, 0, 0, 0, 0, 0, 0, 0, 0, 0, 0, 0], "name": "(-7221) Circle15(3/4)|Special(1.27/0.85/0.62/1.11/0.5)"}