{"loss": [9.375, 21.4844, 26.2695, 30.2734, 36.7187, 50.293, 0, 0, 0, 0, 0, 0, 0, 0, 0, 0, 0, 0, 0, 0, 0, 0, 0, 0], "time": [0.229605, 0.315091, 0.422299, 0.521157, 0.562912, 0.877686, 100, 100, 100, 100, 100, 100, 100, 100, 100, 100, 100, 100, 100, 100, 100, 100, 100, 100], "score": [5.802463258350022, -202.96527012818586, -383.46506233742394, -589.4258419451357, -936.5399907277197, -2275.967639975751, 0, 0, 0, 0, 0, 0, 0, 0, 0, 0, 0, 0, 0, 0, 0, 0, 0, 0], "name": "(-730) Circle9(3/4)|Special(1.48/0.24/0.07/1.32/0.89)"}