{"loss": [2.9297, 2.5391, 2.832, 5.5664, 4.8828, 10.3516, 73.584, 0, 0, 0, 0, 0, 0, 0, 0, 0, 0, 0, 0, 0, 0, 0, 0, 0], "time": [0.304917, 0.370596, 0.518547, 0.647059, 0.689575, 1.023564, 1.050171, 100, 100, 100, 100, 100, 100, 100, 100, 100, 100, 100, 100, 100, 100, 100, 100, 100], "score": [50.479739976680584, 56.95186477415722, 66.2348276565875, 55.51580422909501, 63.24231963959302, -7.2394392160697505, -5446.2930646379955, 0, 0, 0, 0, 0, 0, 0, 0, 0, 0, 0, 0, 0, 0, 0, 0, 0], "name": "(-737) SquareDual|Special(1.76/0.42/0.43/1.6/0.53)"}