{"loss": [95.5078, 96.4844, 72.4609, 68.0664, 62.0117, 45.5078, 0, 0, 0, 0, 0, 0, 0, 0, 0, 0, 0, 0, 0, 0, 0, 0, 0, 0], "time": [1.461812, 2.249154, 1.426596, 1.618587, 1.730253, 2.320234, 100, 100, 100, 100, 100, 100, 100, 100, 100, 100, 100, 100, 100, 100, 100, 100, 100, 100], "score": [-10907.772251657469, -13811.261915352545, -6151.865179682022, -5767.094634450108, -4926.731765847734, -3002.2280141966794, 0, 0, 0, 0, 0, 0, 0, 0, 0, 0, 0, 0, 0, 0, 0, 0, 0, 0], "name": "(-7427) Square|Special(1.92/0.37/0.03/1.93/0.64)"}