{"loss": [25.5859, 19.1406, 11.5234, 8.6914, 7.9102, 10.9375, 0, 0, 0, 0, 0, 0, 0, 0, 0, 0, 0, 0, 0, 0, 0, 0, 0, 0], "time": [0.289021, 0.370667, 0.50834, 0.626582, 0.682473, 1.012279, 100, 100, 100, 100, 100, 100, 100, 100, 100, 100, 100, 100, 100, 100, 100, 100, 100, 100], "score": [-298.1772733943484, -162.16799804376436, -23.377710188933367, 19.36144223753513, 30.92059893492651, -19.749050233192072, 0, 0, 0, 0, 0, 0, 0, 0, 0, 0, 0, 0, 0, 0, 0, 0, 0, 0], "name": "(-75) SquareDual(1/4)|Special(1.67/0.32/0.78/1.95/0.73)"}