{"loss": [1.2695, 2.3438, 2.5391, 3.7109, 4.5898, 7.9102, 1.1963, 2.9785, 4.3213, 4.6631, 5.4932, 15.0635, 1.7361, 2.5933, 3.8303, 6.2174, 8.9952, 16.3303, 1.4587, 2.6794, 4.1504, 6.8115, 9.5276, 35.8337], "time": [0.172923, 0.241466, 0.335328, 0.417396, 0.447134, 0.537697, 0.544321, 0.87334, 1.165188, 0.900128, 1.18333, 1.815597, 0.530554, 0.986762, 1.184646, 1.492316, 1.849952, 2.957738, 0.591069, 1.09504, 1.602126, 2.212675, 2.581639, 5.435219], "score": [40.9138308444295, 46.43977856219243, 54.17419845416308, 55.70941590354023, 52.78147298342163, 27.445678210596512, 72.72224985063814, 85.1620441989567, 87.78683062658955, 74.2449633819573, 75.95604625631869, -171.00242162235256, 70.64373474322576, 92.65535236549505, 92.87310041327443, 74.93799075180597, 25.959942549818027, -286.6552829614327, 75.24513341302587, 97.13156184657295, 104.77151418187437, 79.73549611439093, 14.821990003458302, -2760.4510702842404], "name": "(-75) Circle15(1/3)|Special(1.14/0.58/0.1/1.39/0.69)+Noise"}