{"loss": [42.9688, 61.2305, 40.918, 6.6406, 4.6875, 8.6914, 0, 0, 0, 0, 0, 0, 0, 0, 0, 0, 0, 0, 0, 0, 0, 0, 0, 0], "time": [0.413893, 0.479845, 0.400135, 0.500743, 0.536089, 0.839843, 100, 100, 100, 100, 100, 100, 100, 100, 100, 100, 100, 100, 100, 100, 100, 100, 100, 100], "score": [-1123.485094292615, -2527.813764234048, -995.8318218739449, 39.55834763304507, 57.13013768112243, 22.415467496317717, 0, 0, 0, 0, 0, 0, 0, 0, 0, 0, 0, 0, 0, 0, 0, 0, 0, 0], "name": "(-754) SquareDual(1/3)|Special(1.08/0.77/0.84/1.66/0.52)+Noise"}