{"loss": [1.3672, 1.8555, 2.5391, 15.625, 26.1719, 15.332, 0, 0, 0, 0, 0, 0, 0, 0, 0, 0, 0, 0, 0, 0, 0, 0, 0, 0], "time": [0.26374, 0.293496, 0.440416, 0.54765, 0.511519, 0.538042, 100, 100, 100, 100, 100, 100, 100, 100, 100, 100, 100, 100, 100, 100, 100, 100, 100, 100], "score": [50.39566515796513, 52.31008140197787, 62.085349334862826, -106.6689320045564, -418.37261890529726, -99.07582771739007, 0, 0, 0, 0, 0, 0, 0, 0, 0, 0, 0, 0, 0, 0, 0, 0, 0, 0], "name": "(-76) SquareDual(1/3)|Special(1.21/0.74/0.07/1.17/0.61)+Noise"}