{"loss": [15.625, 5.957, 16.2109, 8.1055, 19.1406, 16.8945, 0, 0, 0, 0, 0, 0, 0, 0, 0, 0, 0, 0, 0, 0, 0, 0, 0, 0], "time": [0.342675, 0.290553, 0.389355, 0.515783, 0.532686, 0.584258, 100, 100, 100, 100, 100, 100, 100, 100, 100, 100, 100, 100, 100, 100, 100, 100, 100, 100], "score": [-84.37768611446975, 34.775042413106526, -101.58026663052458, 24.63421028114155, -194.4056287977315, -141.73221829210976, 0, 0, 0, 0, 0, 0, 0, 0, 0, 0, 0, 0, 0, 0, 0, 0, 0, 0], "name": "(-77) SquareDual(1/3)|Special(1.09/0.85/0.88/1.3/0.6)+LNoise"}