{"loss": [1.6602, 12.9883, 19.6289, 12.793, 22.8516, 15.0391, 0, 0, 0, 0, 0, 0, 0, 0, 0, 0, 0, 0, 0, 0, 0, 0, 0, 0], "time": [0.108497, 0.153724, 0.211025, 0.262967, 0.282429, 0.445631, 100, 100, 100, 100, 100, 100, 100, 100, 100, 100, 100, 100, 100, 100, 100, 100, 100, 100], "score": [32.03100021655059, -26.93406408989062, -131.05667912618935, -32.64547951353237, -224.3718507490189, -84.22856251287294, 0, 0, 0, 0, 0, 0, 0, 0, 0, 0, 0, 0, 0, 0, 0, 0, 0, 0], "name": "(-77) Circle15(1/3)|Default+LNoise"}