{"loss": [2.1484, 8.4961, 11.4258, 8.8867, 21.9727, 20.4102, 0, 0, 0, 0, 0, 0, 0, 0, 0, 0, 0, 0, 0, 0, 0, 0, 0, 0], "time": [0.190974, 0.270729, 0.361089, 0.458628, 0.499443, 0.632215, 100, 100, 100, 100, 100, 100, 100, 100, 100, 100, 100, 100, 100, 100, 100, 100, 100, 100], "score": [41.68351861492475, 14.473264990488945, -18.357045581900504, 14.239625705050043, -270.5293434512076, -251.71595693714383, 0, 0, 0, 0, 0, 0, 0, 0, 0, 0, 0, 0, 0, 0, 0, 0, 0, 0], "name": "(-78) Circle14(1/4)Dual|Star+LNoise"}