{"loss": [4.6712, 10.0586, 23.0469, 9.4727, 22.4609, 16.9922, 0, 0, 0, 0, 0, 0, 0, 0, 0, 0, 0, 0, 0, 0, 0, 0, 0, 0], "time": [0.103543, 0.140736, 0.18029, 0.234172, 0.2515, 0.378945, 100, 100, 100, 100, 100, 100, 100, 100, 100, 100, 100, 100, 100, 100, 100, 100, 100, 100], "score": [25.156801911265433, -0.4409616649106836, -183.07282336423225, 4.968798978886392, -202.85184506127547, -116.18236583179133, 0, 0, 0, 0, 0, 0, 0, 0, 0, 0, 0, 0, 0, 0, 0, 0, 0, 0], "name": "(-78) SquareDual(2/3)|Default+LNoise"}