{"loss": [1.5625, 5.2734, 6.1523, 13.7695, 15.5273, 23.4375, 0, 0, 0, 0, 0, 0, 0, 0, 0, 0, 0, 0, 0, 0, 0, 0, 0, 0], "time": [0.22426, 0.320918, 0.438396, 0.558093, 0.573802, 0.916832, 100, 100, 100, 100, 100, 100, 100, 100, 100, 100, 100, 100, 100, 100, 100, 100, 100, 100], "score": [46.1999430804707, 40.896073709520664, 41.14990785347268, -66.93558780927881, -106.88061598964836, -430.22650066386444, 0, 0, 0, 0, 0, 0, 0, 0, 0, 0, 0, 0, 0, 0, 0, 0, 0, 0], "name": "(-79) Circle10(1/4)Dual(2/3)|Factor3+Noise"}