{"loss": [1.2695, 2.6367, 3.3203, 9.082, 9.7656, 28.125, 0, 0, 0, 0, 0, 0, 0, 0, 0, 0, 0, 0, 0, 0, 0, 0, 0, 0], "time": [0.232318, 0.291282, 0.417623, 0.512687, 0.559576, 0.875862, 100, 100, 100, 100, 100, 100, 100, 100, 100, 100, 100, 100, 100, 100, 100, 100, 100, 100], "score": [47.422581839800806, 50.21841419422749, 57.499380859849964, 12.542748825041182, 3.465749340882481, -646.7042422784127, 0, 0, 0, 0, 0, 0, 0, 0, 0, 0, 0, 0, 0, 0, 0, 0, 0, 0], "name": "(-79) SquareDual(3/4)|Special(1.16/0.12/0.35/1.98/0.45)+Noise"}