{"loss": [1.8529, 9.5912, 19.5313, 11.3281, 26.1719, 13.6719, 0, 0, 0, 0, 0, 0, 0, 0, 0, 0, 0, 0, 0, 0, 0, 0, 0, 0], "time": [0.132648, 0.169875, 0.22671, 0.272992, 0.289927, 0.363352, 100, 100, 100, 100, 100, 100, 100, 100, 100, 100, 100, 100, 100, 100, 100, 100, 100, 100], "score": [35.17045773038852, 3.3009326259703866, -134.02013258928375, -14.79987015459888, -314.97544601344146, -52.3947461067006, 0, 0, 0, 0, 0, 0, 0, 0, 0, 0, 0, 0, 0, 0, 0, 0, 0, 0], "name": "(-79) SquareDual(3/4)|Star+LNoise"}