{"loss": [13.4255, 25.1953, 31.8359, 28.2227, 40.4297, 47.2656, 0, 0, 0, 0, 0, 0, 0, 0, 0, 0, 0, 0, 0, 0, 0, 0, 0, 0], "time": [0.256334, 0.353539, 0.497039, 0.622479, 0.670272, 0.867142, 100, 100, 100, 100, 100, 100, 100, 100, 100, 100, 100, 100, 100, 100, 100, 100, 100, 100], "score": [-40.627111731857745, -317.98937913185296, -644.0438632034919, -549.5363685948106, -1256.3469625942098, -1987.2250101357588, 0, 0, 0, 0, 0, 0, 0, 0, 0, 0, 0, 0, 0, 0, 0, 0, 0, 0], "name": "(-799) Circle9(1/4)Dual(1/4)|Star+LNoise"}