{"loss": [1.3672, 4.2969, 5.3711, 8.6914, 10.7422, 15.2344, 3.6865, 7.3486, 12.9395, 14.7217, 0, 0, 0, 0, 0, 0, 0, 0, 0, 0, 0, 0, 0, 0], "time": [0.264764, 0.299615, 0.426952, 0.510161, 0.496841, 0.876277, 0.766244, 1.266246, 1.604475, 1.579571, 100, 100, 100, 100, 100, 100, 100, 100, 100, 100, 100, 100, 100, 100], "score": [50.49340377824966, 44.63079699360017, 46.49136236428863, 17.470380953800667, -10.851367731485693, -123.64614955229489, 75.63906120759718, 51.76053170761005, -85.41298295452997, -146.70546689758362, 0, 0, 0, 0, 0, 0, 0, 0, 0, 0, 0, 0, 0, 0], "name": "(-8) SquareDual(1/3)|Special(1.85/0.07/0.99/1.94/0.62)+Noise"}