{"loss": [1.4648, 2.4414, 3.0273, 4.5898, 4.4922, 10.3516, 1.3916, 2.9297, 3.4424, 4.3213, 6.0059, 9.4727, 1.8772, 2.5391, 3.9171, 6.0872, 8.5286, 26.9206, 0, 0, 0, 0, 0, 0], "time": [0.16536, 0.22764, 0.325077, 0.400189, 0.426315, 0.67274, 0.422462, 0.681951, 0.89646, 0.847167, 1.146544, 1.698015, 0.498444, 0.883678, 1.114051, 1.398345, 1.719801, 3.263572, 100, 100, 100, 100, 100, 100], "score": [39.791967839779495, 44.8678133774414, 51.790310663947, 49.93387067006042, 52.11680546058211, -5.86909379444196, 63.738375601483376, 75.49233794008452, 83.46169386537444, 74.85415004754675, 68.45330107369814, 13.379956627388413, 68.11268743767981, 87.94367428600474, 89.35358076611224, 74.43467180822871, 35.75299729448189, -1128.5767740917775, 0, 0, 0, 0, 0, 0], "name": "(-8) Circle16(2/3)|Special(1.39/0.0/0.86/1.41/0.61)+Noise"}