{"loss": [1.1719, 3.6133, 3.8086, 5.4688, 7.2266, 15.2344, 11.8408, 27.0752, 0, 0, 0, 0, 0, 0, 0, 0, 0, 0, 0, 0, 0, 0, 0, 0], "time": [0.210622, 0.287105, 0.405056, 0.484533, 0.561836, 0.865033, 0.765822, 1.284074, 100, 100, 100, 100, 100, 100, 100, 100, 100, 100, 100, 100, 100, 100, 100, 100], "score": [45.26329333530359, 46.586524284961136, 54.412170100309915, 48.79008070256122, 35.81103413060865, -122.85030188832464, -35.18350215192828, -717.3718453313708, 0, 0, 0, 0, 0, 0, 0, 0, 0, 0, 0, 0, 0, 0, 0, 0], "name": "(-80) SquareDual(1/3)|Special(1.83/0.34/0.92/1.79/0.47)+Noise"}