{"loss": [12.8343, 26.2196, 30.6634, 28.125, 39.0625, 47.6562, 0, 0, 0, 0, 0, 0, 0, 0, 0, 0, 0, 0, 0, 0, 0, 0, 0, 0], "time": [0.231674, 0.312336, 0.487948, 0.608774, 0.648288, 1.022026, 100, 100, 100, 100, 100, 100, 100, 100, 100, 100, 100, 100, 100, 100, 100, 100, 100, 100], "score": [-31.15101255945157, -328.31808915678215, -586.9380198393327, -539.1578286143946, -1148.0654189791617, -2194.8936376301435, 0, 0, 0, 0, 0, 0, 0, 0, 0, 0, 0, 0, 0, 0, 0, 0, 0, 0], "name": "(-804) Circle9(1/4)Dual(1/4)|Factor3+LNoise"}