{"loss": [3.9062, 12.3047, 20.3125, 29.1992, 36.3281, 50.8789, 0, 0, 0, 0, 0, 0, 0, 0, 0, 0, 0, 0, 0, 0, 0, 0, 0, 0], "time": [0.330271, 0.48095, 0.631579, 0.803059, 0.845937, 1.323223, 100, 100, 100, 100, 100, 100, 100, 100, 100, 100, 100, 100, 100, 100, 100, 100, 100, 100], "score": [48.70032823516926, -35.65010002237915, -248.42743661863506, -674.4256253968214, -1121.845418252468, -2862.7440337364865, 0, 0, 0, 0, 0, 0, 0, 0, 0, 0, 0, 0, 0, 0, 0, 0, 0, 0], "name": "(-815) Circle16(3/4)Dual(3/4)|Special(1.76/0.18/0.91/1.32/0.42)+Noise"}