{"loss": [28.7109, 42.9688, 50.3906, 21.1914, 24.4141, 43.6523, 0, 0, 0, 0, 0, 0, 0, 0, 0, 0, 0, 0, 0, 0, 0, 0, 0, 0], "time": [0.250985, 0.278407, 0.431054, 0.482087, 0.521524, 0.615012, 100, 100, 100, 100, 100, 100, 100, 100, 100, 100, 100, 100, 100, 100, 100, 100, 100, 100], "score": [-362.87063907886767, -921.4321247862547, -1601.4577624622696, -242.37174899476292, -358.22929351077977, -1415.940131651362, 0, 0, 0, 0, 0, 0, 0, 0, 0, 0, 0, 0, 0, 0, 0, 0, 0, 0], "name": "(-817) Circle15(3/4)|Special(1.31/0.35/0.55/1.04/0.68)"}