{"loss": [91.5039, 85.0586, 78.125, 69.043, 63.8672, 45.6055, 0, 0, 0, 0, 0, 0, 0, 0, 0, 0, 0, 0, 0, 0, 0, 0, 0, 0], "time": [1.603211, 1.80346, 2.432018, 3.138365, 3.698312, 5.822547, 100, 100, 100, 100, 100, 100, 100, 100, 100, 100, 100, 100, 100, 100, 100, 100, 100, 100], "score": [-10475.05860823371, -9581.756513848637, -9362.439789829958, -8267.678060504772, -7652.050226846257, -4777.397088306924, 0, 0, 0, 0, 0, 0, 0, 0, 0, 0, 0, 0, 0, 0, 0, 0, 0, 0], "name": "(-8352) Square|Special(1.37/0.48/0.5/1.26/0.27)"}