{"loss": [9.082, 13.2812, 21.7773, 11.1328, 22.9492, 14.2578, 0, 0, 0, 0, 0, 0, 0, 0, 0, 0, 0, 0, 0, 0, 0, 0, 0, 0], "time": [0.113866, 0.161339, 0.220342, 0.27387, 0.29062, 0.373434, 100, 100, 100, 100, 100, 100, 100, 100, 100, 100, 100, 100, 100, 100, 100, 100, 100, 100], "score": [5.911036009028056, -30.683701206314048, -175.6755716697759, -12.528022195926301, -230.01203601950849, -63.116600141999946, 0, 0, 0, 0, 0, 0, 0, 0, 0, 0, 0, 0, 0, 0, 0, 0, 0, 0], "name": "(-84) SquareDual(1/3)|Star+LNoise"}