{"loss": [1.5625, 10.0586, 19.2383, 32.6172, 40.2344, 55.5664, 0, 0, 0, 0, 0, 0, 0, 0, 0, 0, 0, 0, 0, 0, 0, 0, 0, 0], "time": [0.25218, 0.361298, 0.495017, 0.610662, 0.650271, 1.031262, 100, 100, 100, 100, 100, 100, 100, 100, 100, 100, 100, 100, 100, 100, 100, 100, 100, 100], "score": [48.99151298242325, -0.706530659744003, -190.04403204469813, -753.2240858037347, -1224.7565395526617, -3033.964987835152, 0, 0, 0, 0, 0, 0, 0, 0, 0, 0, 0, 0, 0, 0, 0, 0, 0, 0], "name": "(-858) Circle14(1/3)|Special(1.19/0.09/0.67/1.35/0.45)+Noise"}