{"loss": [20.4102, 2.6367, 4.4922, 14.7461, 16.9922, 20.1172, 0, 0, 0, 0, 0, 0, 0, 0, 0, 0, 0, 0, 0, 0, 0, 0, 0, 0], "time": [0.269719, 0.269872, 0.373126, 0.46868, 0.491731, 0.612025, 100, 100, 100, 100, 100, 100, 100, 100, 100, 100, 100, 100, 100, 100, 100, 100, 100, 100], "score": [-164.41223004464567, 48.33760007491372, 48.7573661067861, -80.40477829238907, -132.34755403310794, -238.37434330675777, 0, 0, 0, 0, 0, 0, 0, 0, 0, 0, 0, 0, 0, 0, 0, 0, 0, 0], "name": "(-86) Circle11(3/4)|Special(1.34/0.67/0.67/1.05/0.86)"}