{"loss": [18.8477, 3.8086, 13.8672, 22.7539, 8.6914, 13.8672, 0, 0, 0, 0, 0, 0, 0, 0, 0, 0, 0, 0, 0, 0, 0, 0, 0, 0], "time": [0.302426, 0.308721, 0.424731, 0.529505, 0.450665, 0.692135, 100, 100, 100, 100, 100, 100, 100, 100, 100, 100, 100, 100, 100, 100, 100, 100, 100, 100], "score": [-140.3625159512337, 47.50306130769097, -60.1526944285243, -303.9772340438695, 16.42009490490021, -76.78802738231283, 0, 0, 0, 0, 0, 0, 0, 0, 0, 0, 0, 0, 0, 0, 0, 0, 0, 0], "name": "(-86) Circle9(2/3)|Special(1.44/0.8/0.87/1.01/0.97)"}