{"loss": [6.7383, 22.4609, 27.7344, 34.7656, 39.2578, 52.0508, 0, 0, 0, 0, 0, 0, 0, 0, 0, 0, 0, 0, 0, 0, 0, 0, 0, 0], "time": [0.256549, 0.336086, 0.476135, 0.63512, 0.677225, 0.897966, 100, 100, 100, 100, 100, 100, 100, 100, 100, 100, 100, 100, 100, 100, 100, 100, 100, 100], "score": [27.652889876927205, -234.49585933981163, -461.7628629927293, -883.5297110759982, -1185.9958485397542, -2472.5870717362604, 0, 0, 0, 0, 0, 0, 0, 0, 0, 0, 0, 0, 0, 0, 0, 0, 0, 0], "name": "(-868) Circle9(1/4)Dual(2/3)|Star+Noise"}