{"loss": [11.6211, 30.6641, 39.1602, 42.5781, 44.4336, 9.1797, 0, 0, 0, 0, 0, 0, 0, 0, 0, 0, 0, 0, 0, 0, 0, 0, 0, 0], "time": [0.363589, 0.51594, 0.729597, 0.911892, 0.891099, 0.820909, 100, 100, 100, 100, 100, 100, 100, 100, 100, 100, 100, 100, 100, 100, 100, 100, 100, 100], "score": [-21.134547753848967, -603.5694633663164, -1224.4629795614926, -1635.6950634192353, -1769.3447668839772, 14.254829591704523, 0, 0, 0, 0, 0, 0, 0, 0, 0, 0, 0, 0, 0, 0, 0, 0, 0, 0], "name": "(-873) SquareDual(1/3)|Special(1.89/0.48/0.25/1.96/0.45)+Noise"}