{"loss": [12.8906, 36.3281, 40.918, 5.957, 4.9805, 53.418, 0, 0, 0, 0, 0, 0, 0, 0, 0, 0, 0, 0, 0, 0, 0, 0, 0, 0], "time": [0.394909, 0.571138, 0.823818, 0.706739, 0.74927, 1.172617, 100, 100, 100, 100, 100, 100, 100, 100, 100, 100, 100, 100, 100, 100, 100, 100, 100, 100], "score": [-41.58088135393944, -921.7953996721059, -1428.888588981177, 54.23560826134461, 65.08875126316063, -2981.6759956657265, 0, 0, 0, 0, 0, 0, 0, 0, 0, 0, 0, 0, 0, 0, 0, 0, 0, 0], "name": "(-875) Square|Special(1.1/0.85/0.98/1.55/0.7)+Noise"}