{"loss": [10.6445, 29.2969, 44.7266, 56.7383, 5.7617, 21.6797, 0, 0, 0, 0, 0, 0, 0, 0, 0, 0, 0, 0, 0, 0, 0, 0, 0, 0], "time": [0.355425, 0.516908, 0.682549, 0.871766, 0.544572, 0.880862, 100, 100, 100, 100, 100, 100, 100, 100, 100, 100, 100, 100, 100, 100, 100, 100, 100, 100], "score": [-7.932339192381769, -545.1957538753737, -1570.1012145878492, -2912.379833668229, 49.29721729366636, -347.2695350844016, 0, 0, 0, 0, 0, 0, 0, 0, 0, 0, 0, 0, 0, 0, 0, 0, 0, 0], "name": "(-888) SquareDual(3/4)|Special(1.14/0.81/0.16/1.82/0.48)+Noise"}