{"loss": [1.9531, 8.0078, 8.5938, 13.7695, 18.1641, 23.1445, 0, 0, 0, 0, 0, 0, 0, 0, 0, 0, 0, 0, 0, 0, 0, 0, 0, 0], "time": [0.226774, 0.312059, 0.446251, 0.555041, 0.591224, 0.758375, 100, 100, 100, 100, 100, 100, 100, 100, 100, 100, 100, 100, 100, 100, 100, 100, 100, 100], "score": [45.804251163792834, 20.040656794446065, 17.46645824594487, -66.75231416762752, -176.79916965416749, -379.40019223032044, 0, 0, 0, 0, 0, 0, 0, 0, 0, 0, 0, 0, 0, 0, 0, 0, 0, 0], "name": "(-89) Circle10(1/4)Dual(1/3)|Star+Noise"}