{"loss": [18.5547, 20.8008, 15.0391, 10.2539, 12.1094, 14.9414, 0, 0, 0, 0, 0, 0, 0, 0, 0, 0, 0, 0, 0, 0, 0, 0, 0, 0], "time": [0.261917, 0.314096, 0.437703, 0.536992, 0.572385, 0.708967, 100, 100, 100, 100, 100, 100, 100, 100, 100, 100, 100, 100, 100, 100, 100, 100, 100, 100], "score": [-125.01560579702202, -186.4443056887969, -83.47596594269162, -3.7683850321559373, -35.28417932700911, -103.77287495246176, 0, 0, 0, 0, 0, 0, 0, 0, 0, 0, 0, 0, 0, 0, 0, 0, 0, 0], "name": "(-89) Circle9(1/3)|Star"}