{"loss": [89.1602, 88.6719, 83.8867, 86.6211, 86.9141, 85.6445, 0, 0, 0, 0, 0, 0, 0, 0, 0, 0, 0, 0, 0, 0, 0, 0, 0, 0], "time": [0.793651, 0.989368, 1.407707, 1.530441, 1.750973, 2.64813, 100, 100, 100, 100, 100, 100, 100, 100, 100, 100, 100, 100, 100, 100, 100, 100, 100, 100], "score": [-6992.928064647645, -7721.3290318417085, -8230.504934500512, -9158.590810506294, -9863.536459370765, -11773.538503017457, 0, 0, 0, 0, 0, 0, 0, 0, 0, 0, 0, 0, 0, 0, 0, 0, 0, 0], "name": "(-8956) Square|Special(1.19/0.25/0.08/1.88/0.52)"}