{"loss": [22.2163, 28.5624, 30.2734, 22.6562, 34.2031, 34.6191, 0, 0, 0, 0, 0, 0, 0, 0, 0, 0, 0, 0, 0, 0, 0, 0, 0, 0], "time": [0.631388, 0.835616, 1.220708, 1.367473, 1.556548, 2.418106, 100, 100, 100, 100, 100, 100, 100, 100, 100, 100, 100, 100, 100, 100, 100, 100, 100, 100], "score": [-312.7256557561598, -654.3371163209746, -902.0918936266592, -483.31286603217023, -1334.7655279639025, -1708.1682516235164, 0, 0, 0, 0, 0, 0, 0, 0, 0, 0, 0, 0, 0, 0, 0, 0, 0, 0], "name": "(-899) Square|Special(1.73/0.32/0.54/1.82/0.25)+LNoise"}