{"loss": [1.4648, 2.1484, 2.2461, 4.2969, 5.2734, 8.4961, 1.3428, 3.1738, 4.6143, 6.4941, 8.6426, 24.3652, 0, 0, 0, 0, 0, 0, 0, 0, 0, 0, 0, 0], "time": [0.177817, 0.203689, 0.284748, 0.355169, 0.371387, 0.57787, 0.438641, 0.686928, 0.884852, 0.898259, 1.205067, 1.758074, 100, 100, 100, 100, 100, 100, 100, 100, 100, 100, 100, 100], "score": [41.263572416623575, 43.048798774760265, 50.6697006359444, 48.592628574268225, 43.99445329671652, 21.145316913697208, 65.03577752972518, 74.53249916028766, 74.03813916052663, 54.806104732897595, 27.77921205921328, -654.5594967391601, 0, 0, 0, 0, 0, 0, 0, 0, 0, 0, 0, 0], "name": "(-9) SquareDual(1/3)|Special(1.22/0.08/0.9/1.01/0.51)+Noise"}