{"loss": [4.3945, 2.2461, 2.832, 4.3945, 5.8594, 10.1562, 1.3428, 6.2988, 20.9961, 0, 0, 0, 0, 0, 0, 0, 0, 0, 0, 0, 0, 0, 0, 0], "time": [0.39651, 0.393477, 0.608686, 0.777108, 0.82965, 1.288765, 1.472552, 2.368642, 3.148424, 100, 100, 100, 100, 100, 100, 100, 100, 100, 100, 100, 100, 100, 100, 100], "score": [50.808691832697484, 59.56315214234136, 71.761086257641, 71.12980709406271, 59.813262207044964, -3.5741811091483178, 119.16069985503933, 92.84272888883132, -604.7729266251014, 0, 0, 0, 0, 0, 0, 0, 0, 0, 0, 0, 0, 0, 0, 0], "name": "(-9) Square|Special(1.08/0.56/0.39/1.98/0.72)+Noise"}