{"loss": [1.2695, 2.5391, 4.2969, 6.1523, 6.9336, 11.4258, 1.9775, 4.4678, 8.3984, 11.377, 14.917, 29.0771, 0, 0, 0, 0, 0, 0, 0, 0, 0, 0, 0, 0], "time": [0.196587, 0.269292, 0.367827, 0.465179, 0.510123, 0.643336, 0.885319, 1.205273, 1.586685, 1.465563, 1.938358, 2.978463, 100, 100, 100, 100, 100, 100, 100, 100, 100, 100, 100, 100], "score": [43.62356581549246, 48.54777281017636, 49.45095336111763, 42.38826355446046, 37.086474928844225, -24.502736194026863, 90.41194198749027, 87.87049699099826, 37.117564749465004, -35.6355071246791, -170.57404796104876, -1286.5621994334522, 0, 0, 0, 0, 0, 0, 0, 0, 0, 0, 0, 0], "name": "(-90) Circle16(3/4)Dual(2/3)|Star+Noise"}