{"loss": [18.5547, 20.8008, 15.0391, 10.2539, 12.1094, 15.2344, 0, 0, 0, 0, 0, 0, 0, 0, 0, 0, 0, 0, 0, 0, 0, 0, 0, 0], "time": [0.231586, 0.302885, 0.399078, 0.496607, 0.56164, 0.873195, 100, 100, 100, 100, 100, 100, 100, 100, 100, 100, 100, 100, 100, 100, 100, 100, 100, 100], "score": [-117.55430458013392, -183.0867029760748, -79.70775644417535, -3.6239131485159253, -34.9514271694621, -123.42851682864946, 0, 0, 0, 0, 0, 0, 0, 0, 0, 0, 0, 0, 0, 0, 0, 0, 0, 0], "name": "(-90) Circle9(1/4)|Factor3"}