{"loss": [1.4518, 6.543, 17.9688, 9.5703, 23.1445, 14.2578, 0, 0, 0, 0, 0, 0, 0, 0, 0, 0, 0, 0, 0, 0, 0, 0, 0, 0], "time": [0.405693, 0.535948, 0.595291, 0.75, 0.746667, 1.134286, 100, 100, 100, 100, 100, 100, 100, 100, 100, 100, 100, 100, 100, 100, 100, 100, 100, 100], "score": [62.351540294995054, 41.867302141628855, -171.96157683251909, 7.282717579575622, -376.460159034625, -110.00133467807558, 0, 0, 0, 0, 0, 0, 0, 0, 0, 0, 0, 0, 0, 0, 0, 0, 0, 0], "name": "(-91) Square|Special(1.25/0.48/0.87/1.79/0.98)+LNoise"}