{"loss": [18.5547, 20.8008, 15.0391, 10.2539, 12.1094, 15.2344, 0, 0, 0, 0, 0, 0, 0, 0, 0, 0, 0, 0, 0, 0, 0, 0, 0, 0], "time": [0.270207, 0.303557, 0.411063, 0.531141, 0.56307, 0.872374, 100, 100, 100, 100, 100, 100, 100, 100, 100, 100, 100, 100, 100, 100, 100, 100, 100, 100], "score": [-126.97864364085899, -183.28969437063134, -80.89578343667411, -3.747798868306237, -34.99589405860688, -123.37047787806661, 0, 0, 0, 0, 0, 0, 0, 0, 0, 0, 0, 0, 0, 0, 0, 0, 0, 0], "name": "(-92) Circle9(2/3)|Factor3"}