{"loss": [89.4531, 57.8125, 92.6758, 93.5547, 93.1641, 89.8438, 0, 0, 0, 0, 0, 0, 0, 0, 0, 0, 0, 0, 0, 0, 0, 0, 0, 0], "time": [0.800604, 1.021762, 1.401674, 1.511266, 1.74439, 2.776119, 100, 100, 100, 100, 100, 100, 100, 100, 100, 100, 100, 100, 100, 100, 100, 100, 100, 100], "score": [-7070.303378418897, -3277.3745844646064, -10050.091369692083, -10636.803956971753, -11331.470692982608, -13282.546317627286, 0, 0, 0, 0, 0, 0, 0, 0, 0, 0, 0, 0, 0, 0, 0, 0, 0, 0], "name": "(-9274) Square|Special(1.3/0.48/0.72/1.48/0.54)"}