{"loss": [2.6367, 11.4258, 19.043, 28.0273, 36.0352, 53.8086, 0, 0, 0, 0, 0, 0, 0, 0, 0, 0, 0, 0, 0, 0, 0, 0, 0, 0], "time": [0.448181, 0.494725, 0.657556, 0.951386, 1.023494, 1.586957, 100, 100, 100, 100, 100, 100, 100, 100, 100, 100, 100, 100, 100, 100, 100, 100, 100, 100], "score": [62.29208837476801, -21.48708914492512, -212.9709548995161, -668.6587854370013, -1212.533100396482, -3521.4471126602743, 0, 0, 0, 0, 0, 0, 0, 0, 0, 0, 0, 0, 0, 0, 0, 0, 0, 0], "name": "(-929) Square|Special(1.94/0.24/0.05/1.64/0.64)+Noise"}