{"loss": [1.3672, 2.2461, 3.0273, 4.5898, 6.0547, 14.0625, 1.2939, 2.5879, 3.7842, 4.2725, 5.957, 15.8203, 1.9314, 2.7235, 5.0022, 8.0187, 13.1727, 34.7873, 0, 0, 0, 0, 0, 0], "time": [0.158074, 0.220635, 0.304013, 0.378035, 0.405571, 0.629941, 0.653676, 1.06734, 1.11806, 1.087886, 1.415541, 2.173541, 0.6384, 1.125874, 1.434274, 1.808266, 2.204488, 4.107472, 100, 100, 100, 100, 100, 100], "score": [39.01534057341493, 44.602089079601704, 50.08428429237108, 48.53205306761165, 40.33812189276946, -77.58612443052718, 79.49665575373395, 96.39309988090109, 90.59644433154855, 85.26226066739622, 76.75668550088884, -221.5596001552914, 76.9194252940728, 98.23675830343451, 89.79453100835914, 48.007031509117674, -109.15899217296482, -2249.942455129908, 0, 0, 0, 0, 0, 0], "name": "(-94) Circle12(3/4)|Special(1.8/0.3/0.15/1.19/0.93)+Noise"}