{"loss": [8.2031, 12.3047, 17.1875, 11.9141, 21.6797, 19.1406, 0, 0, 0, 0, 0, 0, 0, 0, 0, 0, 0, 0, 0, 0, 0, 0, 0, 0], "time": [0.165476, 0.22902, 0.314252, 0.401925, 0.42051, 0.506924, 100, 100, 100, 100, 100, 100, 100, 100, 100, 100, 100, 100, 100, 100, 100, 100, 100, 100], "score": [13.305670693694344, -24.600701609094003, -109.54338506073135, -26.592598257483864, -239.93903734749068, -189.6464075881128, 0, 0, 0, 0, 0, 0, 0, 0, 0, 0, 0, 0, 0, 0, 0, 0, 0, 0], "name": "(-96) Circle16(1/4)|Special(2.0/0.61/0.6/1.16/0.92)+LNoise"}