{"loss": [3.0273, 9.8613, 13.1836, 11.2305, 21.1914, 20.4102, 0, 0, 0, 0, 0, 0, 0, 0, 0, 0, 0, 0, 0, 0, 0, 0, 0, 0], "time": [0.246217, 0.309528, 0.397155, 0.555812, 0.565094, 0.882708, 100, 100, 100, 100, 100, 100, 100, 100, 100, 100, 100, 100, 100, 100, 100, 100, 100, 100], "score": [45.072786946085884, 1.532618639963446, -46.51353943984133, -19.47627059832698, -262.40954889203744, -297.4314449363468, 0, 0, 0, 0, 0, 0, 0, 0, 0, 0, 0, 0, 0, 0, 0, 0, 0, 0], "name": "(-96) Circle10(1/4)Dual(1/3)|Factor3+LNoise"}