{"loss": [8.9844, 11.8164, 17.0292, 13.7321, 22.9417, 14.6455, 0, 0, 0, 0, 0, 0, 0, 0, 0, 0, 0, 0, 0, 0, 0, 0, 0, 0], "time": [0.26003, 0.253273, 0.378202, 0.49415, 0.467892, 0.844743, 100, 100, 100, 100, 100, 100, 100, 100, 100, 100, 100, 100, 100, 100, 100, 100, 100, 100], "score": [9.831760621906678, -19.942932909832123, -116.8425435927497, -62.26139419906433, -291.6151924143966, -105.22826229245656, 0, 0, 0, 0, 0, 0, 0, 0, 0, 0, 0, 0, 0, 0, 0, 0, 0, 0], "name": "(-97) Square|Default+LNoise"}