{"loss": [37.793, 15.5273, 13.3789, 3.8086, 4.4922, 11.3281, 0, 0, 0, 0, 0, 0, 0, 0, 0, 0, 0, 0, 0, 0, 0, 0, 0, 0], "time": [0.176603, 0.224551, 0.280513, 0.365912, 0.388455, 0.608404, 100, 100, 100, 100, 100, 100, 100, 100, 100, 100, 100, 100, 100, 100, 100, 100, 100, 100], "score": [-558.2114727346537, -66.86139231083776, -41.83848100626129, 51.71622763460509, 49.7488262341184, -22.09423532606422, 0, 0, 0, 0, 0, 0, 0, 0, 0, 0, 0, 0, 0, 0, 0, 0, 0, 0], "name": "(-97) Circle15(2/3)|Special(1.32/0.58/0.77/1.39/0.99)"}