{"loss": [93.457, 90.1367, 86.3281, 82.0312, 78.3203, 77.7344, 0, 0, 0, 0, 0, 0, 0, 0, 0, 0, 0, 0, 0, 0, 0, 0, 0, 0], "time": [1.140387, 1.380745, 1.702398, 2.14345, 2.466942, 3.80654, 100, 100, 100, 100, 100, 100, 100, 100, 100, 100, 100, 100, 100, 100, 100, 100, 100, 100], "score": [-9220.379127612974, -9429.343766261285, -9593.299346093967, -9705.377076668496, -9477.412199995957, -11594.296367677875, 0, 0, 0, 0, 0, 0, 0, 0, 0, 0, 0, 0, 0, 0, 0, 0, 0, 0], "name": "(-9836) Circle14(1/4)Dual(1/3)|Special(1.84/0.26/0.4/1.55/0.33)"}