{"loss": [62.0117, 49.5117, 41.1133, 31.6406, 26.7578, 19.7266, 0, 0, 0, 0, 0, 0, 0, 0, 0, 0, 0, 0, 0, 0, 0, 0, 0, 0], "time": [0.249547, 0.369183, 0.531434, 0.628002, 0.644852, 1.010317, 100, 100, 100, 100, 100, 100, 100, 100, 100, 100, 100, 100, 100, 100, 100, 100, 100, 100], "score": [-1871.028009873206, -1428.7259056030211, -1159.3235702659817, -714.1127542494029, -494.648320591038, -290.6264424983282, 0, 0, 0, 0, 0, 0, 0, 0, 0, 0, 0, 0, 0, 0, 0, 0, 0, 0], "name": "(-993) Circle12(1/4)Dual(1/3)|Special(1.39/0.02/0.9/1.33/0.98)"}