{"loss": [1.3672, 1.8555, 3.125, 4.6875, 4.4922, 9.2773, 1.3428, 2.6123, 3.3691, 4.541, 5.0049, 8.2275, 2.0074, 2.4957, 3.5156, 4.1992, 5.6966, 8.0404, 1.5076, 2.4597, 3.5645, 4.6326, 5.0659, 8.7158], "time": [0.297365, 0.42526, 0.447636, 0.5491, 0.644137, 0.745615, 0.978723, 1.585254, 2.064218, 1.711268, 2.358081, 3.461348, 1.057272, 1.862705, 2.338527, 2.517077, 3.157509, 5.969027, 1.405306, 2.264449, 3.336383, 4.334803, 5.426962, 10.316348], "score": [53.511867308785106, 62.96679232932292, 60.371854643781504, 57.819262060657195, 64.06216382763185, 12.029887860573002, 97.14660380264056, 117.3148453906324, 127.36568351049259, 103.84040741404421, 115.09505160659009, 60.10851285840077, 98.68029123115942, 127.98020978019763, 134.02207003391965, 130.67725982127862, 120.02994449687165, 86.37048635958585, 115.85123010168324, 141.37658365340192, 159.44982038728978, 163.51972394029207, 173.1734933769698, 77.19764520259298], "name": "(102) Square|Special(1.1/0.76/0.54/1.46/0.85)+Noise"}