{"loss": [1.4648, 2.2461, 3.0273, 4.2969, 4.7852, 8.5938, 1.2939, 2.4902, 3.3691, 4.1748, 5.1025, 8.0078, 1.8229, 2.5174, 4.0148, 4.2535, 6.0004, 8.138, 1.5015, 2.5269, 3.6316, 4.5898, 4.9988, 8.9844], "time": [0.291929, 0.409014, 0.566204, 0.712636, 0.582628, 0.919275, 1.184647, 1.556172, 2.049343, 1.985881, 2.586401, 3.406235, 1.199639, 1.84073, 2.330952, 2.88627, 3.293357, 5.620517, 1.405516, 2.555671, 3.7979, 4.311304, 5.349152, 10.52474], "score": [52.87115585272172, 60.727735104288406, 68.35052600681736, 68.83142251460123, 58.85190653196604, 25.069055602991483, 107.01929082592902, 117.01096528945256, 126.90594766626509, 116.3601817965804, 118.95185493881444, 66.21111445840971, 105.88845538772945, 127.07546436462044, 128.06552581055257, 139.1532675560133, 116.13598426799186, 80.06767304541803, 115.88164708998494, 149.65694540007516, 169.17996479287305, 163.89548211019115, 173.48950425969923, 62.54970359562525], "name": "(104) Square|Special(1.02/0.71/0.94/1.55/0.78)+Noise"}