{"loss": [1.1719, 2.0508, 2.832, 5.3711, 7.0312, 8.6914, 0.7324, 2.6367, 3.7842, 4.7607, 5.3223, 9.5947, 1.6602, 2.2678, 3.7109, 4.3294, 5.3711, 8.0946, 1.5564, 2.7222, 3.9307, 4.9927, 5.188, 10.437], "time": [0.355476, 0.434198, 0.669496, 0.816747, 0.858913, 1.166667, 1.301408, 2.164525, 2.627546, 2.488155, 3.325186, 4.915159, 1.346037, 2.330692, 2.984244, 3.640618, 4.486229, 8.264062, 1.850279, 3.34826, 4.866384, 6.240053, 8.125238, 13.844535], "score": [58.80299222177619, 63.12235770532715, 75.26036857871173, 64.3023019691356, 46.85983750953196, 26.419354624329834, 113.4673383428151, 136.89496451763353, 138.88449432341338, 121.98851258137869, 130.69660253608956, 17.606945020936934, 112.821049257971, 144.81455323664844, 148.96067387228257, 155.0402912575336, 150.70354412502311, 99.11329885136128, 132.7299181899025, 169.42282639329594, 186.51541559962223, 187.53295718405542, 208.32637292063822, -33.23056831218551], "name": "(110) Square|Special(1.26/0.4/0.74/1.42/0.76)"}