{"loss": [1.3672, 2.6367, 2.3438, 4.5898, 5.3711, 8.1055, 1.3672, 2.7832, 3.8818, 4.7607, 5.8594, 9.6436, 1.7687, 2.4848, 3.5916, 4.1992, 5.4145, 8.1923, 1.4709, 2.6123, 3.5645, 4.8035, 5.4688, 8.8745], "time": [0.299097, 0.32974, 0.429725, 0.557426, 0.657694, 0.949302, 1.234164, 1.9417, 2.540235, 2.536337, 2.963946, 4.739509, 1.231712, 2.22534, 2.779876, 3.504794, 4.264007, 8.067366, 1.681662, 3.046719, 4.526425, 6.056261, 7.801165, 14.06596], "score": [53.66748076125686, 53.43083819543043, 61.95230315043009, 58.93269059198297, 57.70250756000118, 33.42006808280841, 109.0163451294133, 128.55095840817106, 135.36500403275102, 123.16397556792604, 113.05380249395422, 15.24142079687426, 107.51065528137443, 139.96528073973974, 145.22216552147688, 154.1995182378718, 145.95705580897803, 93.40709109229122, 126.87324721570114, 162.6371458589229, 185.72216981167003, 189.31177664538035, 195.7715538589312, 79.67198617896979], "name": "(111) Square|Factor3+Noise"}