{"loss": [1.3672, 2.6367, 2.3438, 4.5898, 5.3711, 8.1055, 1.3672, 2.7832, 3.8086, 4.5898, 5.5908, 7.7393, 1.7687, 2.4848, 3.5916, 4.1992, 5.4145, 8.1923, 1.4709, 2.6123, 3.5645, 4.8035, 5.4688, 8.667], "time": [0.22449, 0.297421, 0.472037, 0.60036, 0.5992, 0.835781, 1.218588, 1.623631, 2.1703, 2.051731, 2.648248, 4.128335, 1.233439, 2.251346, 2.752929, 3.482872, 4.204049, 8.164041, 1.64954, 3.072997, 4.539374, 5.766619, 7.966332, 12.084029], "score": [46.49472472103354, 50.74485141182525, 64.93071228587318, 61.16014875753602, 55.07679358948556, 31.3582183178547, 108.32623009066727, 117.55143115689822, 125.95006542588654, 113.06361543111213, 111.86842550638788, 81.48297527432022, 107.58599994974628, 140.78074364112445, 144.5165888280401, 153.71651347944584, 144.9272409810875, 93.96509468096608, 125.65568028622886, 163.3370139948376, 185.9876330484005, 184.72937842645212, 197.83314584518104, 86.49889436439202], "name": "(112) Square|Star+Noise"}