{"loss": [1.0742, 4.0039, 4.4922, 4.5898, 7.3242, 8.4961, 1.5381, 2.7832, 3.9307, 4.4189, 5.7861, 7.7881, 1.6168, 2.7995, 3.4288, 4.5139, 5.2843, 8.5069, 2.2522, 2.7283, 4.0161, 5.1208, 5.3101, 10.0098], "time": [0.313823, 0.454206, 0.585664, 0.767963, 0.75922, 1.18835, 1.323484, 2.096385, 2.63344, 2.598487, 3.371401, 5.00214, 1.370149, 2.341652, 2.963118, 3.72043, 4.57135, 8.436612, 1.872083, 3.361693, 4.890971, 6.32211, 7.773805, 15.778869], "score": [55.373490307505826, 56.59060038363592, 61.08530480520613, 69.17239405121246, 40.391562928912336, 30.32294019422709, 112.32114836004807, 133.5733368357178, 137.20604898222015, 129.72157356931822, 122.14179001933799, 87.99803454525946, 113.99353952304088, 141.03173095744708, 151.8995071027955, 153.58344853913854, 154.10401680815772, 80.26137802302955, 129.88381267119593, 169.70138281621664, 185.4851127880912, 185.50448469419857, 200.19739921203276, -0.7789449369847271], "name": "(112) Square|Special(1.15/0.08/0.13/1.61/1.0)"}