{"loss": [0.7813, 2.6367, 2.9297, 5.3711, 5.2734, 8.1055, 7.1777, 4.126, 3.7109, 4.8584, 5.1514, 7.6416, 1.9857, 3.5916, 3.7869, 4.286, 5.4253, 8.5503, 3.479, 3.3264, 4.5654, 5.2979, 5.3955, 8.9966], "time": [0.385089, 0.448336, 0.655177, 0.736517, 0.78493, 0.980471, 1.674194, 2.049975, 2.707066, 2.537766, 3.309404, 5.032736, 1.664766, 2.920724, 3.554868, 4.429854, 5.449379, 10.179471, 2.291901, 4.099841, 5.942657, 7.650804, 9.374203, 16.53092], "score": [61.67673420165473, 62.30285906678933, 73.99555153898046, 61.062437194425954, 63.95876076634684, 33.96428752655998, 62.72939227258496, 118.80300518042912, 141.8743503128301, 121.70155292655153, 133.64232258985965, 93.33778956800992, 123.93831783558775, 148.85569549183091, 161.50527393468323, 171.80887270144584, 164.72887984166823, 85.80086795530423, 133.06682681238576, 180.076285761572, 192.96579472996913, 198.96524310200738, 217.04183490941224, 77.49942617871656], "name": "(120) Square|Star"}