{"loss": [7.0312, 2.9297, 3.0273, 5.1758, 5.2734, 8.6914, 1.4893, 2.7832, 3.6621, 4.4189, 5.1514, 7.8125, 1.4865, 2.474, 3.2878, 4.2969, 5.3494, 8.4852, 1.4221, 2.6794, 3.717, 4.9561, 5.3162, 9.1675], "time": [0.476771, 0.588438, 0.848467, 0.975211, 1.08113, 1.533922, 1.665284, 2.584693, 3.385767, 3.122046, 4.023277, 6.188905, 1.60802, 2.765092, 3.496255, 4.313745, 5.585684, 9.898438, 2.247268, 3.981439, 5.878613, 7.445642, 9.2218, 17.673694], "score": [34.912512636866275, 70.12560892796064, 83.67059789516006, 72.29798517475638, 75.06258831864164, 30.29356505626514, 126.18362692224636, 148.31625019077262, 159.32773280468257, 142.19082786740245, 147.35303596755108, 96.93482870630753, 124.00568060344504, 156.10785147988173, 166.77061159797543, 169.3480111836575, 168.709124768546, 88.09733761190223, 146.87719532064287, 185.21041867500142, 208.96022812068367, 205.84290548588018, 217.84982759828054, 67.08313955547561], "name": "(128) Square|Special(1.07/0.24/0.9/1.88/0.64)"}