{"loss": [2.3438, 4.5898, 5.4688, 8.4961, 4.2969, 15.8203, 1.5625, 3.4424, 6.3232, 4.6631, 5.8105, 17.334, 1.8989, 2.5282, 4.579, 6.3368, 10.5252, 7.8668, 1.4832, 2.6428, 3.656, 4.6753, 5.3772, 19.5557], "time": [0.288154, 0.366898, 0.491221, 0.618624, 0.463326, 0.721345, 0.728357, 1.151604, 1.525881, 1.135285, 1.476144, 2.310541, 0.673173, 1.204949, 1.503615, 1.878537, 2.316692, 3.740336, 0.892807, 1.352298, 1.992694, 2.565045, 3.20555, 6.210863], "score": [50.731122590741556, 47.81182605076587, 49.12565099234283, 21.878246264700046, 55.50041136491231, -127.63746415235826, 83.26024429233449, 94.5961189698287, 74.13710813534368, 83.38104074156448, 80.47707107963697, -304.7199829799188, 79.08864813054828, 102.75388455316003, 96.91153400171517, 82.023349389429, -16.407645512797853, 73.71123023695735, 92.40982994617107, 108.1663145890634, 122.29451780064178, 125.14964628931705, 127.27222753204978, -703.849378012835], "name": "(20) Circle14(1/3)|Special(1.76/0.77/1.0/1.16/0.63)+Noise"}