{"loss": [1.1719, 2.6367, 3.7109, 4.6875, 6.0547, 8.7891, 1.5381, 2.5635, 3.9551, 5.3955, 7.5684, 16.9434, 1.9748, 2.691, 3.7543, 4.2209, 6.2934, 10.4709, 1.3123, 2.832, 3.9917, 6.4331, 9.4421, 16.3574], "time": [0.142103, 0.197509, 0.272948, 0.343193, 0.361134, 0.463207, 0.581432, 0.771679, 0.986425, 0.951273, 1.230504, 1.913532, 0.560979, 0.979719, 1.246523, 1.566668, 1.94151, 3.664893, 0.73651, 1.366231, 2.015135, 2.60694, 3.245383, 5.337819], "score": [37.17884612250223, 41.35229482337147, 45.049961258293465, 45.71050646448139, 38.06417455728169, 15.484664993790203, 74.44776295741434, 82.07248198058184, 83.7826531270713, 69.1399180635486, 47.387725117961914, -258.7869954674447, 71.97761219031572, 91.81308308728048, 95.91129627673185, 102.86692990527615, 84.15060773355003, -18.454244784895206, 84.34222495923586, 107.51137475702507, 119.33673926318878, 94.64026545712109, 19.540357831622387, -387.13641733911123], "name": "(32) Circle14|Star+Noise"}