{"loss": [1.1719, 2.9297, 3.2227, 7.6172, 8.3008, 14.5508, 1.6602, 3.5645, 4.4678, 5.3955, 8.3984, 12.8662, 1.888, 3.1684, 4.7418, 6.1415, 7.9644, 12.8038, 1.7212, 3.1067, 4.9927, 7.4219, 9.1492, 13.8245], "time": [0.163912, 0.232703, 0.315174, 0.388173, 0.429345, 0.630593, 0.604797, 0.990655, 1.261576, 1.221547, 1.601213, 2.423827, 0.636388, 1.116058, 1.397649, 1.759988, 2.186631, 4.11592, 0.844493, 1.56225, 2.294015, 2.952251, 3.699422, 7.1402], "score": [39.930032010882506, 44.09885172671325, 50.3097369682863, 26.153940908179816, 20.375945910067145, -88.7213150772931, 75.62518491298363, 86.8854995526432, 89.89945897054409, 78.34862265298071, 37.28710540925515, -102.03550044867819, 76.9303537228424, 95.03833569880709, 91.64033640495778, 82.62609887788241, 54.074549406602515, -129.71425845671342, 89.17384530273343, 112.92648368456643, 113.70553068784882, 77.17416063066682, 31.3361078866808, -243.47459302592162], "name": "(33) Circle16(1/4)Dual(1/3)|Default+Noise"}