{"loss": [1.1719, 2.0508, 2.9297, 4.8828, 5.2734, 7.5195, 1.4404, 2.7344, 3.6865, 3.9062, 6.2012, 15.21, 1.8555, 2.4957, 3.7977, 4.1884, 5.6641, 9.9175, 1.5076, 2.6428, 3.9917, 6.1157, 9.1492, 16.6016], "time": [0.127804, 0.185481, 0.245952, 0.308864, 0.334141, 0.41416, 0.527015, 0.70289, 0.914328, 0.851933, 1.117642, 1.708567, 0.499063, 0.895468, 1.126782, 1.402331, 1.734713, 3.275616, 0.658142, 1.220164, 1.800668, 2.310209, 3.056922, 4.734345], "score": [35.258717149473874, 41.25618035799104, 45.33686327793364, 42.32536213329899, 41.73010336177959, 27.966944126682353, 71.08961587332827, 77.56997549487158, 82.6254040696418, 78.21668186176969, 65.06463076492186, -171.68271631291958, 68.21218935284288, 88.73517556678303, 90.8404793272416, 97.64598845127458, 89.45374373467443, 2.973960981657139, 79.28207397511918, 102.74600241872356, 112.80774486804815, 95.14535147405012, 28.485267030887417, -382.1086915535244], "name": "(37) Circle16(1/3)|Star+Noise"}