{"loss": [1.1719, 2.0508, 2.9297, 4.8828, 5.2734, 7.5195, 1.4404, 2.7344, 3.6865, 3.9062, 6.2012, 15.21, 1.8555, 2.4957, 3.7977, 4.1884, 5.6641, 9.9175, 1.5076, 2.6428, 3.9917, 6.1157, 9.1492, 16.6016], "time": [0.139668, 0.179603, 0.252067, 0.311328, 0.332236, 0.428792, 0.520182, 0.672929, 0.882663, 0.847932, 1.122136, 1.714356, 0.504389, 0.909372, 1.121524, 1.414768, 1.734251, 3.260246, 0.662746, 1.2229, 1.803571, 2.321417, 3.057133, 4.756332], "score": [36.85893144997133, 40.597201380326645, 45.8969986291319, 42.49385461206556, 41.610977788743895, 28.456682990413633, 70.6272569764051, 75.89874490463666, 81.18205629048835, 78.03279813121172, 65.19531085169734, -171.97331972632168, 68.57520362058162, 89.42142090450392, 90.62828310983525, 98.07803424226485, 89.44183099128911, 2.9669754975748446, 79.55889761738418, 102.86113270144885, 112.8986414131498, 95.37587148938255, 28.486250092874645, -382.9949484720234], "name": "(37) Circle16(1/4)|Star+Noise"}