{"loss": [1.1719, 2.2461, 2.4414, 4.2969, 5.1758, 8.0078, 1.4648, 2.6123, 3.8086, 4.248, 5.2002, 8.0566, 1.8989, 2.5065, 3.9931, 5.1758, 7.0855, 15.8312, 1.4648, 2.7283, 3.6194, 4.7729, 6.1707, 13.8], "time": [0.110636, 0.159016, 0.217174, 0.272977, 0.296064, 0.442341, 0.348171, 0.558898, 0.751215, 0.70909, 0.939628, 1.449681, 0.353984, 0.626061, 0.799509, 0.998082, 1.238586, 2.327661, 0.406423, 0.752128, 1.101332, 1.432392, 1.792254, 3.901589], "score": [32.805186904953764, 37.865039097053085, 43.82425395179994, 42.60061752168565, 39.835447470622, 23.860096295743322, 57.73996051334535, 69.65781082053893, 74.10041458436733, 69.01181734680412, 70.72132985591264, 42.25074773228172, 57.35121513991303, 74.15301680993251, 75.15813906518066, 73.14085122275864, 55.41850882481628, -229.80654012334873, 62.38344063643764, 80.26980993846706, 91.19659509308046, 92.4182009509903, 82.8987517184821, -178.64107057569493], "name": "(39) SquareDual(1/4)|Special(1.09/0.0/0.98/1.12/0.68)+Noise"}