{"loss": [1.2695, 2.5391, 3.6133, 4.8828, 5.7617, 10.8398, 1.3672, 3.4912, 3.8818, 4.7363, 7.4951, 11.6455, 1.964, 3.3529, 5.5556, 7.8125, 10.2431, 16.3845, 1.5198, 2.8503, 4.3823, 5.6458, 6.604, 11.7859], "time": [0.197894, 0.241553, 0.332923, 0.414664, 0.456439, 0.690294, 0.66012, 1.067529, 1.369692, 1.331734, 1.741276, 2.692131, 0.694981, 1.211581, 1.540437, 1.957054, 2.425027, 4.626341, 0.94353, 1.731711, 2.546001, 3.256264, 4.057874, 7.893236], "score": [43.76834025926045, 45.97945326402183, 50.16627236357831, 49.041664639982876, 45.132160496970144, -14.54073857051015, 79.72905677905523, 90.72800226618206, 99.3987475822537, 89.51345644924245, 57.82832711989235, -58.440456992091036, 80.14986556488324, 97.69763169774546, 85.80683371431228, 54.509769251287274, -7.663378364388571, -362.3218958783112, 94.89184499867909, 120.90347786943417, 128.91877537501074, 122.93228432852496, 113.58727614085154, -109.31007369473342], "name": "(41) Circle12(1/4)Dual(1/3)|Default+Noise"}