{"loss": [1.1719, 3.0273, 2.3438, 4.0039, 5.2734, 9.2773, 1.709, 4.6143, 3.3203, 4.7119, 5.2734, 7.8613, 1.9531, 2.3438, 4.1558, 5.6207, 6.8142, 21.441, 1.5808, 4.4067, 3.8635, 5.9937, 6.9153, 10.2783], "time": [0.219899, 0.290441, 0.403731, 0.503067, 0.53259, 0.859896, 0.769689, 1.268112, 1.188317, 1.107553, 1.503262, 2.264943, 0.65821, 1.21299, 1.466906, 1.854822, 2.292012, 4.208871, 0.868237, 1.598246, 2.360396, 3.02523, 3.760911, 7.272091], "score": [46.249379541139795, 48.9535685889608, 60.049333996558914, 59.55672154105594, 52.684283771721844, 12.918950230560908, 85.16955166072376, 88.6337210880235, 96.99226896381975, 81.87488111138849, 88.51195149371432, 57.48990260370608, 78.03535226977317, 104.08562552882506, 100.19836397444026, 93.16575507037216, 81.09669592917254, -737.9775386798032, 90.85075327234814, 101.87190777701599, 130.70315178303713, 111.44782873011047, 101.19036586443498, -15.218589493565377], "name": "(42) SquareDual|Special(1.73/0.4/0.15/1.6/0.55)+Noise"}