{"loss": [8.1055, 6.543, 8.1055, 8.3984, 9.4727, 13.1836, 3.1006, 4.0039, 4.7119, 6.2012, 6.6406, 10.0098, 5.3494, 6.2174, 7.7148, 8.4093, 11.7947, 8.1706, 1.7212, 3.3508, 4.3274, 5.4077, 6.3843, 14.3372], "time": [0.281932, 0.344855, 0.451972, 0.561269, 0.599399, 0.924097, 0.861102, 1.381657, 1.876758, 1.684749, 2.28439, 3.388568, 0.900949, 1.509931, 1.949482, 2.455826, 3.026078, 5.67314, 1.204678, 2.209144, 3.240969, 4.155002, 5.171716, 9.832994], "score": [18.21282516041271, 33.58396068692497, 23.060084680319058, 22.07596235091155, 7.949539130585934, -70.95093961461141, 83.87447405151826, 98.7001900424723, 106.57922585096787, 79.88425995823489, 84.4920455286984, -0.3609748346724397, 67.75642677984878, 75.37896979989013, 56.52233356504055, 45.890665164705986, -68.04290035625432, 79.17529558557547, 106.50621646420369, 131.9437123318287, 146.31437114308457, 144.22936244525525, 134.7217186878806, -330.9961538051947], "name": "(44) Circle14(3/4)Dual(1/3)|Special(1.03/0.17/0.21/1.81/0.81)"}