{"loss": [1.5625, 2.4414, 2.6367, 3.9062, 5.4688, 12.1094, 1.5137, 3.2471, 3.833, 4.5654, 5.8838, 16.333, 1.8446, 2.5174, 3.7109, 4.0148, 5.5556, 11.6428, 1.5198, 2.6611, 3.6499, 5.0293, 6.4941, 10.9863], "time": [0.162617, 0.216627, 0.270929, 0.317494, 0.346161, 0.534598, 0.437116, 0.689505, 0.925246, 0.886009, 1.173792, 1.510133, 0.443608, 0.780072, 0.985935, 1.243004, 1.532044, 2.889389, 0.588033, 1.079738, 1.58275, 2.041431, 2.544257, 4.329279], "score": [39.34128163673235, 43.76902869338375, 48.43216881961566, 47.749016291056925, 41.239075859043716, -34.09962189551282, 64.59986963380148, 74.28135942899797, 82.057623203238, 74.5090570197928, 70.83476394641721, -204.93560876954817, 64.33767322057611, 82.72447220015121, 85.62066678499598, 93.51942649277639, 85.57275715054213, -60.43675638501486, 74.91208480223831, 96.55207286335293, 109.04762098922195, 106.73913004911914, 92.23773645782364, -43.06780096712889], "name": "(47) Circle15(2/3)|Special(1.28/0.36/0.99/1.39/0.96)+Noise"}