{"loss": [1.5625, 2.3438, 2.4414, 3.418, 4.6875, 8.4961, 1.1475, 2.9785, 3.7354, 4.126, 5.7373, 8.4473, 1.9206, 2.3655, 3.9605, 4.7852, 6.4562, 15.8095, 1.4954, 2.8381, 3.5645, 4.8706, 5.9265, 10.9863], "time": [0.114228, 0.15443, 0.210831, 0.273502, 0.285578, 0.436358, 0.373491, 0.596993, 0.803341, 0.749407, 0.972214, 1.515375, 0.443822, 0.779218, 0.999148, 1.2468, 1.573137, 2.917663, 0.509224, 0.941054, 1.388943, 1.786249, 2.230729, 4.284073], "score": [32.972495527505046, 37.13880983209199, 43.17952402044774, 46.1876555914991, 41.69742119337116, 18.374714309355763, 60.30918880688341, 70.41075822217651, 77.12312590822143, 71.8310172454433, 66.14483358824644, 35.259846932854735, 64.16255335036907, 83.33391193262229, 84.278514144882, 86.092091240054, 73.14456030579979, -256.11552866571003, 69.76416681980365, 89.19413118143135, 102.87937002561614, 101.94503014304586, 96.89725479956692, -42.842355560944405], "name": "(48) Circle15(2/3)|Special(1.24/0.14/0.62/1.4/0.97)+Noise"}