{"loss": [1.4648, 2.4414, 3.0273, 5.5664, 5.3711, 16.4062, 1.3184, 2.8076, 3.8818, 4.4922, 6.4941, 16.6504, 1.9097, 2.5391, 3.852, 4.4922, 6.4019, 12.5543, 1.2756, 2.6978, 3.9429, 5.9204, 8.6731, 21.4966], "time": [0.190016, 0.265613, 0.365814, 0.456729, 0.492627, 0.751146, 0.50053, 0.803051, 1.065571, 1.001149, 1.33743, 2.025878, 0.610312, 1.062882, 1.320819, 1.659266, 2.055861, 3.860229, 0.66472, 1.229358, 1.902029, 2.515226, 2.902462, 5.949195], "score": [42.655522969533926, 48.465788177549534, 54.93960791450462, 46.64165889430205, 49.939231190076384, -146.61168356404502, 69.51841576658776, 82.54925372860806, 87.6719465185308, 79.86598266518105, 66.87498197931075, -252.265664530139, 75.27337741852959, 96.44952899909691, 97.87414822461979, 102.8183162713645, 84.61829357016822, -113.18992983057122, 80.20373677995677, 102.80669359337476, 116.47331155221833, 103.00541712545676, 42.21219039643223, -883.2063816731837], "name": "(5) Circle13(3/4)|Special(1.5/0.13/0.59/1.29/0.62)+Noise"}