{"loss": [1.4648, 2.4414, 2.9297, 4.3945, 4.4922, 9.9609, 1.2451, 2.8809, 3.8086, 4.248, 5.957, 11.6699, 1.7253, 2.5391, 3.635, 4.3511, 5.4688, 7.8016, 1.3672, 2.832, 3.6682, 4.834, 6.073, 14.325], "time": [0.128413, 0.176236, 0.247102, 0.315731, 0.334639, 0.511533, 0.421816, 0.691898, 0.874647, 0.847473, 1.121971, 1.697111, 0.430274, 0.764313, 0.942021, 1.178779, 1.466498, 2.7512, 0.555644, 1.025134, 1.50695, 1.952743, 2.437583, 4.680099], "score": [35.06587506834726, 39.47825336169296, 45.4427306626561, 45.338751164759096, 46.17434648464002, 0.5582049770254783, 63.94050120944335, 76.27677797664127, 79.95671034579671, 75.44591312537204, 68.3354096492053, -47.14140218039421, 63.642725871389416, 81.78868171881356, 84.23330526262757, 88.0167386882177, 84.8810207458562, 64.91227571746019, 73.14817501485894, 93.12851255253298, 106.23996890954744, 107.0866225398261, 98.5456712745182, -227.59697248032043], "name": "(51) Circle16(1/3)|Special(1.3/0.09/0.99/1.44/0.67)+Noise"}