{"loss": [1.3672, 2.832, 2.832, 4.3945, 5.3711, 7.8125, 1.3672, 2.71, 3.7598, 4.6631, 5.3467, 8.0078, 1.7253, 2.3763, 3.6024, 4.4054, 5.6098, 8.1163, 1.5564, 2.7222, 3.8025, 5.4688, 6.9702, 14.679], "time": [0.167141, 0.208368, 0.281565, 0.360749, 0.387327, 0.602172, 0.421859, 0.670109, 0.871477, 0.837516, 1.114746, 1.705124, 0.417141, 0.741807, 0.929802, 1.155627, 1.424239, 2.717157, 0.550361, 1.004725, 1.492357, 1.914008, 2.429144, 4.643148], "score": [40.11868402966114, 41.98632461753642, 48.80695146165053, 48.46335867225102, 44.28142952632188, 30.236618324978206, 63.73659232248501, 75.84829178594218, 80.15647227644274, 71.61622385285551, 75.39872768441076, 46.84589902860524, 62.6639344975818, 81.2647286817595, 83.91273236812623, 86.63695962268928, 81.78489135389731, 56.25208290705711, 72.38924421521955, 92.80811237265362, 104.49864394865513, 96.9709678840148, 80.13597997180972, -248.82090575906494], "name": "(54) SquareDual(1/3)|Special(1.0/0.13/0.82/1.49/0.59)+Noise"}