{"loss": [15.4297, 3.0273, 2.7344, 4.7852, 5.2734, 8.8867, 1.2939, 2.7832, 3.8574, 4.0771, 5.6641, 12.1094, 1.888, 2.6367, 3.4397, 4.1016, 5.599, 12.1745, 1.4893, 2.6794, 3.6194, 4.4434, 5.2124, 10.7483], "time": [0.234971, 0.310038, 0.329892, 0.410024, 0.429772, 0.535872, 0.563721, 0.886507, 1.160666, 0.913224, 1.249934, 1.877409, 0.565416, 1.004286, 1.245917, 1.339361, 1.653755, 3.125874, 0.750007, 1.182494, 1.736966, 2.323455, 2.383058, 4.649476], "score": [-66.93052075815443, 50.57814042715581, 53.14175145376536, 49.37072439979127, 47.32641799109898, 15.392133576593206, 73.82436092579582, 86.86110264759284, 91.70386075755633, 79.67760186053837, 75.9325955374475, -63.90213176016716, 72.51382019238567, 93.24700137147427, 98.41421446072654, 96.2612366812679, 88.28434754518027, -85.25090186125095, 84.68207866440939, 100.9357125515327, 114.52891687711163, 122.33358593470295, 112.43017870204626, -33.478058907005604], "name": "(56) Circle13(2/3)|Special(1.37/0.82/0.04/1.16/0.88)"}