{"loss": [1.1719, 2.4414, 3.0273, 4.0039, 4.9805, 9.5703, 1.3916, 2.7832, 3.5889, 4.541, 5.5176, 8.6182, 1.7578, 2.5065, 3.635, 4.1775, 5.4036, 8.9193, 1.3794, 2.5574, 3.6194, 4.5227, 5.1514, 8.8562], "time": [0.101101, 0.127615, 0.182063, 0.223865, 0.245105, 0.376162, 0.295797, 0.468952, 0.629291, 0.59602, 0.775754, 1.212095, 0.307361, 0.578328, 0.688219, 0.8712, 1.07062, 2.024416, 0.409571, 0.755325, 1.11021, 1.430404, 1.791702, 3.934957], "score": [31.359707934149547, 33.59398150226068, 38.758435823975496, 39.72930499404579, 37.227412613263475, 5.157631353156472, 53.33398669716696, 63.17546536989184, 69.11027387729423, 61.28268505318888, 61.2628468062741, 28.32377980778144, 53.727124487620216, 71.27013948531383, 71.99741095662117, 77.04919161371565, 73.25844978666844, 29.091096824940305, 62.78002105431155, 81.22530235734524, 91.56343191027749, 95.13564185621247, 98.33361611888522, 42.78329839003248], "name": "(57) SquareDual(1/3)|Default+Noise"}