{"loss": [1.4648, 2.1484, 2.1484, 4.2969, 5.6641, 7.5195, 1.4648, 2.4414, 3.7354, 4.7363, 5.0049, 9.5947, 1.7144, 2.474, 5.5339, 9.9609, 14.6918, 8.0946, 1.4282, 2.6123, 3.6194, 4.6021, 5.0415, 11.6638], "time": [0.244215, 0.300827, 0.379944, 0.560482, 0.501555, 0.841674, 0.541051, 0.857135, 1.129173, 1.103708, 1.440837, 2.262442, 0.661044, 1.227111, 1.482587, 1.869071, 2.27605, 3.355474, 0.671205, 1.229723, 1.837814, 2.572083, 3.10186, 5.700218], "score": [48.35777973915173, 52.316135487037045, 58.79454648693606, 61.042695258661354, 48.099879296036335, 39.86877525627627, 71.97791913519991, 87.06332137075387, 91.435511782044, 81.49044296908907, 89.96730654363436, 11.945489466350853, 78.91493378500213, 103.9948608865019, 84.47321859853656, 1.0670131601680164, -174.77654128501027, 63.15563220610475, 80.25598939216995, 103.32542294942368, 117.80677645399433, 126.41035252700709, 131.35680054450694, -86.05606629596113], "name": "(57) SquareDual(1/3)|Special(1.19/0.35/0.08/1.64/0.47)+Noise"}