{"loss": [1.1719, 2.1484, 2.832, 4.6875, 5.0781, 8.3984, 1.3184, 2.5879, 3.833, 4.3945, 6.1279, 8.4229, 1.8663, 2.5933, 3.4722, 4.2426, 5.6098, 8.0295, 1.2939, 2.6428, 3.894, 4.3823, 5.1025, 9.0637], "time": [0.105839, 0.143898, 0.192711, 0.251235, 0.255333, 0.365733, 0.291149, 0.476055, 0.624357, 0.603904, 0.726677, 1.109514, 0.309867, 0.543055, 0.66953, 0.791672, 1.025903, 1.950753, 0.401192, 0.743681, 1.029817, 1.428575, 1.748466, 3.55857], "score": [32.086115874551176, 36.18300468286012, 40.37807404476078, 39.10991692832428, 37.5001391287028, 17.82034841736204, 53.02033429058071, 64.37587122345681, 67.40728232793371, 62.703949165503445, 53.234734695578986, 30.60438239779333, 53.72682017896735, 68.73630969170756, 71.95987199788102, 72.96058766249304, 69.41203770721427, 49.620514592001676, 62.279299836346674, 80.21381516727944, 86.09226283567641, 96.56915012295572, 97.80293432502513, 33.67130704030557], "name": "(57) SquareDual(1/4)|Default+Noise"}