{"loss": [1.2695, 2.2461, 2.832, 4.2969, 4.9805, 8.7891, 1.4648, 2.4902, 4.0039, 3.9307, 5.6641, 8.1787, 1.7361, 2.3655, 3.635, 4.1775, 5.4362, 8.6806, 1.3611, 2.6794, 3.6621, 4.6082, 4.9377, 8.8013], "time": [0.09436, 0.129543, 0.184605, 0.22766, 0.243177, 0.380633, 0.298568, 0.489057, 0.615516, 0.603967, 0.762292, 1.20845, 0.310513, 0.542388, 0.69941, 0.880908, 1.094105, 2.027353, 0.40811, 0.766199, 1.113093, 1.452775, 1.808138, 3.793848], "score": [30.223011101851476, 34.17629442407857, 39.519739883071644, 38.904176957415366, 37.08070782522776, 14.036779443236876, 53.46896956267122, 65.59602208353397, 65.87756548530692, 65.70798502679656, 59.29872907649645, 36.39641876461972, 54.044157149307686, 69.52601174534902, 72.58041866291931, 77.4772915402665, 73.68795469577678, 35.09392858255684, 62.69998653905809, 81.24865320836247, 91.35421039156117, 94.93572238301772, 101.68277697638054, 43.89735450141601], "name": "(58) SquareDual(2/3)|Default+Noise"}