{"loss": [1.1719, 1.9531, 3.3203, 3.7109, 5.8594, 8.4961, 1.2695, 2.2461, 3.9307, 4.0283, 5.5908, 8.667, 1.7687, 2.5716, 3.2552, 4.1233, 5.6532, 8.0838, 1.355, 2.5513, 3.6804, 4.4922, 5.0171, 8.5266], "time": [0.102498, 0.133119, 0.187426, 0.228132, 0.261239, 0.38383, 0.30145, 0.469378, 0.638661, 0.597636, 0.841267, 1.214672, 0.310789, 0.577346, 0.700137, 0.867518, 1.080632, 2.023169, 0.417396, 0.762806, 1.120589, 1.534815, 1.804914, 3.373347], "score": [31.575626719048234, 35.09370171593597, 38.51996485982907, 41.185805819690216, 33.56363866561314, 17.233305308214725, 54.01960555212158, 65.05480243423129, 67.56888351535757, 64.76217144052735, 63.051456868597974, 27.424213869128195, 54.0044742142896, 70.95841666033544, 74.80779879404453, 77.30524351727372, 70.73131047425085, 49.28861469373744, 63.42000582343106, 81.65377045628232, 91.51906273782286, 98.88729520379268, 100.53018948459315, 50.13567877218074], "name": "(59) SquareDual(3/4)|Default+Noise"}