{"loss": [0.6836, 2.0508, 2.832, 4.3945, 6.0547, 9.4727, 1.3428, 2.4658, 3.4668, 4.2236, 5.1514, 8.2275, 1.7253, 2.5065, 3.6024, 4.3945, 5.1866, 8.4527, 1.239, 2.4963, 3.7415, 4.5288, 5.2185, 8.7158], "time": [0.104502, 0.149286, 0.203418, 0.24458, 0.273569, 0.418479, 0.324669, 0.50571, 0.68104, 0.640792, 0.844382, 1.259506, 0.337888, 0.601582, 0.745379, 0.928829, 1.138485, 2.391694, 0.438074, 0.810902, 1.194726, 1.549869, 1.921841, 3.833386], "score": [32.1757032046709, 37.01253605523859, 41.48461248322978, 39.90445752918077, 33.129560051362034, 6.642335060768496, 55.95232492267401, 66.78948123484408, 72.60669590932179, 65.76961965306606, 67.50541388317536, 36.25880369692916, 56.39785734860782, 72.6888696980442, 75.1313515146164, 77.76404165275042, 77.9966885112145, 44.15574876819006, 65.17110590021942, 84.43861303529353, 94.00231655064249, 98.96003312734899, 100.87759874094998, 47.05787777597524], "name": "(60) SquareDual(2/3)|Default"}