{"loss": [4.1016, 4.2969, 3.7109, 6.4453, 7.7148, 14.0625, 2.6611, 3.8086, 5.249, 5.4199, 6.9824, 11.5967, 1.9965, 2.9514, 3.8303, 4.6658, 6.1089, 8.3008, 1.6846, 3.3081, 4.4556, 5.6519, 6.8115, 11.7432], "time": [0.181323, 0.248975, 0.343295, 0.425753, 0.459029, 0.678764, 0.639436, 1.019018, 1.31302, 1.279805, 1.698759, 2.52401, 0.670593, 1.182788, 1.470727, 1.849348, 2.271167, 4.286863, 0.898125, 1.646247, 2.405479, 3.104723, 4.158816, 7.407391], "score": [35.41840994710075, 40.684664287843525, 50.52289205435313, 38.14376982567096, 27.427140468979754, -80.53664262982211, 74.30207642500633, 86.3037049365073, 83.01605004066826, 79.89662217861297, 66.79233439217674, -54.78431760584639, 78.62560776207442, 99.28257603386238, 103.48125342426366, 106.38597403454685, 94.46323455265991, 64.38495203907925, 92.080016327282, 114.26494011287669, 124.30581981732921, 119.9162441495442, 109.31449160690222, -103.15809479465763], "name": "(60) Circle9(1/4)|Default"}