{"loss": [1.1719, 1.6602, 3.3203, 4.1992, 5.4688, 7.8125, 1.0254, 2.4414, 3.8818, 4.3213, 5.2979, 7.4463, 1.7687, 2.5282, 3.5916, 4.3077, 5.4688, 8.4961, 1.4404, 2.4475, 3.8025, 4.6448, 5.2551, 8.7769], "time": [0.111161, 0.14612, 0.199426, 0.241922, 0.274992, 0.409766, 0.325135, 0.51443, 0.663026, 0.631377, 0.815723, 1.276539, 0.332059, 0.597829, 0.73806, 0.919685, 1.140468, 2.145281, 0.441513, 0.80787, 1.190026, 1.537852, 1.910689, 3.636807], "score": [32.88292986272215, 37.1720461111157, 39.7339602662246, 40.5125379272082, 36.75613905562251, 24.94255274129023, 56.42106986160953, 67.4487274114306, 69.15677497351653, 64.6213083861506, 64.96733208804328, 50.33733933675409, 55.821891780989354, 72.3773045935088, 74.82832623041772, 78.10469801205195, 74.8533786958387, 40.741894261417215, 65.06784555555927, 84.49745128205029, 93.31522687519747, 97.2560016204852, 100.0546148493044, 43.797163713448306], "name": "(61) SquareDual(1/3)|Default"}