{"loss": [1.9531, 4.1992, 3.5156, 5.2734, 5.1758, 11.4258, 1.7334, 3.2959, 3.7354, 4.3945, 6.0303, 9.9121, 1.8338, 2.7344, 4.0148, 4.8069, 7.0747, 14.1276, 1.6357, 3.1982, 4.4495, 5.9998, 7.4646, 10.6873], "time": [0.195102, 0.26608, 0.378728, 0.465833, 0.504512, 0.794997, 0.707713, 1.138672, 1.50448, 1.442991, 1.934182, 2.912701, 0.865461, 1.539001, 1.916673, 2.067069, 2.537808, 5.350957, 0.972898, 1.754091, 2.667928, 3.440651, 4.317684, 8.273482], "score": [42.48542997055949, 42.48717783024619, 53.93477042563848, 49.27194450698781, 52.00111418599327, -27.238199844251533, 81.5979760489188, 95.11686867485378, 105.54261902239674, 96.92654941818536, 88.50096496300382, 2.9871284088657766, 89.90171742560854, 114.78084639833997, 116.12870532048498, 110.55243581189067, 79.57064420532049, -230.37081491124638, 95.99658239840122, 118.89528249899107, 131.0002060715865, 118.7179997565178, 92.00905206900254, -40.897270084687456], "name": "(61) Circle15(1/4)Dual|Special(1.58/0.59/0.57/1.22/0.96)+Noise"}