{"loss": [1.0742, 1.6602, 2.9297, 4.5898, 5.4688, 8.5938, 1.0742, 2.4902, 3.833, 4.4678, 5.2734, 7.5439, 2.0291, 2.5716, 3.8411, 4.362, 5.5773, 7.7799, 1.3062, 2.5208, 3.7842, 4.5288, 4.8035, 8.7708], "time": [0.108645, 0.144163, 0.193636, 0.244383, 0.26218, 0.405562, 0.321064, 0.515127, 0.675545, 0.650576, 0.885309, 1.295829, 0.333889, 0.599967, 0.741014, 0.923536, 1.145222, 2.140393, 0.448157, 0.820564, 1.204399, 1.545563, 1.916175, 3.726616], "score": [32.580998219410134, 36.922282520449414, 40.227157087113596, 39.020978394893405, 35.88968409396491, 16.65113634209834, 56.00867775681058, 67.32167617919872, 70.11605408060566, 64.55789896362013, 67.92537051285333, 49.050793321105324, 55.404054989165424, 72.33517181821598, 73.38156431722665, 77.81564265637884, 73.72665096296826, 57.74955098407681, 65.80234953974777, 84.82882569217828, 94.02942732061598, 98.8224672143389, 106.4861007339208, 44.54127617698528], "name": "(61) SquareDual|Default"}