{"loss": [1.0742, 1.8555, 3.125, 4.8828, 5.5664, 8.3984, 1.0498, 2.6123, 3.6377, 4.1748, 5.1514, 7.8125, 2.0074, 2.398, 3.9171, 4.2969, 5.5664, 7.7474, 1.3306, 2.4475, 3.7354, 4.6021, 4.8218, 8.8867], "time": [0.113085, 0.146245, 0.203911, 0.242252, 0.26274, 0.412519, 0.324297, 0.515203, 0.659719, 0.636229, 0.849859, 1.282145, 0.326845, 0.575252, 0.73195, 0.925187, 1.127313, 2.382328, 0.438655, 0.812885, 1.326921, 1.52117, 2.096892, 3.696319], "score": [33.24007654348903, 36.925366614584135, 40.74669061995429, 37.48441370529271, 35.37592400465533, 18.92588055789868, 56.3194782880517, 66.87945653553652, 70.47494929994852, 65.8619388196231, 67.7239935893012, 44.12061023705589, 54.866591342117076, 71.48395387499968, 72.42693923990257, 78.42736558881238, 73.27687705542756, 61.70489179903568, 65.05841695711193, 84.75931217418513, 99.11906375874717, 97.2140482976553, 111.13933670619062, 40.425277830861816], "name": "(61) SquareDual(1/4)|Default"}