{"loss": [1.4648, 2.4414, 2.3438, 4.5898, 5.957, 7.4219, 1.5381, 2.7588, 3.6621, 4.3213, 5.4443, 8.2275, 1.8121, 2.5391, 3.7326, 4.2426, 5.523, 8.2031, 1.5747, 2.5574, 3.9062, 4.425, 4.9316, 8.844], "time": [0.112059, 0.163932, 0.227503, 0.272921, 0.304635, 0.471775, 0.345342, 0.540897, 0.738458, 0.687006, 0.887371, 1.391487, 0.346064, 0.606657, 0.781635, 0.987046, 1.218954, 2.286456, 0.460611, 0.850054, 1.394279, 1.617358, 2.116213, 3.91555], "score": [32.75695743620355, 38.07522557994768, 45.07707321892029, 41.23643720523734, 35.60777898926817, 30.850537649242522, 57.37555337365857, 67.94815343720495, 74.40904699330464, 67.40802972758888, 66.2790022749143, 38.111226665884374, 56.89549190309245, 72.86671510146442, 76.0925577287557, 81.46749775235801, 76.72844739049583, 49.459610028157726, 66.18541097461267, 86.16832772374501, 100.06253720806973, 102.2736543557041, 110.09229327846802, 43.10496697599438], "name": "(63) SquareDual(1/3)|Special(1.04/0.16/0.1/1.72/0.8)+Noise"}