{"loss": [1.0742, 2.832, 2.7344, 4.3945, 5.6641, 8.1055, 1.416, 2.7344, 3.8818, 4.7607, 5.249, 7.7637, 1.6819, 2.5716, 3.6567, 4.6007, 6.0221, 8.0295, 1.4099, 2.5513, 3.9612, 4.6326, 5.1025, 8.8684], "time": [0.110278, 0.153952, 0.215407, 0.273722, 0.292991, 0.461207, 0.341677, 0.569038, 0.729724, 0.69122, 0.910283, 1.370255, 0.411418, 0.750059, 0.907465, 1.151794, 1.409146, 2.261477, 0.458374, 0.843513, 1.245539, 1.607334, 1.999122, 3.887057], "score": [32.82494103159647, 36.089844864203876, 42.94176372912427, 42.21490276099773, 36.76307620205967, 23.294483072722638, 57.28112536453508, 69.79440457016092, 72.55189624180541, 64.29665330673231, 69.12173185358472, 46.50120334301196, 62.32743661370979, 80.87858581573775, 82.52318143181262, 84.60548945888569, 75.6573795923275, 53.42643669991791, 66.35750454839318, 85.86478434045716, 94.09186141931293, 99.57229757838118, 104.57862762584351, 42.09577096781601], "name": "(63) SquareDual(1/3)|Special(1.06/0.18/0.83/1.76/0.96)+Noise"}