{"loss": [1.4648, 2.3438, 2.9297, 4.8828, 5.4688, 9.2773, 1.1719, 2.6855, 3.3936, 4.1504, 5.3711, 8.6426, 1.7795, 2.6367, 3.635, 4.2643, 5.3385, 8.4201, 1.4343, 2.5635, 3.6743, 4.6265, 5.4749, 10.8459], "time": [0.12153, 0.169441, 0.232956, 0.294683, 0.31398, 0.485171, 0.424665, 0.681011, 0.92866, 0.863794, 1.137869, 1.736467, 0.439632, 0.818795, 0.992538, 1.246313, 1.532017, 2.905364, 0.591786, 1.086043, 1.76579, 2.063937, 2.552118, 4.990679], "score": [34.11315865298753, 38.90195249978752, 44.12281785219418, 41.34229466562812, 39.27542096496185, 9.704019884622872, 64.27136418050655, 76.57187775648319, 85.26888026522995, 76.9307520207155, 75.89774617360357, 33.34629542343449, 64.20513129035523, 84.19644627908458, 86.46236722657342, 91.33778060757612, 88.49940919877324, 49.60458928809712, 75.34506047158249, 97.36497052994825, 114.94318356048805, 112.91350455684302, 111.8681375298723, -39.39303968178946], "name": "(64) Circle13(1/4)|Default+Noise"}