{"loss": [1.1719, 2.5391, 2.5391, 4.4922, 4.5898, 8.0078, 1.3184, 2.7832, 3.6621, 4.6631, 5.6885, 13.4766, 1.8121, 2.5282, 3.7218, 4.1016, 5.7292, 10.5143, 1.3367, 2.6001, 3.5461, 4.5105, 5.2612, 8.7402], "time": [0.177212, 0.222841, 0.305227, 0.38067, 0.403548, 0.64251, 0.525551, 0.825107, 1.126828, 1.073253, 1.398683, 2.139009, 0.542502, 0.982426, 1.196143, 1.494184, 1.84962, 3.511174, 0.61985, 1.14359, 1.678159, 2.162862, 2.685493, 5.11547], "score": [41.51842279534729, 44.16265089565873, 51.68554012097068, 49.24779684910454, 50.14299358893119, 28.756335380574225, 71.23480562625566, 83.7991067530286, 91.91611448879208, 81.07107228757343, 79.99621900212998, -119.3702853921743, 71.23612982484647, 92.78202354828429, 94.21884654195678, 101.6727694009573, 91.36021755140709, -19.769669207132516, 77.32382169833704, 99.70915074904515, 113.25387293385981, 117.14656865226291, 118.5138416239488, 53.3972137806587], "name": "(65) Circle12(1/3)|Special(1.16/0.16/0.86/1.39/0.69)+Noise"}