{"loss": [1.0742, 2.1484, 3.0273, 4.3945, 4.6875, 10.1562, 1.2451, 2.3926, 3.4424, 4.2236, 5.542, 8.7158, 1.7904, 2.2895, 3.8086, 4.4162, 5.6641, 8.1489, 1.4526, 2.7344, 3.8391, 4.7668, 6.0364, 12.0544], "time": [0.136602, 0.19414, 0.262922, 0.329523, 0.354488, 0.550403, 0.490546, 0.790569, 1.035869, 0.984818, 1.294698, 1.979626, 0.504032, 0.891199, 1.137703, 1.424966, 1.764953, 3.329701, 0.67866, 1.251488, 1.841408, 2.354596, 2.955509, 5.668673], "score": [36.5332276383242, 42.02761663822878, 46.57671533810678, 46.31842756240799, 46.456618149826866, -2.335770045976268, 68.95319289623156, 83.82403735061067, 89.71687845048667, 81.53513200693023, 78.83720289528323, 33.81680986921939, 68.71943678203608, 89.45489302042368, 91.19120696410619, 96.09104229846065, 90.23006636737175, 61.30315224600407, 80.64254912437504, 103.50547357668434, 115.69831124753556, 118.5801312078983, 109.27299416896942, -107.87503660793514], "name": "(65) Circle11(3/4)|Default+Noise"}