{"loss": [1.0742, 2.4414, 2.7344, 4.1016, 4.6875, 9.4727, 1.3916, 3.0029, 3.5645, 4.0771, 6.0547, 10.0342, 1.8772, 2.691, 3.6892, 4.1341, 5.4796, 8.5829, 1.4893, 2.5452, 3.6316, 5.072, 6.3965, 12.9517], "time": [0.167314, 0.210113, 0.297654, 0.372248, 0.400044, 0.620414, 0.568645, 0.908113, 1.190549, 1.149153, 1.500601, 2.313813, 0.596581, 1.047993, 1.33994, 1.657305, 2.055117, 3.858794, 0.787003, 1.449895, 2.138473, 2.768228, 3.475788, 6.712357], "score": [40.432040075217536, 43.1059358409729, 50.47842937773632, 50.74798454498535, 49.351539315331024, 8.087694518500603, 73.94822911877904, 86.7018271202044, 95.2488458250508, 89.37921243634453, 77.59162420784466, -1.0422268070753156, 74.51685869314917, 94.9583144054956, 100.00118846818278, 106.73430707177555, 100.3124589251499, 51.729679200535365, 86.74551815050008, 112.61127146664849, 126.94893246783879, 123.5783843979466, 110.15451927225415, -175.51918644965903], "name": "(65) Circle9(1/4)|Default+Noise"}