{"loss": [1.0742, 2.4414, 2.7344, 4.1016, 4.6875, 9.4727, 1.3916, 3.0029, 3.5645, 4.0771, 6.0547, 10.0342, 1.8772, 2.691, 3.6892, 4.1341, 5.4796, 8.5829, 1.4893, 2.5452, 3.6316, 5.072, 6.3965, 12.9517], "time": [0.153269, 0.217909, 0.301097, 0.374527, 0.401028, 0.621628, 0.566437, 0.910679, 1.211335, 1.149364, 1.531628, 2.301163, 0.588817, 1.079231, 1.330923, 1.662313, 2.053645, 3.877277, 0.790825, 1.454861, 2.374923, 2.738467, 3.434911, 7.170361], "score": [38.697835659041345, 43.89835034278488, 50.76953504874329, 50.90309374576222, 49.41219775423252, 8.095603481508443, 73.80452215160773, 86.82423476670022, 96.07673091456348, 89.38741767455527, 78.38967714574748, -1.039373888851528, 74.03038361957456, 96.36315524613042, 99.6641461989199, 106.89544886978926, 100.27652754270976, 51.85341960748302, 86.95589842896788, 112.80395767607003, 133.7833092012149, 122.91229858925178, 109.50486752977281, -181.40848005384726], "name": "(65) Circle9(2/3)|Default+Noise"}