{"loss": [3.5156, 3.125, 3.7109, 6.25, 6.3477, 11.4258, 2.3682, 3.2715, 4.5166, 5.0049, 6.5674, 10.3027, 1.7144, 2.7018, 3.5482, 4.6549, 5.6098, 8.0729, 1.5381, 2.8625, 4.364, 5.2856, 6.311, 10.5042], "time": [0.15569, 0.215097, 0.298218, 0.376632, 0.398349, 0.617262, 0.544594, 0.891018, 1.164463, 1.081996, 1.395617, 2.165572, 0.56418, 1.009403, 1.238796, 1.554791, 1.911354, 3.972888, 0.750459, 1.361131, 2.023015, 2.599682, 3.239681, 6.794956], "score": [34.58083586919551, 41.849395698368255, 47.089208458712584, 37.39755773066939, 37.68382412350394, -24.00106028962434, 69.65782440309071, 84.29105837074835, 85.89693840704678, 77.9632832364719, 67.18319932772184, -9.043832955745955, 72.90425156480403, 93.13508737168557, 97.28869826057034, 97.673039554598, 94.74410749447807, 69.42010368481326, 84.57960887196569, 107.10789190979762, 115.14522489506031, 116.19007506078492, 108.3029702248653, -26.948772933568932], "name": "(65) Circle11(2/3)|Default"}