{"loss": [1.0742, 2.4414, 2.7344, 4.1016, 4.6875, 9.4727, 1.3916, 3.0029, 3.5645, 4.0771, 6.0547, 10.0342, 1.8772, 2.691, 3.6892, 4.1341, 5.4796, 8.5829, 1.4893, 2.5452, 3.6316, 5.072, 6.3965, 12.9517], "time": [0.171926, 0.220192, 0.292441, 0.385147, 0.396273, 0.608895, 0.552799, 0.900909, 1.212799, 1.138606, 1.513693, 2.305486, 0.591643, 1.100466, 1.323019, 1.668486, 2.03707, 3.861805, 0.79802, 1.467253, 2.157051, 2.765357, 3.463234, 6.703055], "score": [40.98550527871383, 44.12770939324276, 50.03444675903731, 51.61974705400792, 49.11838332336768, 8.012262112377757, 72.91061980071336, 86.35724245512014, 96.13477177897151, 88.96810288992286, 77.92936338856396, -1.040349722603102, 74.20782367431562, 97.30656022256379, 99.36776599875336, 107.09374309533273, 99.87104102443548, 51.74985748571827, 87.3505692321208, 113.28335145249773, 127.4991748881282, 123.5142846235236, 109.95540891494325, -175.39752683684455], "name": "(65) Circle9|Default+Noise"}