{"loss": [1.4648, 2.3438, 2.0508, 4.8828, 5.5664, 8.0078, 1.1963, 2.8564, 3.7842, 4.3213, 5.0049, 8.4717, 1.7795, 2.5499, 3.418, 4.5573, 5.7726, 8.5286, 1.2939, 2.533, 3.8086, 4.6326, 5.1147, 8.5266], "time": [0.137195, 0.172161, 0.213201, 0.270742, 0.290837, 0.376847, 0.424881, 0.553843, 0.728685, 0.70092, 0.927185, 1.376521, 0.416291, 0.76613, 0.930788, 1.173473, 1.456208, 2.740778, 0.548036, 1.006825, 1.483904, 1.921141, 2.40213, 3.911329], "score": [36.24510207158906, 39.21295171425161, 44.23172953434756, 39.62733380147687, 37.21941327040032, 22.02298208593058, 64.25004213733371, 68.3486341532556, 73.13891489794462, 68.08721876872653, 72.17062909762247, 33.12126384828024, 62.47749394112447, 81.83773514794026, 85.20617176562465, 85.82855081781504, 80.461539705, 45.134671639685244, 72.79006935705233, 93.90272304823036, 104.14571717355949, 108.85918609904425, 114.4429445784939, 53.985678555885585], "name": "(66) SquareDual(1/4)|Star+Noise"}