{"loss": [0.9766, 2.9297, 2.5391, 4.5898, 5.5664, 8.1055, 1.2207, 2.4902, 3.7109, 4.4434, 4.7119, 7.7637, 1.7361, 2.3112, 3.5482, 4.3945, 5.5447, 8.4201, 1.3977, 2.7039, 3.8086, 4.3823, 5.2979, 8.7219], "time": [0.113422, 0.159087, 0.218102, 0.276123, 0.288857, 0.372575, 0.424289, 0.576443, 0.739133, 0.68471, 0.914359, 1.376971, 0.413003, 0.742381, 0.93051, 1.168196, 1.431788, 2.724349, 0.544277, 1.00785, 1.487729, 1.967873, 2.614498, 3.930716], "score": [33.35697800166831, 36.4622644162151, 43.69053965547535, 41.47763162721754, 37.09250319048529, 20.936881135052786, 64.16685104447538, 71.21573297433793, 74.13371429026176, 66.40975970711258, 74.39209605624087, 46.61502170046467, 62.328325263914124, 81.55909067086564, 84.31852829146197, 87.2105044087728, 82.87025149587498, 48.03446450759884, 72.33388595335346, 93.05201764303274, 104.27985691273558, 113.34057719816039, 116.31020889331805, 47.440645467465984], "name": "(66) SquareDual(1/3)|Star+Noise"}