{"loss": [1.5625, 2.832, 5.3711, 4.3945, 5.0781, 10.9375, 1.5381, 2.7588, 3.2227, 4.1748, 5.249, 8.2764, 1.7036, 2.5499, 3.6567, 4.3728, 5.4688, 10.3516, 1.3855, 2.6062, 3.595, 4.3152, 5.0781, 9.2896], "time": [0.190219, 0.182822, 0.250784, 0.321982, 0.328624, 0.509058, 0.531823, 0.69979, 0.897528, 0.879094, 1.186761, 1.748837, 0.528688, 0.924488, 1.167397, 1.45899, 1.810234, 3.404997, 0.706287, 1.103426, 1.627347, 2.076031, 2.596147, 4.976111], "score": [42.54930578163059, 39.328426902490094, 35.631381337151375, 45.78537101655573, 42.543091304108465, -14.004891037794591, 71.2009429220898, 77.28660646646169, 84.89866437565372, 77.41862232246179, 78.92380734198538, 41.65832525192968, 70.60067927885078, 89.89861617518297, 93.59880566837991, 97.69220023015113, 94.30554187863457, -13.204008384362593, 82.4276255057633, 97.90919917826433, 111.08065445495865, 117.25450221052598, 119.57600642000246, 30.56829419555609], "name": "(67) Circle14(3/4)|Special(1.38/0.49/0.04/1.29/0.99)"}