{"loss": [1.3672, 2.2461, 3.125, 4.7852, 5.2734, 7.3242, 1.2939, 2.9053, 3.7109, 4.3945, 5.4688, 7.9834, 1.8012, 2.5391, 3.5048, 4.3511, 5.5664, 8.0621, 1.2878, 2.594, 3.6621, 4.5959, 5.0659, 8.6487], "time": [0.140844, 0.1775, 0.231306, 0.279385, 0.301476, 0.37964, 0.426321, 0.548735, 0.720924, 0.690741, 0.924201, 1.401423, 0.417759, 0.737365, 0.898378, 1.169523, 1.441659, 2.723279, 0.541283, 1.004087, 1.469113, 1.882947, 2.579152, 4.117256], "score": [36.82767959578447, 40.00526724288558, 43.397575138399915, 40.75363985150405, 39.63792837931535, 28.562276599470707, 64.2001366165755, 67.82401129978146, 73.21485481020133, 67.06077350547294, 67.38342365944985, 42.93151233872021, 62.53733506527064, 80.33389877405597, 83.14004195482127, 87.67049545474947, 82.8659222661777, 57.762459054176546, 72.35179935386914, 93.46156927541665, 104.95193335845565, 108.23639129377091, 119.38272738423672, 51.133353346442505], "name": "(67) SquareDual|Star+Noise"}