{"loss": [1.3672, 1.8555, 2.4414, 4.8828, 6.0547, 8.6914, 1.3672, 2.7344, 3.833, 4.0527, 4.9072, 8.1055, 1.9531, 2.4523, 3.8954, 4.5247, 5.74, 8.5612, 1.4648, 2.5391, 3.6682, 4.6204, 5.127, 8.9417], "time": [0.178068, 0.217852, 0.296451, 0.366674, 0.381984, 0.584823, 0.422611, 0.659908, 0.880683, 0.840325, 1.138577, 1.690746, 0.412078, 0.720005, 0.918653, 1.162143, 1.424918, 2.999729, 0.536172, 0.986067, 1.469367, 1.906233, 2.355586, 4.887389], "score": [41.409322134886736, 45.067667152530085, 51.202017790365616, 46.11658024917998, 39.1475703544195, 18.70514028550582, 63.79337501130015, 75.16084751473194, 80.0571512152959, 76.61314015935633, 81.00911780264418, 44.60097130024716, 61.74458438996427, 79.75023310576577, 81.30252137814901, 85.73237919327254, 80.04040241472832, 46.253807685601956, 71.65264891007138, 92.89894829992603, 104.90680354036239, 108.59184985915971, 113.13544789459104, 44.316576525881345], "name": "(68) SquareDual(1/3)|Special(1.04/0.38/0.42/1.88/0.62)+Noise"}