{"loss": [1.4648, 2.2461, 3.5156, 4.5898, 4.6875, 8.0078, 1.3672, 2.5391, 3.7354, 3.9551, 5.3711, 9.5947, 1.6493, 2.2027, 3.5482, 4.3186, 5.2083, 8.3876, 1.4587, 2.6062, 3.7659, 4.8401, 5.8838, 12.1277], "time": [0.167197, 0.203888, 0.263813, 0.348592, 0.375261, 0.59169, 0.524099, 0.856345, 1.116991, 1.083874, 1.400648, 2.137534, 0.549893, 0.961833, 1.2219, 1.53859, 1.902597, 3.575432, 0.721054, 1.339266, 1.977303, 2.694139, 3.155886, 6.025841], "score": [40.01238375676368, 42.87595733689362, 45.01458219550839, 46.60380394980675, 47.798419715284716, 27.595655147732987, 71.04145478060236, 86.57290049935176, 90.94095163085116, 87.82364803968001, 84.20681659834214, 11.611056494399522, 72.13761956429418, 93.31468944709931, 96.62295776312763, 100.90608965708023, 100.51796658022107, 56.06116241152055, 83.1080745314488, 107.86618368893758, 120.67435534290193, 125.68634928432209, 116.14794540270411, -115.57276467617444], "name": "(68) Circle10(1/4)|Default+Noise"}