{"loss": [1.2695, 2.0508, 2.7344, 5.3711, 5.6641, 8.1055, 1.3184, 2.4414, 3.6621, 4.4434, 5.3955, 7.9102, 1.747, 2.3329, 3.559, 4.1558, 5.7183, 7.997, 1.5076, 2.7039, 3.5828, 4.4983, 5.1208, 8.4717], "time": [0.143721, 0.168228, 0.22, 0.27799, 0.297244, 0.452548, 0.411578, 0.66292, 0.86337, 0.844662, 1.07457, 1.391689, 0.40873, 0.736707, 0.910626, 1.154691, 1.423025, 2.712225, 0.543366, 1.000205, 1.471367, 1.905997, 2.365508, 5.291728], "score": [37.29957468663356, 39.29058033613831, 43.397160301129176, 37.514342003121214, 37.02893768845904, 23.074774063268208, 63.03922806484715, 76.56691996024718, 80.45653395618632, 73.75985455747427, 73.48414259129149, 44.15463079325371, 61.98078487487831, 81.16031724824113, 83.33951772176796, 88.89807941385034, 80.28382828005299, 59.36683871237762, 72.03796387274284, 92.69842491793436, 105.72930720822859, 110.12225439037695, 113.47118753987938, 64.9402918603492], "name": "(68) SquareDual|Special(1.48/0.39/0.84/1.34/0.72)+Noise"}