{"loss": [1.3672, 2.2461, 3.125, 4.7852, 5.2734, 7.3242, 1.2939, 2.9053, 3.7109, 4.3945, 5.4688, 7.9834, 1.8012, 2.5391, 3.5048, 4.3511, 5.5664, 8.0621, 1.2878, 2.594, 3.6621, 4.5959, 5.0659, 8.6487], "time": [0.133969, 0.159145, 0.210884, 0.291133, 0.301257, 0.459732, 0.433103, 0.68214, 0.913668, 0.854177, 1.134539, 1.745957, 0.426928, 0.723001, 0.928544, 1.17415, 1.462689, 2.745671, 0.544342, 1.004817, 1.644301, 1.874638, 2.3635, 4.923123], "score": [35.91760239975254, 37.8803947839101, 41.437527109542884, 41.60165214355363, 39.62352875320816, 31.43107285694026, 64.70877604065089, 75.62038761811553, 82.42304804882025, 74.57356027125662, 74.65855341602676, 47.91906537896806, 63.219896787591814, 79.5475913445358, 84.52436743851887, 87.84375025741186, 83.46813160962738, 57.999447092666365, 72.55595534764645, 93.49553772104991, 111.03336526318594, 107.99731645262, 114.28278910781312, 55.91401550000464], "name": "(69) SquareDual|Factor3+Noise"}