{"loss": [1.2695, 2.5391, 3.3203, 4.5898, 5.6641, 8.3008, 1.416, 2.6367, 3.1982, 4.3213, 5.4688, 7.7148, 1.747, 2.5065, 3.5156, 4.1233, 5.7075, 8.1597, 1.5259, 2.4963, 3.6194, 4.3457, 5.3284, 8.9417], "time": [0.157397, 0.182866, 0.252576, 0.3097, 0.3329, 0.514839, 0.463203, 0.731903, 0.84196, 0.796055, 1.079529, 1.619723, 0.430468, 0.800924, 0.968398, 1.207386, 1.499858, 2.834083, 0.587212, 1.064053, 1.560281, 2.015744, 2.25971, 4.300115], "score": [39.03390400832032, 40.00590208148304, 44.716417721178466, 43.92717368674141, 39.186962562021975, 22.312605828160695, 66.69439707190398, 79.60364129929782, 82.37288801178657, 72.5609408918051, 72.82609324029313, 51.52059186224311, 63.60763526187165, 83.87183655126509, 86.24463115997754, 91.19956631557591, 82.57383291696009, 56.26049880299347, 74.84553428656015, 96.72495482810302, 108.54776975547853, 115.16440802258782, 107.64375236547797, 41.568828489717816], "name": "(69) Circle11(1/3)|Special(1.27/0.35/0.1/1.24/0.98)"}