{"loss": [1.3672, 2.4414, 2.1484, 4.6875, 5.2734, 6.9336, 1.3184, 2.6855, 3.5889, 4.3701, 5.6396, 7.6904, 1.7578, 2.2895, 3.7977, 4.145, 5.7726, 8.2248, 1.3977, 2.7466, 3.595, 4.7668, 5.0171, 8.6304], "time": [0.122058, 0.154615, 0.216372, 0.275754, 0.289546, 0.4615, 0.431022, 0.690826, 0.953039, 0.854753, 1.15528, 1.766103, 0.422087, 0.73448, 0.931228, 1.18387, 1.456494, 2.751105, 0.556469, 1.018788, 1.507338, 1.946009, 2.425401, 5.171595], "score": [34.28374889394455, 36.97740489354282, 44.36880983344173, 40.97394056387772, 38.84573661861084, 35.27475091174194, 64.5111121567334, 77.12169589468613, 85.04958332980391, 74.7964159464552, 73.29858650669702, 54.29782555530411, 62.960795320736885, 81.20948242723541, 82.58239611702429, 90.1118402564243, 80.46944066096728, 53.66160317616497, 73.13955163432331, 93.32068025133258, 106.90639131244234, 107.80183360515497, 116.53597672621271, 58.02674107573024], "name": "(69) SquareDual(3/4)|Factor3+Noise"}