{"loss": [2.6367, 2.4414, 3.3203, 6.543, 5.7617, 10.3516, 1.8066, 2.7832, 4.2725, 4.3701, 5.8838, 9.3994, 1.9206, 2.5933, 3.9171, 4.4813, 5.8702, 8.3767, 1.5503, 2.7527, 4.0039, 4.7913, 5.365, 9.4421], "time": [0.165096, 0.20317, 0.282197, 0.353339, 0.375313, 0.584787, 0.505584, 0.794986, 1.068118, 1.002013, 1.29501, 2.010035, 0.518443, 0.906945, 1.153725, 1.439704, 1.792626, 3.341211, 0.696451, 1.271334, 2.074232, 2.391891, 2.968831, 5.799082], "score": [37.80719401809241, 42.387754138878925, 47.26581602191191, 33.99456099539903, 40.925270170596676, -5.472002402631198, 68.78372131617557, 82.25531954970361, 84.48405808640075, 80.98361314296565, 74.4024847250781, 16.51868363407192, 69.34700876346434, 88.82900125546703, 90.93070881494339, 95.89168331822601, 87.75184681573958, 54.52783636260887, 81.44788993400701, 104.20971624115796, 120.93347517711875, 119.15338441607217, 122.7086112903673, 26.12036003879042], "name": "(69) Circle12|Default"}