{"loss": [1.3672, 2.832, 2.7344, 4.3945, 5.5664, 8.4961, 1.3428, 2.7344, 3.8818, 4.7607, 5.249, 7.7637, 1.8446, 2.5499, 3.4071, 4.4705, 6.1089, 8.0295, 1.4771, 2.6123, 3.9978, 4.5837, 4.9438, 8.7341], "time": [0.184229, 0.209866, 0.290412, 0.371773, 0.377473, 0.612602, 0.414312, 0.702967, 0.872321, 0.853806, 1.11294, 1.683877, 0.413261, 0.744074, 0.994339, 1.147244, 1.411184, 2.687334, 0.540507, 0.995502, 1.592044, 1.89987, 2.584189, 4.619499], "score": [42.11959418210708, 42.13697845266404, 49.8605713515061, 49.198273665339094, 42.40212684212385, 21.77149886930989, 63.20646202519762, 77.57422418566458, 79.32454991450415, 71.45947505046347, 76.42972036799041, 51.54881382612518, 62.09803772864727, 80.6511254465652, 88.14112187832092, 85.70325121259751, 74.46121177317377, 58.23994357063863, 71.91512172981763, 92.96609996296895, 106.01023072353316, 108.87605482988826, 121.46395765447998, 50.97176506035492], "name": "(69) SquareDual(1/3)|Special(1.15/0.14/0.82/1.77/0.6)+Noise"}