{"loss": [1.3672, 2.832, 2.7344, 4.3945, 5.5664, 8.2031, 1.3428, 2.7344, 3.8818, 4.7607, 5.249, 7.7637, 2.0074, 2.5065, 3.5482, 4.1992, 5.4253, 8.1163, 1.4099, 2.6672, 3.8147, 4.5837, 4.9438, 8.7341], "time": [0.177796, 0.216688, 0.287714, 0.352535, 0.390063, 0.610709, 0.41658, 0.675621, 0.887295, 0.855165, 1.118864, 1.692987, 0.414192, 0.763581, 0.909285, 1.149981, 1.44648, 2.675032, 0.539982, 0.991516, 1.593262, 1.997779, 2.511514, 4.580706], "score": [41.37768354706342, 42.81636343473122, 49.62842233341322, 47.908443499107584, 43.1034540014793, 25.561505192258878, 63.37922628086934, 76.05040688384285, 80.00248367816712, 71.51632333540346, 76.63286193748306, 51.68806872523534, 61.764354975070184, 81.89324038485285, 83.35132513572225, 88.32773644555623, 84.86965855209095, 55.814332137882154, 72.02274992651519, 92.49118227469725, 107.856376536263, 111.6462537194631, 119.74381556409588, 50.75729196707872], "name": "(70) SquareDual(1/3)|Special(1.08/0.02/0.92/1.94/0.79)+Noise"}