{"loss": [1.2695, 2.4414, 2.4414, 3.8086, 4.9805, 7.8125, 1.4893, 2.6123, 3.7598, 4.5898, 5.2002, 8.0322, 1.7904, 2.4306, 3.8303, 4.3186, 5.23, 7.9319, 1.5869, 2.3926, 3.7842, 4.6509, 5.1453, 8.6487], "time": [0.208303, 0.211349, 0.283844, 0.345379, 0.392131, 0.469723, 0.420345, 0.678084, 0.887653, 0.842877, 1.111997, 1.374264, 0.504055, 0.930569, 0.907027, 1.145673, 1.417909, 2.695152, 0.540402, 0.986528, 1.476493, 1.908221, 2.372687, 4.122263], "score": [44.90467183972698, 43.232536318640584, 50.1014708163798, 50.24426252129302, 47.08714467096104, 26.705078075539785, 63.39599091563159, 76.72648314174806, 80.89696772572344, 72.46774712407993, 76.93505197127746, 41.59726307428608, 68.72100466762222, 90.76696998631738, 81.26541459947119, 87.07355239049728, 86.50524927749635, 60.88207904087772, 71.66082170365263, 93.63827236348497, 104.11044292133748, 108.25783972760831, 113.25581331786537, 51.16443556594893], "name": "(70) SquareDual(1/3)|Special(1.02/0.81/0.05/1.79/0.79)+Noise"}