{"loss": [1.1719, 2.3438, 3.2227, 4.2969, 4.9805, 8.2031, 1.3916, 2.5146, 3.4668, 4.248, 5.0781, 9.6924, 1.5734, 2.8212, 3.6024, 4.1992, 5.6858, 8.2574, 1.4771, 2.6489, 3.656, 4.5227, 5.0476, 8.6182], "time": [0.161944, 0.191073, 0.265347, 0.330185, 0.354922, 0.549349, 0.433439, 0.686062, 0.903463, 0.854732, 1.134419, 1.724418, 0.532074, 0.819709, 1.039675, 1.299919, 1.594844, 3.018224, 0.62816, 1.157349, 1.696654, 2.185799, 2.72414, 5.242677], "score": [39.68959932996487, 41.310628987867496, 46.16192870333201, 46.852366956664746, 44.79744320787457, 24.243394732454007, 64.5611352709189, 77.59141434768262, 83.62681360903821, 75.76833881597159, 79.04349792337479, 7.95437851994758, 71.1376249139355, 83.33172667853798, 88.73223594492936, 93.9095834788686, 85.46062255735356, 55.27291566506755, 77.5273068154114, 100.03161031759804, 112.84526092820539, 117.60316398268988, 122.99789096400019, 58.90598608822782], "name": "(70) Circle10(3/4)|Special(1.28/0.27/0.65/1.24/0.98)"}