{"loss": [1.1719, 2.1484, 2.7344, 4.3945, 5.3711, 8.6914, 1.3428, 2.8076, 3.8818, 4.7607, 5.5908, 8.1055, 2.0725, 2.4197, 3.6675, 4.3403, 5.4796, 8.0621, 1.4832, 2.771, 3.9978, 4.5166, 5.0598, 8.8867], "time": [0.158574, 0.208235, 0.276378, 0.34858, 0.375706, 0.605915, 0.546529, 0.656988, 0.888581, 0.842315, 1.147762, 1.718525, 0.496833, 0.874943, 1.123204, 1.421403, 1.759762, 2.684832, 0.660716, 1.229878, 1.465721, 1.905151, 2.383975, 4.652555], "score": [39.27446468750208, 43.52653673074871, 48.64091172885403, 47.638949233175936, 43.61208119875081, 19.03945880960748, 72.59460241402635, 74.66555651314465, 80.06043844100829, 70.9769752665092, 73.64684052419882, 44.96587610718101, 67.4588109496142, 88.06176378922336, 91.72624216741023, 96.76320890426607, 92.82470294115024, 57.353267171089264, 79.49627692091224, 102.38448405956362, 101.71755247654065, 109.87010495592173, 114.87210620779817, 45.353838467186236], "name": "(71) SquareDual(1/3)|Special(1.25/0.76/0.04/1.59/0.93)+Noise"}