{"loss": [1.3672, 2.5391, 2.4414, 4.1016, 5.3711, 8.2031, 1.8799, 2.4902, 3.1494, 4.7852, 5.5908, 7.9102, 1.747, 2.7561, 3.4831, 4.2643, 5.3277, 8.6589, 1.6541, 2.5452, 3.8757, 4.6753, 5.1819, 8.7952], "time": [0.132308, 0.177328, 0.250465, 0.3142, 0.335514, 0.508583, 0.484161, 0.781793, 1.021818, 0.964185, 1.239946, 1.902188, 0.471913, 0.799597, 1.023216, 1.27555, 1.576784, 2.96882, 0.618037, 1.128339, 1.64942, 2.130808, 2.660061, 4.927905], "score": [35.69424769746459, 39.39546608471188, 47.063491103391826, 46.62358911493334, 41.2133644874195, 23.326532377925755, 67.12264539394059, 82.93610826320815, 91.05867388871457, 75.70857046429812, 76.54724860075764, 51.62164967582291, 66.59931839884251, 82.62775242273435, 88.88213412128675, 92.40290726458572, 89.92776793941555, 43.11606651110386, 76.46437708465542, 99.34211127192481, 109.13825014187037, 114.06549553671672, 119.30200266174292, 50.268169836861595], "name": "(71) SquareDual(2/3)|Factor3"}