{"loss": [1.2695, 1.3672, 2.832, 4.6875, 5.4688, 8.0078, 1.123, 2.2949, 3.8086, 4.4922, 5.2002, 7.8125, 1.9314, 2.5282, 3.3095, 4.7526, 5.7509, 8.4093, 1.4771, 2.4597, 3.8208, 4.6265, 4.8767, 8.7524], "time": [0.148716, 0.175704, 0.253997, 0.296957, 0.331249, 0.511821, 0.489532, 0.744317, 1.027466, 0.955825, 1.224628, 1.90019, 0.470397, 0.854864, 1.030415, 1.265554, 1.580305, 2.975796, 0.619669, 1.125218, 1.846038, 2.116854, 2.62708, 5.23419], "score": [37.942209041614305, 41.13353223902861, 46.35607332580064, 42.52003430422102, 40.34104499545854, 25.665672299932652, 69.0841948209522, 81.73014124430756, 86.66070982905158, 78.03719909684798, 80.73735845804212, 53.71201598615383, 66.02704531928715, 86.54907497580632, 90.3912519799205, 87.08694955704169, 84.1342414308997, 50.51578823554152, 77.001545803096, 99.65854592409251, 116.0341306412294, 114.3518306346615, 123.53585958210984, 53.52503574290944], "name": "(72) SquareDual(1/4)|Factor3"}