{"loss": [1.2695, 4.5898, 4.9805, 4.1016, 4.1992, 8.1055, 1.4893, 2.6611, 3.6377, 4.541, 5.0537, 7.5195, 1.888, 2.4848, 3.418, 4.6441, 5.5122, 8.3767, 1.5869, 2.6794, 3.7598, 4.5654, 5.1819, 8.7402], "time": [0.237232, 0.299275, 0.405825, 0.36273, 0.377824, 0.58468, 0.535372, 0.655073, 0.860557, 0.846364, 1.116472, 1.681505, 0.502239, 0.885466, 1.109906, 1.408927, 1.755705, 3.245654, 0.664801, 0.985287, 1.457966, 1.887007, 2.364221, 4.578683], "score": [47.92149957514833, 43.18151530624257, 47.90227792472955, 50.094996470393994, 50.62867239535449, 26.22794422913829, 71.54621750384456, 75.20509406029616, 80.49058742663021, 73.02742038985278, 78.6769703886318, 56.352089013579125, 68.34267212244771, 88.28930077388141, 93.04408407841, 93.09779426200969, 92.24283936762248, 53.74244545749083, 79.48206501114782, 92.13544901843676, 103.67745519639965, 108.73685204511716, 112.47240230420957, 50.517995958328875], "name": "(72) SquareDual(1/3)|Special(1.05/0.51/0.97/1.97/0.58)+Noise"}