{"loss": [1.3672, 2.1484, 2.1484, 4.1016, 5.2734, 7.7148, 1.1963, 2.5879, 3.6377, 4.5166, 5.3223, 7.9834, 1.7578, 2.4848, 3.7869, 4.1992, 5.6315, 8.2682, 1.4893, 2.6917, 3.7537, 4.6204, 5.2185, 8.5938], "time": [0.149359, 0.207176, 0.294143, 0.367222, 0.39235, 0.601391, 0.418235, 0.682344, 0.873991, 0.83324, 1.126242, 1.70738, 0.505884, 0.947211, 1.132005, 1.427281, 1.757861, 3.323958, 0.66702, 1.226587, 1.475228, 2.117485, 2.385889, 4.588461], "score": [37.92458869318421, 43.41571636775654, 51.731671157908096, 50.40422693046954, 45.21904696072857, 31.39344174401336, 63.74556114418699, 77.0719314396538, 81.11641647498472, 72.66075279021196, 76.06277856635701, 47.386721439450895, 68.92784316754002, 91.31570971708015, 91.13792610739513, 98.40258577616146, 90.53682503283852, 57.67946941512727, 79.85981128671123, 102.72717452507919, 104.34507592376376, 114.45095235889565, 112.39865806446991, 56.00783319674832], "name": "(72) SquareDual(1/4)|Special(1.7/0.12/0.95/1.3/0.6)+Noise"}