{"loss": [1.0742, 1.7578, 2.6367, 4.3945, 4.5898, 8.3008, 2.1484, 2.832, 3.9551, 4.7119, 5.7617, 7.5439, 1.6493, 2.5608, 3.3854, 4.5247, 5.0998, 7.9644, 1.8677, 2.4109, 3.8147, 4.5715, 5.2124, 8.7708], "time": [0.134357, 0.188919, 0.236441, 0.318619, 0.334388, 0.50638, 0.489742, 0.772986, 1.002765, 0.966654, 1.276549, 1.892008, 0.471341, 0.803254, 1.01529, 1.283426, 1.576939, 2.971621, 0.61994, 1.129168, 1.661865, 2.38468, 2.791735, 5.130498], "score": [36.231779366910175, 42.121811108132135, 45.244684502391564, 45.54563653700798, 45.64445232558247, 22.12854435948984, 66.75148391542652, 80.86827172808977, 84.47372729191935, 76.48987473088023, 75.47680297404276, 59.26982876262942, 66.78675165447524, 83.74713983068325, 89.21338022121435, 90.09496219898966, 92.91641563408365, 63.03791905252172, 75.98970879458984, 100.08588478331698, 110.1539557037712, 122.15159930565106, 121.68938334924367, 52.26188804801446], "name": "(72) SquareDual(3/4)|Factor3"}