{"loss": [1.3672, 1.3672, 2.9297, 4.7852, 5.1758, 8.5938, 1.3916, 2.002, 3.8818, 4.8096, 5.3467, 7.4219, 1.8663, 2.2135, 3.4614, 4.3511, 5.0781, 7.7257, 1.3062, 2.6184, 3.8086, 4.3884, 5.1514, 8.5876], "time": [0.146902, 0.17673, 0.249118, 0.30494, 0.331125, 0.495994, 0.483853, 0.748206, 1.013454, 0.953941, 1.244828, 1.918367, 0.464153, 0.823885, 1.027973, 1.288701, 1.574865, 2.953263, 0.62079, 1.12541, 1.650043, 2.269557, 2.650499, 5.432393], "score": [37.61135978898186, 41.25345430570114, 45.6277280452308, 42.57670597930537, 42.128198142311696, 18.41422563149233, 68.2124871228246, 83.03202228595227, 85.5010549606622, 75.07665494238064, 79.67658842475686, 62.21013201986997, 65.75579832049388, 86.32085287832561, 89.24129286975281, 92.02909687275512, 93.13245916648727, 69.2790954002133, 77.44594169860606, 98.812112196993, 109.82118947499353, 121.63813607311977, 119.60048569357156, 61.189459552121136], "name": "(73) SquareDual(1/3)|Factor3"}