{"loss": [1.3672, 2.832, 2.7344, 4.3945, 5.5664, 8.2031, 1.3184, 2.6855, 3.7109, 4.3457, 5.1025, 7.6904, 1.8338, 2.5282, 3.7326, 4.4488, 5.8377, 8.3442, 1.4465, 2.5574, 3.7781, 4.6021, 4.9866, 8.5938], "time": [0.148785, 0.208067, 0.288906, 0.3648, 0.386612, 0.608035, 0.416344, 0.658316, 0.918667, 0.848502, 1.148318, 1.69912, 0.507359, 0.902854, 1.135345, 1.422326, 1.755197, 3.303687, 0.661993, 1.221997, 2.037159, 2.325907, 2.904474, 5.604159], "score": [37.85164474948429, 41.95598778305724, 49.73112142700543, 48.734706597152694, 42.91235603542126, 25.505483053520894, 63.40316902613001, 75.2851706473074, 82.64822325443369, 74.7183076748359, 79.26005608571836, 53.25819576981003, 68.83382788365014, 88.94523349865626, 91.70734264789344, 95.6573242662267, 87.33502023659409, 55.208519642525566, 79.66054455864027, 103.31407146747127, 122.3558737520113, 120.20881773597799, 128.0469443655597, 61.897124393471536], "name": "(74) SquareDual(1/3)|Special(1.36/0.04/0.98/1.68/0.61)+Noise"}