{"loss": [1.3672, 2.832, 2.7344, 4.3945, 5.5664, 8.2031, 1.3428, 2.7344, 3.8818, 4.7607, 5.249, 7.6904, 1.8446, 2.5174, 3.5482, 4.0907, 5.5122, 8.355, 1.4221, 2.6611, 3.7659, 4.657, 4.95, 8.6609], "time": [0.152091, 0.211968, 0.2977, 0.361135, 0.378316, 0.594434, 0.414416, 0.67035, 0.873124, 0.858912, 1.103081, 1.688822, 0.498308, 0.908609, 1.128073, 1.534564, 1.731776, 3.31234, 0.66593, 1.230767, 1.904598, 2.560378, 3.065483, 5.578709], "score": [38.26986572760183, 42.3474728878121, 50.482329741995606, 48.48927954113396, 42.44944818445281, 25.21860646513438, 63.21439452484344, 75.75316433858916, 79.36105193691937, 71.67283042350695, 76.09044025637519, 53.09655726234414, 68.18904302135529, 89.28020469566107, 92.83913761846524, 103.14807087297956, 91.61208092488458, 54.95253679486154, 79.95418986721135, 103.08377885495068, 118.43499247067972, 125.30901190500815, 132.18495477956927, 59.021799935645014], "name": "(74) SquareDual(1/3)|Special(1.3/0.15/0.99/1.68/0.63)+Noise"}