{"loss": [1.1719, 2.0508, 3.125, 4.2969, 4.4922, 8.1055, 1.3916, 2.7588, 3.833, 4.0527, 5.4932, 9.4971, 1.8121, 2.6259, 3.4722, 4.2209, 5.5122, 8.6046, 1.4587, 2.5391, 3.7598, 4.3274, 4.9438, 9.9854], "time": [0.180127, 0.251625, 0.340355, 0.419703, 0.449624, 0.580309, 0.551285, 0.866049, 1.16447, 1.102793, 1.454793, 1.887883, 0.601184, 1.016619, 1.30015, 1.617547, 2.015855, 3.363606, 0.69474, 1.283988, 1.891508, 2.430137, 3.015868, 6.55173], "score": [41.85850291805071, 48.05252314863379, 52.64269106743162, 52.82310220854016, 53.52260256423783, 26.12972177231175, 72.8107079308287, 85.97884461208946, 92.05650394549605, 87.76606386012497, 84.21898715878594, 13.472220821216593, 74.98999968358487, 93.87511437257719, 100.2771752380504, 104.52393380502863, 98.8408644028672, 47.61256899427159, 81.57751608117185, 106.00786000775322, 118.09043484563591, 126.696589803583, 131.2174082352901, 0.74686773221258], "name": "(74) Circle9(3/4)|Special(1.32/0.33/0.15/1.18/0.94)"}