{"loss": [1.0742, 2.1484, 2.5391, 4.0039, 4.6875, 8.0078, 1.416, 2.7344, 3.9062, 4.3457, 5.3223, 8.6426, 1.8012, 2.2678, 3.6784, 4.6224, 5.5447, 8.1272, 1.5015, 2.7832, 4.3457, 5.481, 7.2998, 8.8623], "time": [0.217812, 0.304932, 0.395186, 0.514575, 0.565961, 0.869267, 0.541388, 0.888689, 1.158968, 1.109385, 1.497005, 2.221963, 0.511869, 0.88133, 1.126215, 1.421911, 1.737096, 3.2724, 0.662281, 1.230787, 1.814493, 2.348313, 2.917848, 6.379018], "score": [46.13180158241894, 52.6718716107539, 58.81097241811462, 60.23407001185613, 58.7002668183776, 33.44800279104871, 72.10377149168335, 87.22176570339867, 91.22888985985922, 85.4361631490705, 87.69361068019529, 37.720960051772565, 69.22387034232912, 89.05104963237915, 91.76413301685099, 93.76556223834267, 91.27907026325718, 61.412293821001875, 79.5459202470906, 102.34713825039354, 109.26428802953325, 107.20606194136566, 79.79365294159122, 54.20000415251573], "name": "(75) SquareDual(1/3)|Special(1.09/0.18/0.58/1.91/0.49)+Noise"}