{"loss": [1.2695, 2.0508, 2.3438, 4.5898, 5.7617, 8.2031, 1.3672, 2.71, 3.4668, 4.248, 5.4443, 8.8135, 1.9206, 2.4197, 3.7001, 4.3728, 5.1432, 8.1272, 1.5686, 2.594, 3.7292, 4.6692, 5.2551, 8.7158], "time": [0.15252, 0.213205, 0.268998, 0.366689, 0.371411, 0.603014, 0.540772, 0.882039, 1.138047, 1.103405, 1.451454, 2.215719, 0.506294, 0.898042, 1.123833, 1.418949, 1.746127, 3.293409, 0.665355, 1.232648, 1.828019, 2.318506, 2.90015, 5.571825], "score": [38.424406033022876, 44.232144462251945, 49.01586507080808, 47.79820633205936, 40.71197135402502, 25.39995581764581, 72.16261774412708, 87.01957802333224, 93.85782001042297, 86.08753204025643, 84.76664309887322, 33.227271585582905, 68.52966607565824, 89.21663183419462, 91.4973009738973, 96.34232580983998, 97.18646641639015, 61.6091136923953, 79.56227831182818, 103.55401317324754, 116.40148851562721, 119.07015827159923, 123.26856868731426, 56.73352849656715], "name": "(75) SquareDual(2/3)|Special(1.2/0.25/0.97/1.93/0.6)+Noise"}