{"loss": [1.4648, 2.0508, 2.5391, 4.1992, 5.1758, 7.4219, 1.1475, 2.8564, 4.2725, 4.4922, 4.9561, 8.2031, 1.7795, 2.3872, 3.4831, 4.2643, 5.6098, 8.3008, 1.4343, 2.5635, 3.7109, 4.4067, 5.2917, 8.8196], "time": [0.14653, 0.208084, 0.293028, 0.364372, 0.394199, 0.617901, 0.557534, 0.917309, 1.139108, 0.857986, 1.116529, 1.722835, 0.506274, 0.951208, 1.126921, 1.42744, 1.746438, 3.371751, 0.665408, 1.235251, 1.822174, 2.517046, 2.914755, 6.090827], "score": [37.4579029345764, 43.69770681611987, 50.642151188999364, 49.71921541618873, 45.96578251193313, 35.30650465353194, 73.68500120681288, 87.96184538064657, 87.24641698768042, 73.93542630263964, 79.71128894476779, 42.93298716648227, 68.89979066911282, 91.9719335982577, 93.27763976754456, 97.7497878033218, 90.56454933777239, 57.100816943579034, 79.89442056595117, 103.83812403146742, 116.39903676083402, 127.84336771645908, 122.91953943107687, 54.824883999954245], "name": "(75) SquareDual(1/3)|Special(1.25/0.19/0.03/1.8/0.86)+Noise"}