{"loss": [1.4648, 2.1484, 2.1484, 4.2969, 6.4453, 7.5195, 1.4893, 2.5146, 3.8086, 4.3701, 5.5176, 10.3027, 1.7687, 2.5391, 3.8628, 4.1992, 5.7183, 8.2899, 1.6052, 2.5391, 3.7781, 4.5959, 5.2673, 8.8806], "time": [0.210479, 0.292345, 0.416667, 0.520062, 0.551924, 0.851943, 0.54263, 0.884437, 1.187592, 1.136514, 1.455363, 2.222609, 0.667384, 0.915459, 1.12664, 1.427376, 1.747862, 3.324241, 0.657, 1.235497, 1.82107, 2.44855, 2.926151, 5.682433], "score": [44.89361429369663, 51.57331940181426, 61.57037551371583, 58.80041985835721, 43.42945649396715, 40.11125110518555, 72.02955834687221, 88.0978758590072, 93.16915226660358, 86.24776826528975, 83.91137294922208, -9.162157489233445, 79.13795398278374, 89.5111288813883, 90.30542007523434, 98.40586056581354, 88.97651237710593, 57.02681135788815, 78.9670052231184, 103.98685238794874, 115.6846346081389, 123.42659395288395, 123.60031632139952, 50.38117081805421], "name": "(75) SquareDual(1/3)|Special(1.1/0.24/0.47/1.71/0.47)+Noise"}