{"loss": [11.0352, 3.125, 3.7109, 4.0039, 7.5195, 9.1797, 1.9775, 2.7832, 3.7598, 4.4922, 5.249, 8.1055, 1.8012, 2.5825, 3.852, 4.579, 6.033, 7.9753, 1.4709, 2.594, 3.9001, 4.5044, 5.0903, 8.8867], "time": [0.350373, 0.288085, 0.385324, 0.485474, 0.539663, 0.84023, 0.751091, 0.853836, 1.167583, 1.114292, 1.495806, 2.233404, 0.646811, 1.14578, 1.450871, 1.561031, 1.750801, 3.364051, 0.857797, 1.212129, 1.806979, 2.319953, 3.026893, 5.637554], "score": [-12.889504568604217, 48.43199263832936, 53.526333248881045, 58.506060506585854, 31.924364474456755, 14.421605564010836, 83.27644635802628, 85.24550433079224, 92.78003074706918, 84.25816309437904, 88.60618340828772, 51.26120101367256, 77.81532965201046, 99.90221391743138, 102.57953871194054, 98.74449818050245, 84.15799613221425, 66.75258919789664, 90.61351168138401, 102.68850178038059, 113.97699240223851, 121.4100048089539, 128.89953904650773, 49.924491309043866], "name": "(75) SquareDual(1/3)|Special(1.07/0.74/0.04/1.85/0.53)+Noise"}