{"loss": [1.6602, 4.6875, 2.6367, 4.1016, 4.7852, 8.2031, 1.709, 2.832, 3.3936, 4.3457, 5.0537, 8.2275, 1.8555, 2.7235, 3.7652, 4.4813, 5.8919, 8.1163, 1.4893, 2.5208, 3.8269, 4.4983, 5.2734, 8.2397], "time": [0.202436, 0.283564, 0.399347, 0.512054, 0.532875, 0.612258, 0.53991, 0.879523, 1.158148, 0.840738, 1.109823, 1.658654, 0.495373, 0.914304, 1.120606, 1.406452, 1.862169, 3.224619, 0.653533, 1.212592, 1.800932, 2.322658, 2.377462, 4.561129], "score": [43.75276552542186, 41.55012834760947, 58.80054935154826, 59.51966716003385, 56.28303824797033, 25.593901715255793, 71.33249372043609, 86.26128990847452, 95.22351768989076, 74.37567672593933, 78.44234544886191, 41.60938060520613, 67.9595459284161, 88.5267330907462, 90.85137912148674, 94.77783726352982, 89.08947026532671, 61.28023836400504, 79.04831421698601, 103.12039657739436, 114.54517278750465, 121.56445869348536, 111.3118417259879, 68.57101177265487], "name": "(75) SquareDual|Special(1.28/0.76/0.94/1.57/0.61)+Noise"}