{"loss": [1.0742, 4.1992, 4.2969, 4.3945, 6.543, 9.4727, 1.416, 2.7344, 3.7109, 4.6631, 5.6641, 8.1787, 1.6819, 2.5716, 3.6133, 4.6224, 7.0855, 8.0838, 1.4465, 2.6672, 4.0649, 4.48, 5.1758, 9.1553], "time": [0.210718, 0.27911, 0.410178, 0.526679, 0.558212, 0.820165, 0.545988, 0.864645, 1.154783, 1.111898, 1.457684, 2.200503, 0.654298, 1.141898, 1.473376, 1.840274, 2.275712, 3.313548, 0.664933, 1.21697, 1.813062, 2.571781, 3.219549, 5.773146], "score": [45.37434112924712, 43.51504799754201, 52.22026216336108, 58.55769079316443, 42.72806577155783, 9.298963873320472, 72.40944486013464, 86.03375712750156, 92.66263685634475, 82.51774213636935, 82.00048061413183, 49.11399850794934, 78.60051973879152, 99.79286513802892, 105.53505179656112, 106.67149954284702, 75.11910453106465, 63.07789097614288, 79.83724019301194, 102.46850588112898, 112.40121797912998, 128.18128804538563, 131.3634114492154, 38.87744562310681], "name": "(76) SquareDual(1/3)|Special(1.13/0.6/0.04/1.71/0.5)+Noise"}