{"loss": [0.9766, 2.3438, 2.7344, 4.1016, 4.6875, 9.5703, 1.3916, 2.2705, 3.4668, 4.7363, 5.0049, 8.3008, 1.7904, 2.4523, 3.6458, 4.3403, 5.4036, 7.9753, 1.3794, 2.5818, 3.7231, 4.2725, 5.1086, 8.7769], "time": [0.226446, 0.260525, 0.376739, 0.435599, 0.490446, 0.583596, 0.503106, 0.797804, 1.081421, 1.00546, 1.354473, 2.001997, 0.608185, 0.925945, 1.147139, 1.441224, 1.776819, 3.350923, 0.693415, 1.269326, 1.870314, 2.096129, 2.86424, 5.059142], "score": [47.132488997281364, 48.23772847369604, 56.789789937053364, 54.8966760975779, 54.643992253638835, 6.424199069017628, 69.5563708155927, 84.71528300493031, 91.49297788966156, 77.77893321726376, 87.22931631964677, 43.999352504340806, 75.48634347323048, 90.43921840361635, 92.86838742202335, 97.43553881574076, 94.37601667220277, 66.62221296145499, 81.68709915659916, 105.1545098502993, 117.80255236673334, 118.35160524223815, 125.07257907934482, 51.656418775402784], "name": "(76) Circle12(3/4)|Special(1.3/0.51/0.15/1.26/0.83)"}