{"loss": [2.832, 4.5898, 4.9805, 4.7852, 4.9805, 8.2031, 1.6602, 2.6611, 3.6377, 4.541, 5.2246, 7.6904, 1.7361, 2.5065, 3.418, 4.6441, 5.2843, 8.0295, 1.4282, 2.4536, 3.7598, 4.8096, 5.0415, 8.4595], "time": [0.211754, 0.287808, 0.397569, 0.501047, 0.398462, 0.607174, 0.53217, 0.865317, 1.158573, 1.0723, 1.089847, 1.70304, 0.645721, 0.889005, 1.12806, 1.410038, 1.736058, 3.330597, 0.658425, 1.216567, 1.800015, 2.323165, 3.138996, 4.606431], "score": [42.32609077432827, 42.34616538781904, 47.412518395128345, 54.57630052933568, 47.465736365381716, 25.487418303515554, 70.93928872008057, 86.4350777430847, 93.39357020760067, 82.1988083873623, 75.8994122354899, 53.3195957453257, 77.93477930421379, 88.36343719243732, 93.80192809991851, 93.13449285156605, 94.96724456481945, 64.83673925629142, 79.48826501580685, 103.65798198881792, 115.19899563365922, 117.16130080311599, 132.14077413353698, 61.03288806443433], "name": "(76) SquareDual(1/3)|Special(1.05/0.87/0.37/1.92/0.99)+Noise"}