{"loss": [0.7813, 2.6367, 2.9297, 5.3711, 5.2734, 8.2031, 7.1777, 7.8857, 7.5928, 8.5449, 10.3271, 12.207, 1.9857, 3.5916, 3.7869, 4.286, 5.4253, 8.5503, 3.479, 3.3264, 4.5654, 5.2979, 5.3955, 9.2529], "time": [0.361408, 0.449, 0.626103, 0.776285, 0.797412, 1.187954, 1.685825, 2.632725, 3.363354, 3.286506, 4.133192, 6.31738, 1.668652, 2.88612, 3.572413, 4.48891, 5.35791, 10.037784, 2.280613, 4.111513, 5.941298, 7.570817, 9.435483, 17.497325], "score": [59.750245478665406, 62.348978263677395, 72.33511602992414, 62.68928894139728, 64.46529284811142, 35.650783244973084, 62.946912691654894, 61.358580023774394, 77.66644563220949, 48.91978630754649, -13.517574066950942, -123.18582213311502, 124.08288577226415, 147.9712657261527, 161.90333686166738, 172.9503044706569, 163.34052436472697, 85.20164884504412, 132.73873402337696, 180.3324367406897, 192.9437292204328, 197.9224476312422, 217.75009021658008, 60.16732740162399], "name": "(96) Square|Factor3"}