{"loss": [1.3672, 2.5391, 2.832, 4.6875, 5.7617, 8.9844, 1.1963, 2.5146, 3.8086, 4.1992, 5.9814, 8.3008, 1.8446, 2.3438, 3.201, 4.286, 5.6424, 8.4527, 1.416, 2.6123, 3.8513, 4.5105, 5.0476, 9.2773], "time": [0.205185, 0.25931, 0.374875, 0.479556, 0.472557, 0.786441, 0.892322, 1.399257, 1.905929, 1.829965, 2.394082, 3.632929, 0.935381, 1.687539, 2.146551, 2.636314, 3.261857, 6.138811, 1.294807, 2.393849, 3.502596, 4.554115, 5.605874, 11.930064], "score": [44.45063659802907, 47.63950251099672, 56.31649103486198, 54.03392146251509, 45.922111811456105, 17.098288530081017, 93.11090799859217, 110.81045289963292, 118.02985438292664, 111.42256714283705, 99.3708746050156, 59.271105750839965, 93.42431834076157, 122.76909530495267, 131.4990083924272, 132.54075794456412, 123.10713046351522, 70.74187686875489, 111.50804158641519, 144.16237216226975, 159.39285999185716, 169.98756918114424, 176.4430754912613, 48.12000319725799], "name": "(97) Square|Default+Noise"}