{"loss": [1.3672, 3.0273, 2.2461, 4.7852, 5.2734, 7.9102, 1.3184, 2.417, 4.0283, 4.3701, 5.8838, 7.5195, 1.9531, 2.7669, 3.6567, 4.0148, 5.6315, 10.5686, 1.4038, 2.6672, 3.7903, 4.3823, 5.0171, 9.0881], "time": [0.241008, 0.30471, 0.432413, 0.57243, 0.609007, 0.786788, 1.001342, 1.598486, 2.24043, 1.740514, 2.219524, 3.451999, 1.048813, 1.873139, 2.37392, 2.965032, 3.613762, 6.871226, 1.379195, 2.270485, 3.354395, 4.368814, 5.440028, 10.208821], "score": [48.17490979711069, 50.141664668439276, 62.44064322559539, 58.334577077523605, 56.33725970183221, 33.19968966556728, 98.32773301626646, 119.0452730772732, 125.39167866978694, 106.73312659856772, 97.40489916306672, 80.74139886405749, 98.50498020050686, 126.38482435321397, 133.4731961893089, 144.4376002206931, 129.81138046739295, -30.656932974351097, 115.12481367905235, 139.96188600703417, 156.83805014366078, 168.8762840047032, 174.529486879328, 55.615738927546516], "name": "(97) Square|Special(1.1/0.48/0.04/1.55/0.82)+Noise"}