{"loss": [0.0, 4.5898, 0.0, 0.0, 0.0, 0.0, 0.0, 0.0, 0.0, 0.0, 4.8096, 0.0, 0.0, 0.0, 0.0, 0.0, 0.2686, 8.5938, 0.0, 3.8303, 0.0, 0.0, 0.0, 0.3581, 3.5699, 8.7999, 36.0352, 0, 0, 0, 0, 0, 0, 0, 0, 0], "time": [0.21453, 0.345019, 0.24822, 0.253902, 0.242815, 0.236667, 0.238189, 0.214166, 0.218771, 0.328759, 0.570109, 0.331415, 0.314774, 0.330575, 0.329532, 0.324232, 0.484038, 0.648918, 0.339493, 0.606491, 0.341772, 0.336404, 0.337986, 0.466297, 0.65945, 0.764456, 1.359492, 100, 100, 100, 100, 100, 100, 100, 100, 100], "score": [46.31738334578067, 46.364348827593965, 49.82168202700507, 50.38868920700359, 49.27626203355933, 48.648432657178176, 48.80461043794941, 46.27807256141941, 46.772962275229055, 57.33750953782349, 58.0394255483133, 57.56865466553827, 56.10472350880984, 57.49565200952156, 57.404877841521454, 56.941373358920664, 69.52264553510342, 21.062511694828135, 58.26602783784046, 66.45196506520907, 58.46126923014929, 58.000344826561154, 58.136563365923166, 68.1983760210897, 70.85741599964435, 19.726462978266966, -1397.4596618171918, 0, 0, 0, 0, 0, 0, 0, 0, 0], "name": "(0) Square|Special(1.9/0.9/0.35/1.99/0.76)+Noise"}