{"loss": [1.1719, 1.8555, 3.9062, 18.1641, 16.9922, 17.6758, 2.4414, 4.9805, 1.1719, 0, 0, 0, 0, 0, 0, 0, 0, 0, 0, 0, 0, 0, 0, 0, 0, 0, 0, 0, 0, 0, 0, 0, 0, 0, 0, 0], "time": [0.058785, 0.07516, 0.046731, 0.045499, 0.047638, 0.048601, 0.046869, 0.046787, 0.048265, 100, 100, 100, 100, 100, 100, 100, 100, 100, 100, 100, 100, 100, 100, 100, 100, 100, 100, 100, 100, 100, 100, 100, 100, 100, 100, 100], "score": [23.9126410583605, 26.471447400191295, 18.318892112855124, -49.04617225778635, -41.19351821046682, -46.83240236701333, 20.358860195725388, 16.264823954796817, 21.6675815057324, 0, 0, 0, 0, 0, 0, 0, 0, 0, 0, 0, 0, 0, 0, 0, 0, 0, 0, 0, 0, 0, 0, 0, 0, 0, 0, 0], "name": "(-1) Circle14|Default"}