{"loss": [0.0, 1.7686, 0.0, 0.0, 0.0, 0.0, 0.0, 0.0, 0.0, 0.0, 31.1014, 0, 0, 0, 0, 0, 0, 0, 0, 0, 0, 0, 0, 0, 0, 0, 0, 0, 0, 0, 0, 0, 0, 0, 0, 0], "time": [0.052119, 0.055794, 0.047672, 0.043532, 0.032637, 0.033561, 0.033425, 0.042945, 0.060866, 0.043586, 0.070348, 100, 100, 100, 100, 100, 100, 100, 100, 100, 100, 100, 100, 100, 100, 100, 100, 100, 100, 100, 100, 100, 100, 100, 100, 100], "score": [22.829586067206737, 22.881909179089423, 21.83391856722013, 20.864323617122125, 18.065713381984118, 18.319661568926428, 18.282505298782223, 20.723175432351095, 24.671035649116963, 20.877260356665577, -230.03491704047482, 0, 0, 0, 0, 0, 0, 0, 0, 0, 0, 0, 0, 0, 0, 0, 0, 0, 0, 0, 0, 0, 0, 0, 0, 0], "name": "(-1) SquareDual(3/4)|Default+LNoise"}