{"loss": [0.0, 13.0859, 0.0, 0.0, 0.0, 0.0, 0.0, 0.0, 0.0, 0.0, 29.4434, 0, 0, 0, 0, 0, 0, 0, 0, 0, 0, 0, 0, 0, 0, 0, 0, 0, 0, 0, 0, 0, 0, 0, 0, 0], "time": [0.100592, 0.084113, 0.074326, 0.07207, 0.071008, 0.074908, 0.074688, 0.071776, 0.072379, 0.083577, 0.106751, 100, 100, 100, 100, 100, 100, 100, 100, 100, 100, 100, 100, 100, 100, 100, 100, 100, 100, 100, 100, 100, 100, 100, 100, 100], "score": [31.716241895911946, -20.661422569274983, 27.26279516117157, 26.84585629105542, 26.64732631991435, 27.369325895973397, 27.329105364061956, 26.791043279424564, 26.90334551686834, 28.90968695783474, -250.5719949335561, 0, 0, 0, 0, 0, 0, 0, 0, 0, 0, 0, 0, 0, 0, 0, 0, 0, 0, 0, 0, 0, 0, 0, 0, 0], "name": "(-1) SquareDual(1/4)|Star+LNoise"}