{"loss": [0.5859, 0.293, 7.7148, 20.4102, 20.3125, 21.6797, 3.6133, 5.957, 1.8555, 0, 0, 0, 0, 0, 0, 0, 0, 0, 0, 0, 0, 0, 0, 0, 0, 0, 0, 0, 0, 0, 0, 0, 0, 0, 0, 0], "time": [0.063193, 0.082714, 0.051063, 0.045463, 0.044718, 0.043865, 0.045271, 0.044716, 0.043558, 100, 100, 100, 100, 100, 100, 100, 100, 100, 100, 100, 100, 100, 100, 100, 100, 100, 100, 100, 100, 100, 100, 100, 100, 100, 100, 100], "score": [25.05192374083531, 28.735351516367114, 9.147736201554501, -67.50056295128252, -66.10387268595743, -77.49466673294363, 18.499073413369526, 13.642264330871866, 20.15200525691687, 0, 0, 0, 0, 0, 0, 0, 0, 0, 0, 0, 0, 0, 0, 0, 0, 0, 0, 0, 0, 0, 0, 0, 0, 0, 0, 0], "name": "(-10) Circle15(3/4)|Special(1.03/0.49/0.35/1.1/0.98)"}