{"loss": [51.2695, 41.1133, 62.0117, 73.0469, 70.0195, 73.0469, 57.4219, 60.9375, 54.8828, 0, 0, 0, 0, 0, 0, 0, 0, 0, 0, 0, 0, 0, 0, 0, 0, 0, 0, 0, 0, 0, 0, 0, 0, 0, 0, 0], "time": [0.077556, 0.125636, 0.070858, 0.077905, 0.076331, 0.076841, 0.077138, 0.075617, 0.076345, 100, 100, 100, 100, 100, 100, 100, 100, 100, 100, 100, 100, 100, 100, 100, 100, 100, 100, 100, 100, 100, 100, 100, 100, 100, 100, 100], "score": [-704.1760409033229, -563.6857395984208, -997.0078033695776, -1461.4024424577913, -1326.9014923996726, -1451.3884642114112, -888.0023696929992, -993.6266395900702, -804.6366786427501, 0, 0, 0, 0, 0, 0, 0, 0, 0, 0, 0, 0, 0, 0, 0, 0, 0, 0, 0, 0, 0, 0, 0, 0, 0, 0, 0], "name": "(-1021) Circle15(3/4)|Special(1.32/0.61/0.08/1.09/0.83)"}