{"loss": [46.4844, 42.5781, 58.3984, 71.3867, 64.9414, 69.043, 53.5156, 58.1055, 54.1992, 0, 0, 0, 0, 0, 0, 0, 0, 0, 0, 0, 0, 0, 0, 0, 0, 0, 0, 0, 0, 0, 0, 0, 0, 0, 0, 0], "time": [0.108754, 0.123395, 0.096842, 0.094564, 0.102793, 0.092199, 0.10767, 0.093455, 0.130927, 100, 100, 100, 100, 100, 100, 100, 100, 100, 100, 100, 100, 100, 100, 100, 100, 100, 100, 100, 100, 100, 100, 100, 100, 100, 100, 100], "score": [-679.6077895948584, -601.699182297179, -1030.169819171476, -1536.3516952951616, -1320.0892496387946, -1417.0818529189496, -906.9278481367282, -1001.5628091175895, -1026.7356303120991, 0, 0, 0, 0, 0, 0, 0, 0, 0, 0, 0, 0, 0, 0, 0, 0, 0, 0, 0, 0, 0, 0, 0, 0, 0, 0, 0], "name": "(-1057) Circle9(1/4)|Factor3"}