{"loss": [61.4258, 47.8516, 68.6523, 79.2969, 76.6602, 77.4414, 66.0156, 66.0156, 64.0625, 0, 0, 0, 0, 0, 0, 0, 0, 0, 0, 0, 0, 0, 0, 0, 0, 0, 0, 0, 0, 0, 0, 0, 0, 0, 0, 0], "time": [0.061677, 0.100429, 0.064103, 0.062583, 0.063082, 0.064295, 0.063572, 0.063841, 0.06315, 100, 100, 100, 100, 100, 100, 100, 100, 100, 100, 100, 100, 100, 100, 100, 100, 100, 100, 100, 100, 100, 100, 100, 100, 100, 100, 100], "score": [-912.2162207654098, -693.9516071223585, -1167.9806604743476, -1548.0264543218282, -1450.9051637952048, -1495.313588108368, -1073.6053260991498, -1075.8743672560004, -1006.1927180276654, 0, 0, 0, 0, 0, 0, 0, 0, 0, 0, 0, 0, 0, 0, 0, 0, 0, 0, 0, 0, 0, 0, 0, 0, 0, 0, 0], "name": "(-1158) Circle13(3/4)|Special(1.05/0.2/0.15/1.7/0.98)"}