{"loss": [58.0078, 46.9727, 66.1133, 75.7812, 73.9258, 75.293, 61.8164, 65.2344, 60.8398, 0, 0, 0, 0, 0, 0, 0, 0, 0, 0, 0, 0, 0, 0, 0, 0, 0, 0, 0, 0, 0, 0, 0, 0, 0, 0, 0], "time": [0.074302, 0.11142, 0.077092, 0.080116, 0.079048, 0.075938, 0.078032, 0.07726, 0.075289, 100, 100, 100, 100, 100, 100, 100, 100, 100, 100, 100, 100, 100, 100, 100, 100, 100, 100, 100, 100, 100, 100, 100, 100, 100, 100, 100], "score": [-889.9606046660239, -703.1201524034988, -1185.8534414985254, -1597.1788037419133, -1508.40201745138, -1534.650873621803, -1039.5065659155766, -1155.0571010622448, -988.2047206883087, 0, 0, 0, 0, 0, 0, 0, 0, 0, 0, 0, 0, 0, 0, 0, 0, 0, 0, 0, 0, 0, 0, 0, 0, 0, 0, 0], "name": "(-1177) Circle15|Special(1.76/0.64/0.0/1.0/0.85)"}