{"loss": [81.7383, 46.2891, 49.8047, 81.1523, 93.457, 42.2852, 55.0781, 72.5586, 84.082, 0, 0, 0, 0, 0, 0, 0, 0, 0, 0, 0, 0, 0, 0, 0, 0, 0, 0, 0, 0, 0, 0, 0, 0, 0, 0, 0], "time": [0.085957, 0.094486, 0.067915, 0.064491, 0.070282, 0.066593, 0.070466, 0.070814, 0.069327, 100, 100, 100, 100, 100, 100, 100, 100, 100, 100, 100, 100, 100, 100, 100, 100, 100, 100, 100, 100, 100, 100, 100, 100, 100, 100, 100], "score": [-1929.4893851654244, -627.890965520787, -620.3724795424309, -1647.047523134561, -2288.994271574094, -435.6086999020332, -778.7360452965934, -1374.3865743854615, -1835.145247127026, 0, 0, 0, 0, 0, 0, 0, 0, 0, 0, 0, 0, 0, 0, 0, 0, 0, 0, 0, 0, 0, 0, 0, 0, 0, 0, 0], "name": "(-1281) Circle14(1/3)Dual(1/4)|Default"}