{"loss": [0.0, 0.1953, 0.0, 0.0, 0.0, 0.0, 0.0, 0.0, 0.0, 0.0, 34.0323, 0, 0, 0, 0, 0, 0, 0, 0, 0, 0, 0, 0, 0, 0, 0, 0, 0, 0, 0, 0, 0, 0, 0, 0, 0], "time": [0.084383, 0.104296, 0.085321, 0.077159, 0.081547, 0.068254, 0.069317, 0.089602, 0.074252, 0.094947, 0.173927, 100, 100, 100, 100, 100, 100, 100, 100, 100, 100, 100, 100, 100, 100, 100, 100, 100, 100, 100, 100, 100, 100, 100, 100, 100], "score": [29.048752124661053, 32.28257329036949, 29.209758643302752, 27.777508887587455, 28.556435351773164, 26.125466503011957, 26.328121847180817, 29.933593168879675, 27.24922017232787, 30.81347108003251, -441.3165464493256, 0, 0, 0, 0, 0, 0, 0, 0, 0, 0, 0, 0, 0, 0, 0, 0, 0, 0, 0, 0, 0, 0, 0, 0, 0], "name": "(-13) Square|Default+LNoise"}