{"loss": [75.3906, 41.6992, 56.6406, 83.8867, 87.8906, 53.0273, 58.2031, 67.1875, 77.832, 0, 0, 0, 0, 0, 0, 0, 0, 0, 0, 0, 0, 0, 0, 0, 0, 0, 0, 0, 0, 0, 0, 0, 0, 0, 0, 0], "time": [0.079777, 0.144543, 0.080532, 0.08362, 0.082569, 0.079947, 0.083784, 0.081612, 0.079788, 100, 100, 100, 100, 100, 100, 100, 100, 100, 100, 100, 100, 100, 100, 100, 100, 100, 100, 100, 100, 100, 100, 100, 100, 100, 100, 100], "score": [-1577.118179211278, -623.0611278773279, -882.0379469763151, -2005.9745839638101, -2190.960521340371, -766.7854851681658, -951.6113850281133, -1261.029065619291, -1682.8917594111967, 0, 0, 0, 0, 0, 0, 0, 0, 0, 0, 0, 0, 0, 0, 0, 0, 0, 0, 0, 0, 0, 0, 0, 0, 0, 0, 0], "name": "(-1326) Circle11(1/4)Dual(1/3)|Default"}