{"loss": [2.3438, 2.0508, 6.0547, 22.6562, 20.5078, 19.4336, 4.9805, 5.3711, 5.4688, 0, 0, 0, 0, 0, 0, 0, 0, 0, 0, 0, 0, 0, 0, 0, 0, 0, 0, 0, 0, 0, 0, 0, 0, 0, 0, 0], "time": [0.065565, 0.090329, 0.065737, 0.061938, 0.066432, 0.066631, 0.062704, 0.063005, 0.065299, 100, 100, 100, 100, 100, 100, 100, 100, 100, 100, 100, 100, 100, 100, 100, 100, 100, 100, 100, 100, 100, 100, 100, 100, 100, 100, 100], "score": [24.199042320297437, 28.790745055165218, 16.24004272501812, -102.86024755316924, -82.62497715718776, -71.67356502021795, 18.82930934873661, 17.85953941579963, 17.911135578628492, 0, 0, 0, 0, 0, 0, 0, 0, 0, 0, 0, 0, 0, 0, 0, 0, 0, 0, 0, 0, 0, 0, 0, 0, 0, 0, 0], "name": "(-14) Circle9(1/3)|Default"}