{"loss": [1.1719, 0.1953, 5.1758, 20.6055, 21.4844, 21.6797, 5.2734, 6.0547, 2.7344, 0, 0, 0, 0, 0, 0, 0, 0, 0, 0, 0, 0, 0, 0, 0, 0, 0, 0, 0, 0, 0, 0, 0, 0, 0, 0, 0], "time": [0.059922, 0.092099, 0.060223, 0.059653, 0.060095, 0.061092, 0.058105, 0.058265, 0.060143, 100, 100, 100, 100, 100, 100, 100, 100, 100, 100, 100, 100, 100, 100, 100, 100, 100, 100, 100, 100, 100, 100, 100, 100, 100, 100, 100], "score": [24.142788719782132, 30.336241763244107, 17.966277020867935, -79.27692056000066, -88.63860277863364, -91.45446628648104, 17.401686051965385, 15.28924720335971, 22.690418999876357, 0, 0, 0, 0, 0, 0, 0, 0, 0, 0, 0, 0, 0, 0, 0, 0, 0, 0, 0, 0, 0, 0, 0, 0, 0, 0, 0], "name": "(-14) Circle10(3/4)|Special(1.45/0.34/0.27/1.1/0.96)"}