{"loss": [0.0, 1.5254, 0.0, 0.0, 0.0, 0.0, 0.0, 0.0, 0.0, 0.0, 37.5977, 0, 0, 0, 0, 0, 0, 0, 0, 0, 0, 0, 0, 0, 0, 0, 0, 0, 0, 0, 0, 0, 0, 0, 0, 0], "time": [0.039522, 0.059504, 0.041089, 0.039403, 0.040597, 0.042103, 0.054652, 0.044371, 0.041188, 0.046175, 0.085021, 100, 100, 100, 100, 100, 100, 100, 100, 100, 100, 100, 100, 100, 100, 100, 100, 100, 100, 100, 100, 100, 100, 100, 100, 100], "score": [19.8801408445715, 23.82584412306148, 20.270421801235415, 19.8501889159776, 20.148697228356973, 20.51901557092835, 23.3777672158827, 21.06442498621788, 20.294826927076763, 21.4883689469443, -383.02044906440995, 0, 0, 0, 0, 0, 0, 0, 0, 0, 0, 0, 0, 0, 0, 0, 0, 0, 0, 0, 0, 0, 0, 0, 0, 0], "name": "(-15) SquareDual(1/4)|Factor3+LNoise"}