{"loss": [54.6875, 47.7539, 62.8906, 74.4141, 72.6562, 74.5117, 59.082, 63.0859, 57.5195, 0, 0, 0, 0, 0, 0, 0, 0, 0, 0, 0, 0, 0, 0, 0, 0, 0, 0, 0, 0, 0, 0, 0, 0, 0, 0, 0], "time": [0.092824, 0.214475, 0.181203, 0.176341, 0.117211, 0.163883, 0.161134, 0.114186, 0.117234, 100, 100, 100, 100, 100, 100, 100, 100, 100, 100, 100, 100, 100, 100, 100, 100, 100, 100, 100, 100, 100, 100, 100, 100, 100, 100, 100], "score": [-880.7173782619163, -1009.790954272234, -1641.0911774045815, -2283.3505284477724, -1773.0609827541207, -2207.101353425173, -1361.070896257366, -1311.049876087554, -1098.5703453314222, 0, 0, 0, 0, 0, 0, 0, 0, 0, 0, 0, 0, 0, 0, 0, 0, 0, 0, 0, 0, 0, 0, 0, 0, 0, 0, 0], "name": "(-1507) Circle11(3/4)|Special(1.24/0.32/0.79/1.06/0.7)"}