{"loss": [31.0547, 12.4023, 10.3516, 31.8359, 37.3047, 9.082, 17.0898, 33.3008, 34.1797, 0, 0, 0, 0, 0, 0, 0, 0, 0, 0, 0, 0, 0, 0, 0, 0, 0, 0, 0, 0, 0, 0, 0, 0, 0, 0, 0], "time": [0.07788, 0.10601, 0.060022, 0.063421, 0.063675, 0.061667, 0.063729, 0.064329, 0.063492, 100, 100, 100, 100, 100, 100, 100, 100, 100, 100, 100, 100, 100, 100, 100, 100, 100, 100, 100, 100, 100, 100, 100, 100, 100, 100, 100], "score": [-241.22644248955956, -17.52238697497302, -1.7530837167185453, -230.05769053156874, -325.93138240727546, 4.350037324364428, -48.485104360606755, -255.89992141448246, -269.1740410361497, 0, 0, 0, 0, 0, 0, 0, 0, 0, 0, 0, 0, 0, 0, 0, 0, 0, 0, 0, 0, 0, 0, 0, 0, 0, 0, 0], "name": "(-153) Circle13(3/4)Dual(2/3)|Special(1.18/0.04/0.48/1.03/0.92)"}