{"loss": [0.0, 4.5898, 0.0, 0.0, 0.0, 0.0, 0.0, 0.0, 0.0, 0.0, 3.54, 0.0, 0.0, 0.0, 0.0, 0.0, 0.3418, 8.6182, 0.0, 3.1141, 0.0, 0.0, 0.0, 0.2713, 2.9405, 7.411, 35.5577, 0.0, 2.8381, 0.0, 0.0, 2.8503, 7.8918, 19.7266, 30.8777, 0], "time": [0.165293, 0.21684, 0.163123, 0.172931, 0.165851, 0.124273, 0.124464, 0.132068, 0.120312, 0.152774, 0.278588, 0.15358, 0.151835, 0.152567, 0.153267, 0.155834, 0.223421, 0.302676, 0.15649, 0.284306, 0.156876, 0.157873, 0.157656, 0.226161, 0.310147, 0.368486, 0.629525, 0.151148, 0.312787, 0.149732, 0.14971, 0.304282, 0.366036, 0.508522, 0.663295, 100], "score": [40.656241833204405, 36.75634827355995, 40.38848845896563, 41.584973247556626, 40.72480816406628, 35.252375806461615, 35.2794557781154, 36.34116123626211, 34.68602023870712, 39.08631474058408, 46.16707768038641, 39.18928424965171, 38.966010829952815, 39.0598259084702, 39.149329496174005, 39.47581538106591, 47.21220941268421, 14.153761480046896, 39.55881696916631, 48.149548044947856, 39.60757503306659, 39.73323545849243, 39.70591895423149, 47.52138432749113, 50.87551189323631, 27.36316076688244, -923.8257202661207, 38.87775713695429, 51.422519829773236, 38.695219342962766, 38.69237651010855, 50.68030467449728, 22.820636021703383, -206.18694727701612, -695.0602729676908, 0], "name": "(-16) SquareDual(1/3)|Special(1.45/0.99/0.23/1.78/0.93)+Noise"}