{"loss": [56.25, 57.0312, 68.2617, 74.9023, 71.582, 75.9766, 63.1836, 66.2109, 58.7891, 0, 0, 0, 0, 0, 0, 0, 0, 0, 0, 0, 0, 0, 0, 0, 0, 0, 0, 0, 0, 0, 0, 0, 0, 0, 0, 0], "time": [0.103277, 0.205826, 0.147092, 0.1035, 0.17626, 0.152539, 0.110825, 0.133752, 0.163643, 100, 100, 100, 100, 100, 100, 100, 100, 100, 100, 100, 100, 100, 100, 100, 100, 100, 100, 100, 100, 100, 100, 100, 100, 100, 100, 100], "score": [-984.6897714947718, -1430.2540005520232, -1748.7468957316453, -1772.7590774641683, -2109.235247423045, -2215.4433289214744, -1295.7176378172967, -1566.7069560552718, -1357.6603994856696, 0, 0, 0, 0, 0, 0, 0, 0, 0, 0, 0, 0, 0, 0, 0, 0, 0, 0, 0, 0, 0, 0, 0, 0, 0, 0, 0], "name": "(-1609) Circle9(3/4)|Special(1.62/0.2/0.03/1.15/0.58)"}