{"loss": [13.7695, 13.3789, 19.5313, 38.7695, 37.3047, 37.0117, 19.8242, 19.1406, 16.7969, 0, 0, 0, 0, 0, 0, 0, 0, 0, 0, 0, 0, 0, 0, 0, 0, 0, 0, 0, 0, 0, 0, 0, 0, 0, 0, 0], "time": [0.08996, 0.140636, 0.076194, 0.079391, 0.078419, 0.077394, 0.080515, 0.076605, 0.07805, 100, 100, 100, 100, 100, 100, 100, 100, 100, 100, 100, 100, 100, 100, 100, 100, 100, 100, 100, 100, 100, 100, 100, 100, 100, 100, 100], "score": [-26.873765135805215, -29.62427052391704, -77.69536147663808, -395.3358995032233, -361.7032006521827, -353.2738735923507, -83.13892350297017, -73.72278827036202, -50.884075652524814, 0, 0, 0, 0, 0, 0, 0, 0, 0, 0, 0, 0, 0, 0, 0, 0, 0, 0, 0, 0, 0, 0, 0, 0, 0, 0, 0], "name": "(-161) Circle10(3/4)|Special(1.66/0.31/0.72/1.01/0.82)"}