{"loss": [64.2578, 53.2227, 72.3633, 78.418, 79.7852, 79.2969, 67.5781, 70.7031, 65.4297, 0, 0, 0, 0, 0, 0, 0, 0, 0, 0, 0, 0, 0, 0, 0, 0, 0, 0, 0, 0, 0, 0, 0, 0, 0, 0, 0], "time": [0.140551, 0.147645, 0.108625, 0.106747, 0.115078, 0.113866, 0.111996, 0.111475, 0.109066, 100, 100, 100, 100, 100, 100, 100, 100, 100, 100, 100, 100, 100, 100, 100, 100, 100, 100, 100, 100, 100, 100, 100, 100, 100, 100, 100], "score": [-1510.501736103774, -1050.012099552584, -1692.88603250943, -1976.4639664318684, -2125.5152958031877, -2088.080422341403, -1494.8503741411268, -1635.6479291690298, -1380.7962577769315, 0, 0, 0, 0, 0, 0, 0, 0, 0, 0, 0, 0, 0, 0, 0, 0, 0, 0, 0, 0, 0, 0, 0, 0, 0, 0, 0], "name": "(-1661) Circle9(3/4)|Special(1.38/0.61/0.2/1.12/0.84)"}