{"loss": [64.7461, 54.1016, 71.6797, 79.1992, 78.7109, 79.7852, 68.1641, 70.7031, 66.5039, 0, 0, 0, 0, 0, 0, 0, 0, 0, 0, 0, 0, 0, 0, 0, 0, 0, 0, 0, 0, 0, 0, 0, 0, 0, 0, 0], "time": [0.142334, 0.163213, 0.100246, 0.119698, 0.123432, 0.106984, 0.099023, 0.106028, 0.10508, 100, 100, 100, 100, 100, 100, 100, 100, 100, 100, 100, 100, 100, 100, 100, 100, 100, 100, 100, 100, 100, 100, 100, 100, 100, 100, 100], "score": [-1543.8178255397272, -1142.0906852415428, -1595.1073379731258, -2135.529032361995, -2141.49224223715, -2049.403613844284, -1430.6400671051538, -1595.1861575628786, -1401.2706696762903, 0, 0, 0, 0, 0, 0, 0, 0, 0, 0, 0, 0, 0, 0, 0, 0, 0, 0, 0, 0, 0, 0, 0, 0, 0, 0, 0], "name": "(-1670) Circle10(3/4)|Special(1.1/0.49/0.93/1.04/0.72)"}