{"loss": [71.2891, 70.3125, 77.9297, 84.082, 82.1289, 84.4727, 73.2422, 78.8086, 74.5117, 0, 0, 0, 0, 0, 0, 0, 0, 0, 0, 0, 0, 0, 0, 0, 0, 0, 0, 0, 0, 0, 0, 0, 0, 0, 0, 0], "time": [0.079872, 0.116147, 0.0768, 0.074168, 0.076005, 0.078931, 0.076033, 0.078733, 0.077219, 100, 100, 100, 100, 100, 100, 100, 100, 100, 100, 100, 100, 100, 100, 100, 100, 100, 100, 100, 100, 100, 100, 100, 100, 100, 100, 100], "score": [-1408.033017664831, -1650.80005270305, -1655.2968860234703, -1898.1368635132228, -1832.0034050107477, -1976.6384062331235, -1451.615451025255, -1714.6526120056128, -1515.0166680492714, 0, 0, 0, 0, 0, 0, 0, 0, 0, 0, 0, 0, 0, 0, 0, 0, 0, 0, 0, 0, 0, 0, 0, 0, 0, 0, 0], "name": "(-1678) Circle15(1/3)|Special(1.9/0.02/0.09/1.31/0.78)"}