{"loss": [0.0, 7.0312, 0.0, 0.0, 0.0, 0.0, 0.0, 0.0, 0.0, 0.0, 38.208, 0, 0, 0, 0, 0, 0, 0, 0, 0, 0, 0, 0, 0, 0, 0, 0, 0, 0, 0, 0, 0, 0, 0, 0, 0], "time": [0.054644, 0.055738, 0.04107, 0.041674, 0.041708, 0.039219, 0.038656, 0.040148, 0.038651, 0.046087, 0.083032, 100, 100, 100, 100, 100, 100, 100, 100, 100, 100, 100, 100, 100, 100, 100, 100, 100, 100, 100, 100, 100, 100, 100, 100, 100], "score": [23.376056125873756, 11.93718380145562, 20.265734627691145, 20.414210736641277, 20.422536571151, 19.803787516533294, 19.661129163911212, 20.03696583817021, 19.659857578324416, 21.46788298831536, -391.84486401065084, 0, 0, 0, 0, 0, 0, 0, 0, 0, 0, 0, 0, 0, 0, 0, 0, 0, 0, 0, 0, 0, 0, 0, 0, 0], "name": "(-17) SquareDual(2/3)|Factor3+LNoise"}