{"loss": [69.8242, 53.0273, 79.8828, 79.4922, 85.2539, 79.1016, 69.1406, 76.3672, 71.3867, 0, 0, 0, 0, 0, 0, 0, 0, 0, 0, 0, 0, 0, 0, 0, 0, 0, 0, 0, 0, 0, 0, 0, 0, 0, 0, 0], "time": [0.124766, 0.139292, 0.117854, 0.099714, 0.086751, 0.085476, 0.087375, 0.089785, 0.087236, 100, 100, 100, 100, 100, 100, 100, 100, 100, 100, 100, 100, 100, 100, 100, 100, 100, 100, 100, 100, 100, 100, 100, 100, 100, 100, 100], "score": [-1686.7844951633558, -1012.1290372648992, -2156.3490118610043, -1963.8093097342307, -2111.2955043354214, -1800.0961424344855, -1383.4983934518646, -1717.5295941447778, -1475.623621550621, 0, 0, 0, 0, 0, 0, 0, 0, 0, 0, 0, 0, 0, 0, 0, 0, 0, 0, 0, 0, 0, 0, 0, 0, 0, 0, 0], "name": "(-1700) Circle16(3/4)Dual(2/3)|Special(1.22/0.24/0.13/1.48/0.99)"}