{"loss": [68.2617, 55.957, 66.3086, 81.543, 83.7891, 72.0703, 62.8906, 73.9258, 72.0703, 0, 0, 0, 0, 0, 0, 0, 0, 0, 0, 0, 0, 0, 0, 0, 0, 0, 0, 0, 0, 0, 0, 0, 0, 0, 0, 0], "time": [0.163605, 0.17779, 0.1365, 0.116726, 0.117946, 0.122288, 0.121138, 0.117126, 0.115536, 100, 100, 100, 100, 100, 100, 100, 100, 100, 100, 100, 100, 100, 100, 100, 100, 100, 100, 100, 100, 100, 100, 100, 100, 100, 100, 100], "score": [-1844.2963897864063, -1278.1041051115164, -1587.5029504618144, -2237.5672135476675, -2376.7647082348967, -1781.4013885646712, -1341.8075106550598, -1836.108399609455, -1731.5240545781792, 0, 0, 0, 0, 0, 0, 0, 0, 0, 0, 0, 0, 0, 0, 0, 0, 0, 0, 0, 0, 0, 0, 0, 0, 0, 0, 0], "name": "(-1779) Circle14(3/4)Dual(2/3)|Special(1.84/0.2/0.39/1.11/0.57)"}