{"loss": [0.0, 2.6744, 0.0, 0.0, 0.0, 0.0, 0.0, 0.0, 0.0, 0.0, 29.8828, 0, 0, 0, 0, 0, 0, 0, 0, 0, 0, 0, 0, 0, 0, 0, 0, 0, 0, 0, 0, 0, 0, 0, 0, 0], "time": [0.0388, 0.05988, 0.038455, 0.039469, 0.038436, 0.038889, 0.039096, 0.041084, 0.037688, 0.045709, 0.083353, 100, 100, 100, 100, 100, 100, 100, 100, 100, 100, 100, 100, 100, 100, 100, 100, 100, 100, 100, 100, 100, 100, 100, 100, 100], "score": [19.697715603592208, 22.720166318319507, 19.609946455816754, 19.866806487203725, 19.605101376937583, 19.720294115453754, 19.772708463940898, 20.26918843959965, 19.413397435791605, 21.37966323401751, -228.94111959622867, 0, 0, 0, 0, 0, 0, 0, 0, 0, 0, 0, 0, 0, 0, 0, 0, 0, 0, 0, 0, 0, 0, 0, 0, 0], "name": "(-2) SquareDual(1/3)|Factor3+LNoise"}