{"loss": [0.4883, 1.3672, 4.1992, 17.0898, 17.7734, 17.9688, 1.8555, 4.6875, 2.6367, 0, 0, 0, 0, 0, 0, 0, 0, 0, 0, 0, 0, 0, 0, 0, 0, 0, 0, 0, 0, 0, 0, 0, 0, 0, 0, 0], "time": [0.075838, 0.090166, 0.056266, 0.055889, 0.089203, 0.056535, 0.056331, 0.055969, 0.058118, 100, 100, 100, 100, 100, 100, 100, 100, 100, 100, 100, 100, 100, 100, 100, 100, 100, 100, 100, 100, 100, 100, 100, 100, 100, 100, 100], "score": [27.473037622014544, 29.466366252008175, 19.537760854127736, -45.404923922025574, -64.48070768328613, -52.99384836519322, 22.917014154950873, 18.4595281795761, 22.431664496777756, 0, 0, 0, 0, 0, 0, 0, 0, 0, 0, 0, 0, 0, 0, 0, 0, 0, 0, 0, 0, 0, 0, 0, 0, 0, 0, 0], "name": "(-2) Circle11(1/3)|Default"}