{"loss": [83.4961, 64.5508, 79.7852, 88.0859, 96.2891, 79.4922, 76.9531, 83.5938, 85.8398, 0, 0, 0, 0, 0, 0, 0, 0, 0, 0, 0, 0, 0, 0, 0, 0, 0, 0, 0, 0, 0, 0, 0, 0, 0, 0, 0], "time": [0.103413, 0.126381, 0.083851, 0.083046, 0.085345, 0.084846, 0.085366, 0.086429, 0.085995, 100, 100, 100, 100, 100, 100, 100, 100, 100, 100, 100, 100, 100, 100, 100, 100, 100, 100, 100, 100, 100, 100, 100, 100, 100, 100, 100], "score": [-2209.7612744034336, -1445.7537448906705, -1814.3547458732846, -2207.1841110998066, -2679.376292515441, -1811.494132836802, -1700.9761568368751, -2024.9674783930468, -2131.4722271281157, 0, 0, 0, 0, 0, 0, 0, 0, 0, 0, 0, 0, 0, 0, 0, 0, 0, 0, 0, 0, 0, 0, 0, 0, 0, 0, 0], "name": "(-2002) Circle16Dual|Factor3"}