{"loss": [12.3047, 14.1602, 25.0977, 45.9961, 39.6484, 44.1406, 23.7305, 25.1953, 16.4062, 0, 0, 0, 0, 0, 0, 0, 0, 0, 0, 0, 0, 0, 0, 0, 0, 0, 0, 0, 0, 0, 0, 0, 0, 0, 0, 0], "time": [0.060752, 0.110657, 0.073681, 0.067468, 0.06398, 0.065294, 0.071971, 0.063085, 0.06513, 100, 100, 100, 100, 100, 100, 100, 100, 100, 100, 100, 100, 100, 100, 100, 100, 100, 100, 100, 100, 100, 100, 100, 100, 100, 100, 100], "score": [-12.670421951545343, -33.43521965995939, -143.8358700407768, -523.5548031642184, -372.33051956458604, -472.31403518788323, -124.24756893195661, -134.32504782725857, -43.171480312393626, 0, 0, 0, 0, 0, 0, 0, 0, 0, 0, 0, 0, 0, 0, 0, 0, 0, 0, 0, 0, 0, 0, 0, 0, 0, 0, 0], "name": "(-206) Circle9(3/4)|Special(1.5/0.18/0.76/1.14/0.87)"}