{"loss": [12.5, 16.5039, 30.3711, 46.2891, 41.4062, 48.4375, 21.875, 31.6406, 20.7031, 0, 0, 0, 0, 0, 0, 0, 0, 0, 0, 0, 0, 0, 0, 0, 0, 0, 0, 0, 0, 0, 0, 0, 0, 0, 0, 0], "time": [0.053686, 0.077065, 0.06356, 0.049064, 0.051603, 0.05236, 0.051293, 0.051214, 0.05117, 100, 100, 100, 100, 100, 100, 100, 100, 100, 100, 100, 100, 100, 100, 100, 100, 100, 100, 100, 100, 100, 100, 100, 100, 100, 100, 100], "score": [-13.03325973711105, -47.85333728820183, -207.33709428727258, -452.4618617151895, -366.74851908823786, -513.9804263224956, -85.72605964226007, -203.92976788294746, -74.3360565813756, 0, 0, 0, 0, 0, 0, 0, 0, 0, 0, 0, 0, 0, 0, 0, 0, 0, 0, 0, 0, 0, 0, 0, 0, 0, 0, 0], "name": "(-218) SquareDual(3/4)|Factor3"}