{"loss": [0.0, 4.5898, 0.0, 0.0, 0.0, 0.0, 0.0, 0.0, 0.0, 0.0, 3.54, 0.0, 0.0, 0.0, 0.0, 0.0, 0.3418, 8.6182, 0.0, 3.1141, 0.0, 0.0, 0.0, 0.2713, 2.9405, 7.411, 35.3624, 0.0, 2.8381, 0.0, 0.0, 2.8503, 7.843, 19.2017, 30.0537, 0], "time": [0.208773, 0.320998, 0.203372, 0.213073, 0.221588, 0.210367, 0.23433, 0.221128, 0.236434, 0.324401, 0.60045, 0.327252, 0.327616, 0.326554, 0.329708, 0.32646, 0.482759, 0.647746, 0.341667, 0.609275, 0.340741, 0.336291, 0.34155, 0.481285, 0.660735, 0.784183, 1.339834, 0.32035, 0.645017, 0.327326, 0.330609, 0.65406, 0.765311, 1.099468, 1.371495, 100], "score": [45.69168414492948, 44.72123845373937, 45.09678480778868, 46.15983102222104, 47.073134588637714, 45.865782452717404, 48.407644024472, 47.024249063648, 48.62447943166075, 56.95621125039831, 67.77813381604241, 57.20594374713173, 57.2377497810667, 57.14490353478602, 57.420205502941215, 57.13667823736343, 69.39968810214776, 20.705477454804093, 58.45228823579107, 70.48648950402522, 58.373024591843794, 57.99060268698714, 58.44227921633447, 69.3236448621586, 74.25721480510639, 39.91760510974326, -1331.7167698385172, 56.59946996218251, 73.84389353566873, 57.21241124091869, 57.49860867881935, 74.303604315429, 33.669525686398, -281.7523206875823, -940.6634479698754, 0], "name": "(-22) Square|Special(1.44/0.97/0.39/1.76/0.87)+Noise"}