{"loss": [0.0, 12.0774, 0.0, 0.0, 0.0, 0.0, 0.0, 0.0, 0.0, 0.0, 22.9492, 0.0, 0.0, 0.0, 0.0, 0.0, 19.7754, 15.5273, 0.0, 8.7999, 0.0, 0.0, 0.0, 15.6033, 3.6241, 4.1016, 45.0846, 0, 0, 0, 0, 0, 0, 0, 0, 0], "time": [0.074683, 0.084648, 0.09025, 0.07374, 0.074237, 0.07413, 0.073947, 0.075425, 0.073408, 0.085938, 0.109493, 0.085667, 0.086124, 0.087239, 0.08693, 0.085813, 0.092248, 0.122842, 0.091998, 0.11623, 0.088438, 0.090014, 0.088954, 0.090575, 0.124004, 0.147825, 0.194283, 100, 100, 100, 100, 100, 100, 100, 100, 100], "score": [27.328190573106003, -13.343704144878945, 30.041637771599603, 27.155110016348672, 27.246467660964786, 27.226825007701507, 27.19319767883137, 27.46361228971892, 27.093910755001758, 29.315183779058934, -141.18253989287172, 29.268925501288905, 29.346890806352892, 29.53624891552751, 29.4838939083697, 29.29385601111605, -88.4037364897368, -49.4528537890277, 30.331172084177688, 7.691872801819011, 29.73852719957732, 30.00233324259965, 29.82515716639227, -43.176157718145625, 30.589132932408962, 31.979859856702976, -851.8519660961504, 0, 0, 0, 0, 0, 0, 0, 0, 0], "name": "(-22) SquareDual(3/4)|Star+LNoise"}