{"loss": [0.0, 4.5898, 0.0, 0.0, 0.0, 0.0, 0.0, 0.0, 0.0, 0.0, 4.8096, 0.0, 0.0, 0.0, 0.0, 0.0, 0.2686, 8.5938, 0.0, 3.3529, 0.0, 0.0, 0.0, 0.2713, 3.5482, 8.7348, 35.3624, 0.0, 2.9541, 0.0, 0.0, 3.0396, 7.843, 19.2017, 30.0537, 0], "time": [0.195776, 0.325965, 0.261916, 0.240973, 0.268508, 0.235072, 0.227106, 0.232362, 0.234295, 0.323232, 0.591986, 0.328744, 0.325888, 0.326249, 0.324971, 0.32817, 0.490174, 0.6543, 0.33842, 0.607912, 0.335332, 0.337858, 0.33817, 0.473807, 0.662198, 0.785316, 1.350346, 0.318369, 0.664382, 0.325332, 0.32746, 0.653713, 0.789689, 1.051206, 1.353613, 100], "score": [44.24658178887947, 45.06590989378818, 51.17772953150618, 49.08900080466091, 51.817757574020895, 48.48422423840563, 47.65563975019116, 48.20394174753762, 48.40402875794535, 56.85349593472683, 59.14252673350313, 57.33620147864698, 57.08660087971607, 57.11821075629033, 57.00622772995947, 57.28612397430987, 69.96191633035536, 21.149675530934214, 58.17387729900767, 69.20351712795022, 57.90785784330137, 58.12555376080301, 58.15238602155547, 68.78297593257625, 71.13059272986322, 21.00537636245529, -1336.9307201130698, 56.424196937129736, 74.39652478442443, 57.037882148621186, 57.22412078835287, 73.38241976976306, 34.20157175969597, -275.4990594460943, -934.5109890117835, 0], "name": "(-22) Square|Special(1.72/0.91/0.82/1.93/0.96)+Noise"}