{"loss": [22.4609, 5.0781, 20.8008, 38.3789, 54.6875, 28.8086, 11.1328, 38.4766, 23.5352, 0, 0, 0, 0, 0, 0, 0, 0, 0, 0, 0, 0, 0, 0, 0, 0, 0, 0, 0, 0, 0, 0, 0, 0, 0, 0, 0], "time": [0.072115, 0.108244, 0.072661, 0.073984, 0.076682, 0.074627, 0.075478, 0.073087, 0.074836, 100, 100, 100, 100, 100, 100, 100, 100, 100, 100, 100, 100, 100, 100, 100, 100, 100, 100, 100, 100, 100, 100, 100, 100, 100, 100, 100], "score": [-108.62324468481593, 24.416382582654276, -89.67442616560197, -373.43967053712, -800.4848964005066, -199.40334448322858, -6.576888438863763, -373.1988999575182, -124.17119518005103, 0, 0, 0, 0, 0, 0, 0, 0, 0, 0, 0, 0, 0, 0, 0, 0, 0, 0, 0, 0, 0, 0, 0, 0, 0, 0, 0], "name": "(-227) Circle12(3/4)Dual(2/3)|Special(1.32/0.11/0.6/1.13/0.82)"}