{"loss": [83.3008, 54.1992, 85.5469, 87.793, 89.7461, 87.8906, 83.7891, 83.7891, 83.3008, 0, 0, 0, 0, 0, 0, 0, 0, 0, 0, 0, 0, 0, 0, 0, 0, 0, 0, 0, 0, 0, 0, 0, 0, 0, 0, 0], "time": [0.112695, 0.127955, 0.123729, 0.115675, 0.114088, 0.113521, 0.107621, 0.107176, 0.113205, 100, 100, 100, 100, 100, 100, 100, 100, 100, 100, 100, 100, 100, 100, 100, 100, 100, 100, 100, 100, 100, 100, 100, 100, 100, 100, 100], "score": [-2295.8653102735034, -1015.0154563021907, -2539.036830252138, -2587.426627334526, -2686.738264070658, -2569.0002337083124, -2270.351461362795, -2265.6527829487186, -2301.054402883198, 0, 0, 0, 0, 0, 0, 0, 0, 0, 0, 0, 0, 0, 0, 0, 0, 0, 0, 0, 0, 0, 0, 0, 0, 0, 0, 0], "name": "(-2281) Circle16(3/4)|Special(1.36/0.64/0.42/1.16/0.74)"}