{"loss": [0.0, 4.5898, 0.0, 0.0, 0.0, 0.0, 0.0, 0.0, 0.0, 0.0, 3.54, 0.0, 0.0, 0.0, 0.0, 0.0, 0.3418, 8.6182, 0.0, 3.3529, 0.0, 0.0, 0.0, 0.2713, 3.5482, 8.7348, 35.3624, 0.0, 2.9541, 0.0, 0.0, 3.0396, 7.843, 19.2017, 30.0537, 0], "time": [0.271877, 0.370491, 0.26129, 0.209634, 0.225863, 0.210145, 0.200898, 0.204799, 0.262739, 0.332628, 0.603565, 0.327194, 0.324016, 0.324401, 0.329338, 0.326124, 0.490971, 0.645233, 0.331664, 0.60289, 0.342866, 0.342302, 0.340185, 0.475044, 0.665594, 0.776396, 1.359452, 0.320958, 0.639834, 0.329592, 0.33399, 0.658507, 0.763014, 1.034337, 1.380214, 100], "score": [52.14182582150341, 48.04536420287973, 51.11653352879087, 45.78580566070668, 47.52504602838382, 45.84157501657202, 44.821646556100546, 45.25472351036961, 51.2580725349676, 57.67391091299427, 67.9537152736763, 57.20087411919506, 56.92240332241779, 56.95621125039831, 57.38797783508319, 57.10726748847296, 69.9874627608313, 20.665273864395257, 57.59027695713922, 68.91707698049511, 58.554760694584004, 58.50658082643353, 58.325380410246794, 68.87270559002245, 71.31275167821546, 20.885741047198586, -1341.4309134647567, 56.653155251936326, 73.00916433370725, 57.4101036403872, 57.79186794004845, 73.65100300305706, 33.61895995633242, -273.2796137531807, -943.6487489741678, 0], "name": "(-23) Square|Special(1.64/0.96/0.27/1.82/0.95)+Noise"}