{"loss": [0.0, 4.5898, 0.0, 0.0, 0.0, 0.0, 0.0, 0.0, 0.0, 0.0, 3.54, 0.0, 0.0, 0.0, 0.0, 0.0, 0.3418, 8.6182, 0.0, 3.1141, 0.0, 0.0, 0.0, 0.2713, 2.9405, 7.411, 35.3624, 0.0, 2.8381, 0.0, 0.0, 2.8503, 7.8918, 19.7266, 30.0537, 0], "time": [0.217141, 0.363509, 0.189019, 0.206422, 0.206672, 0.23445, 0.222018, 0.233618, 0.231286, 0.328392, 0.589026, 0.325964, 0.327221, 0.324109, 0.325515, 0.327813, 0.485154, 0.651541, 0.336374, 0.609671, 0.340902, 0.336651, 0.336848, 0.477686, 0.668427, 0.790055, 1.343093, 0.336176, 0.648929, 0.319471, 0.3213, 0.633557, 0.79092, 1.040168, 1.420746, 100], "score": [46.59839053014599, 47.590497247909084, 43.47631539125642, 45.433687941878546, 45.46119224129521, 48.42003717470692, 47.118786062461325, 48.33404597175784, 48.09220311027558, 57.30549711851386, 67.13027325207163, 57.09325704494358, 57.20323417430172, 56.9305717519155, 57.05392186344424, 57.25495611735285, 69.5716233899701, 20.766043271605987, 57.99775857737952, 70.50939222926472, 58.38681357978015, 58.02163389633215, 58.03860783995426, 69.0639609160462, 74.68819978724025, 40.06677884849099, -1333.3354140042106, 57.98068643953778, 74.06748502834883, 56.52176571905729, 56.683330883073545, 73.12972374461702, 33.545334179882346, -294.88863823207106, -957.4043035966544, 0], "name": "(-23) Square|Special(1.25/0.99/0.5/1.7/0.56)+Noise"}