{"loss": [0.0, 4.5898, 0.0, 0.0, 0.0, 0.0, 0.0, 0.0, 0.0, 0.0, 3.54, 0.0, 0.0, 0.0, 0.0, 0.0, 0.3418, 8.6182, 0.0, 3.1141, 0.0, 0.0, 0.0, 0.2713, 2.9405, 7.411, 35.5577, 0.0, 2.8381, 0.0, 0.0, 2.8503, 7.8918, 19.7266, 30.0537, 0], "time": [0.240358, 0.369105, 0.239761, 0.231928, 0.276124, 0.249722, 0.242815, 0.232781, 0.226223, 0.321469, 0.571196, 0.310345, 0.32646, 0.327616, 0.325913, 0.329714, 0.471159, 0.655968, 0.337202, 0.597561, 0.332165, 0.324492, 0.327924, 0.476652, 0.659655, 0.786537, 1.347021, 0.320166, 0.647838, 0.322143, 0.328957, 0.633094, 0.808233, 1.055454, 1.386956, 100], "score": [49.02631946210117, 47.955411585462684, 48.96539594448308, 48.158903642005804, 52.54750231933008, 49.97219226730002, 49.27626203355933, 48.24738334873716, 47.562905714432546, 56.69823630413913, 66.10643865383673, 55.70861692772492, 57.13667823736343, 57.2377497810667, 57.08879049340597, 57.420727964734134, 68.56083130730244, 20.836472946329284, 58.06909677272413, 69.80560976563376, 57.633757469038926, 56.96419928340958, 57.264648780901474, 68.98917243346632, 74.19650166709178, 39.9774735524878, -1351.3590101871425, 56.58321305829141, 74.00519653543805, 56.75764265717878, 57.35477312308017, 73.10299745924758, 33.91049529926047, -297.0475334623419, -945.9506853011993, 0], "name": "(-23) Square|Special(1.72/0.98/0.64/1.95/0.78)+Noise"}