{"loss": [12.5, 16.5039, 30.3711, 46.2891, 41.4062, 48.4375, 21.875, 31.6406, 20.7031, 0, 0, 0, 0, 0, 0, 0, 0, 0, 0, 0, 0, 0, 0, 0, 0, 0, 0, 0, 0, 0, 0, 0, 0, 0, 0, 0], "time": [0.058724, 0.068531, 0.065024, 0.055246, 0.052192, 0.059194, 0.072946, 0.07073, 0.056793, 100, 100, 100, 100, 100, 100, 100, 100, 100, 100, 100, 100, 100, 100, 100, 100, 100, 100, 100, 100, 100, 100, 100, 100, 100, 100, 100], "score": [-13.631082357978768, -45.12603480143726, -209.71133481604582, -480.12124306112935, -368.83562612372583, -546.4942608014022, -102.23145758872526, -239.65588906814511, -78.31396547771557, 0, 0, 0, 0, 0, 0, 0, 0, 0, 0, 0, 0, 0, 0, 0, 0, 0, 0, 0, 0, 0, 0, 0, 0, 0, 0, 0], "name": "(-231) SquareDual(1/3)|Factor3"}