{"loss": [85.9375, 72.4609, 86.5234, 89.0625, 94.3359, 84.4727, 80.1758, 88.1836, 87.8906, 0, 0, 0, 0, 0, 0, 0, 0, 0, 0, 0, 0, 0, 0, 0, 0, 0, 0, 0, 0, 0, 0, 0, 0, 0, 0, 0], "time": [0.10444, 0.152013, 0.10475, 0.104034, 0.10377, 0.101871, 0.103841, 0.100949, 0.105307, 100, 100, 100, 100, 100, 100, 100, 100, 100, 100, 100, 100, 100, 100, 100, 100, 100, 100, 100, 100, 100, 100, 100, 100, 100, 100, 100], "score": [-2354.388479528764, -2008.1524210662253, -2390.583320544302, -2526.198513477729, -2834.5371864476383, -2245.580930681001, -2039.2093184410317, -2438.9653271576294, -2474.313131840095, 0, 0, 0, 0, 0, 0, 0, 0, 0, 0, 0, 0, 0, 0, 0, 0, 0, 0, 0, 0, 0, 0, 0, 0, 0, 0, 0], "name": "(-2367) Circle12(2/3)Dual(1/4)|Factor3"}