{"loss": [85.9375, 72.4609, 86.5234, 89.0625, 94.3359, 84.4727, 80.1758, 88.1836, 87.8906, 0, 0, 0, 0, 0, 0, 0, 0, 0, 0, 0, 0, 0, 0, 0, 0, 0, 0, 0, 0, 0, 0, 0, 0, 0, 0, 0], "time": [0.102949, 0.165299, 0.12811, 0.102273, 0.104213, 0.106474, 0.103891, 0.102083, 0.104676, 100, 100, 100, 100, 100, 100, 100, 100, 100, 100, 100, 100, 100, 100, 100, 100, 100, 100, 100, 100, 100, 100, 100, 100, 100, 100, 100], "score": [-2337.5222779987093, -2094.071090945339, -2643.737825712134, -2504.726579731736, -2840.5811426153587, -2295.7532716988803, -2039.7002044843473, -2452.6260009137027, -2466.8889461918056, 0, 0, 0, 0, 0, 0, 0, 0, 0, 0, 0, 0, 0, 0, 0, 0, 0, 0, 0, 0, 0, 0, 0, 0, 0, 0, 0], "name": "(-2408) Circle13(2/3)Dual(1/4)|Factor3"}