{"loss": [85.7422, 74.4141, 82.9102, 94.4336, 93.3594, 82.9102, 83.6914, 83.8867, 87.6953, 0, 0, 0, 0, 0, 0, 0, 0, 0, 0, 0, 0, 0, 0, 0, 0, 0, 0, 0, 0, 0, 0, 0, 0, 0, 0, 0], "time": [0.115019, 0.170868, 0.118072, 0.105383, 0.109256, 0.11553, 0.117481, 0.113647, 0.110849, 100, 100, 100, 100, 100, 100, 100, 100, 100, 100, 100, 100, 100, 100, 100, 100, 100, 100, 100, 100, 100, 100, 100, 100, 100, 100, 100], "score": [-2459.382688877039, -2247.637688228518, -2327.6900190181286, -2862.4692810433667, -2847.916211681092, -2302.496990222714, -2366.4664579571563, -2338.5643911619372, -2527.16913387448, 0, 0, 0, 0, 0, 0, 0, 0, 0, 0, 0, 0, 0, 0, 0, 0, 0, 0, 0, 0, 0, 0, 0, 0, 0, 0, 0], "name": "(-2475) Circle16(1/4)Dual(1/4)|Special(1.39/0.41/0.07/1.09/0.69)"}