{"loss": [0.0, 0.1953, 0.0, 0.0, 0.0, 0.0, 0.0, 0.0, 0.0, 0.0, 41.9678, 0, 0, 0, 0, 0, 0, 0, 0, 0, 0, 0, 0, 0, 0, 0, 0, 0, 0, 0, 0, 0, 0, 0, 0, 0], "time": [0.041625, 0.061221, 0.038851, 0.03902, 0.040735, 0.042197, 0.039274, 0.03919, 0.040988, 0.046001, 0.085385, 100, 100, 100, 100, 100, 100, 100, 100, 100, 100, 100, 100, 100, 100, 100, 100, 100, 100, 100, 100, 100, 100, 100, 100, 100], "score": [20.402205763103165, 24.733440312400898, 19.71065701593937, 19.75348070594142, 20.18291356568719, 20.541908382621124, 19.817668884104407, 19.79646433078392, 20.245493325676208, 21.4478437144623, -485.44258605175, 0, 0, 0, 0, 0, 0, 0, 0, 0, 0, 0, 0, 0, 0, 0, 0, 0, 0, 0, 0, 0, 0, 0, 0, 0], "name": "(-25) SquareDual(3/4)|Factor3+LNoise"}