{"loss": [0.0, 4.5898, 0.0, 0.0, 0.0, 0.0, 0.0, 0.0, 0.0, 0.0, 3.54, 0.0, 0.0, 0.0, 0.0, 0.0, 0.3418, 8.6182, 0.0, 3.1141, 0.0, 0.0, 0.0, 0.2713, 2.9405, 7.411, 35.5577, 0.0, 2.8381, 0.0, 0.0, 2.8503, 7.8918, 19.7266, 30.8777, 0], "time": [0.267888, 0.370665, 0.250028, 0.250585, 0.234509, 0.220263, 0.241379, 0.230419, 0.239667, 0.327221, 0.593345, 0.3125, 0.327991, 0.326261, 0.325, 0.325515, 0.487627, 0.658305, 0.345542, 0.607573, 0.344019, 0.34569, 0.332367, 0.472764, 0.665001, 0.788937, 1.353634, 0.32414, 0.648531, 0.322063, 0.318306, 0.622394, 0.767653, 1.127463, 1.382685, 100], "score": [51.757897948042675, 48.056645059974684, 50.00279992160439, 50.05846581748187, 48.42612931052822, 46.93218511853033, 49.130336860233314, 48.00197912586522, 48.95579638817042, 57.20323417430172, 67.37593821900059, 55.90169943749474, 57.27049851363265, 57.11926119970391, 57.008771254956905, 57.05392186344424, 69.7487134800057, 20.87355672435439, 58.782820619633426, 70.38796920979016, 58.65313290865204, 58.79540798395738, 57.65127925727235, 68.70722761268019, 74.49654797351819, 40.03841973608192, -1354.6720972971737, 56.93329430131371, 74.04476807440741, 56.750594710540256, 56.41861394965317, 72.48260354920195, 33.04823876094666, -307.0134802439788, -1003.5308561349981, 0], "name": "(-25) Square|Special(1.29/0.99/0.0/1.98/0.9)+Noise"}