{"loss": [80.1758, 78.2227, 85.2539, 89.9414, 88.6719, 90.625, 83.1055, 84.7656, 81.7383, 0, 0, 0, 0, 0, 0, 0, 0, 0, 0, 0, 0, 0, 0, 0, 0, 0, 0, 0, 0, 0, 0, 0, 0, 0, 0, 0], "time": [0.144048, 0.204926, 0.120409, 0.118678, 0.125746, 0.12367, 0.11753, 0.123308, 0.115942, 100, 100, 100, 100, 100, 100, 100, 100, 100, 100, 100, 100, 100, 100, 100, 100, 100, 100, 100, 100, 100, 100, 100, 100, 100, 100, 100], "score": [-2401.7676590400915, -2724.631539919791, -2487.3749304278704, -2752.3413064913416, -2752.708471055082, -2853.039611404237, -2333.4567543804933, -2487.9873416895907, -2240.898380234052, 0, 0, 0, 0, 0, 0, 0, 0, 0, 0, 0, 0, 0, 0, 0, 0, 0, 0, 0, 0, 0, 0, 0, 0, 0, 0, 0], "name": "(-2559) Circle15(2/3)|Special(1.1/0.44/0.29/1.17/0.6)"}