{"loss": [0.0, 1.5987, 0.0, 0.0, 0.0, 0.0, 0.0, 0.0, 0.0, 0.0, 15.0879, 0.0, 0.0, 0.0, 0.0, 0.0, 2.5126, 25.4883, 0.0, 7.0638, 0.0, 0.0, 0.0, 25.6727, 0.8681, 14.2014, 46.3226, 0, 0, 0, 0, 0, 0, 0, 0, 0], "time": [0.097526, 0.096945, 0.093718, 0.074511, 0.085923, 0.072997, 0.07412, 0.076589, 0.074923, 0.084362, 0.108303, 0.087636, 0.095843, 0.097245, 0.103614, 0.106505, 0.106269, 0.130584, 0.095926, 0.120373, 0.096687, 0.096381, 0.09512, 0.095557, 0.128515, 0.151125, 0.195284, 100, 100, 100, 100, 100, 100, 100, 100, 100], "score": [31.229153046472458, 30.34020536991832, 30.61339576067967, 27.296703097627006, 29.31262526625686, 27.01795699160098, 27.22498852157701, 27.674717704070623, 27.372066052821076, 29.045137286644042, -42.00714058173051, 29.603378185605777, 30.958520636490366, 31.18413057951111, 32.189128599575355, 32.635103799436585, 30.54090438735667, -198.62500982265206, 30.971922768856313, 17.383047974175646, 31.094533281591474, 31.04528949776439, 30.84153044192198, -172.8267867385027, 35.57883170512049, -39.52780312106418, -904.0510479612924, 0, 0, 0, 0, 0, 0, 0, 0, 0], "name": "(-26) SquareDual|Star+LNoise"}