{"loss": [82.8125, 82.0312, 87.1094, 90.332, 89.3555, 90.918, 84.1797, 87.5, 84.9609, 0, 0, 0, 0, 0, 0, 0, 0, 0, 0, 0, 0, 0, 0, 0, 0, 0, 0, 0, 0, 0, 0, 0, 0, 0, 0, 0], "time": [0.118989, 0.180193, 0.124235, 0.118895, 0.117647, 0.121648, 0.122348, 0.121198, 0.117939, 100, 100, 100, 100, 100, 100, 100, 100, 100, 100, 100, 100, 100, 100, 100, 100, 100, 100, 100, 100, 100, 100, 100, 100, 100, 100, 100], "score": [-2331.126390624756, -2814.003885181843, -2639.311054634799, -2779.1362861428697, -2704.328058723451, -2848.1723215866596, -2443.660183174908, -2630.595330062546, -2444.6029681935784, 0, 0, 0, 0, 0, 0, 0, 0, 0, 0, 0, 0, 0, 0, 0, 0, 0, 0, 0, 0, 0, 0, 0, 0, 0, 0, 0], "name": "(-2626) Circle15|Special(2.0/0.09/0.06/1.27/0.43)"}