{"loss": [86.8164, 76.5625, 90.2344, 91.6992, 91.8945, 92.7734, 87.5977, 87.3047, 86.8164, 0, 0, 0, 0, 0, 0, 0, 0, 0, 0, 0, 0, 0, 0, 0, 0, 0, 0, 0, 0, 0, 0, 0, 0, 0, 0, 0], "time": [0.117964, 0.169053, 0.121137, 0.124567, 0.118908, 0.120157, 0.117278, 0.119882, 0.11885, 100, 100, 100, 100, 100, 100, 100, 100, 100, 100, 100, 100, 100, 100, 100, 100, 100, 100, 100, 100, 100, 100, 100, 100, 100, 100, 100], "score": [-2554.333653228176, -2369.0316174730374, -2799.083223749161, -2932.492048564547, -2877.471398279471, -2948.805020345559, -2593.562437327269, -2604.4540940275447, -2563.9082099685256, 0, 0, 0, 0, 0, 0, 0, 0, 0, 0, 0, 0, 0, 0, 0, 0, 0, 0, 0, 0, 0, 0, 0, 0, 0, 0, 0], "name": "(-2693) Circle15(3/4)|Special(1.93/0.4/0.05/1.38/0.86)"}