{"loss": [0.0, 4.5898, 0.0, 0.0, 0.0, 0.0, 0.0, 0.0, 0.0, 0.0, 3.54, 0.0, 0.0, 0.0, 0.0, 0.0, 0.3418, 8.6182, 0.0, 3.3529, 0.0, 0.0, 0.0, 0.3581, 3.5482, 8.7348, 35.3624, 0.0, 2.9541, 0.0, 0.0, 3.0396, 7.843, 20.7764, 30.8716, 0], "time": [0.212771, 0.326081, 0.289388, 0.223256, 0.218775, 0.20349, 0.232317, 0.242871, 0.205017, 0.320296, 0.586726, 0.324064, 0.330673, 0.327262, 0.327841, 0.325939, 0.467707, 0.650529, 0.338253, 0.608481, 0.339329, 0.340705, 0.343953, 0.479271, 0.656295, 0.786624, 1.341547, 0.332794, 0.652859, 0.321472, 0.321726, 0.644479, 0.813181, 1.10785, 1.397674, 100], "score": [46.12710699794644, 45.07392790269179, 53.79479528727663, 47.24997354496614, 46.7733898707374, 45.10986588319677, 48.199273853451366, 49.281943955164756, 45.27880298771159, 56.594699398441904, 66.9990815504296, 56.92661943238857, 57.50417376156274, 57.206817775506444, 57.25740126830766, 57.091067602559335, 68.30921021326405, 20.74990967251976, 58.159522006288874, 69.23589647847722, 58.251952756967725, 58.369940894265085, 58.64750634084965, 69.14062452352013, 70.81284500132011, 21.022862063365153, -1332.567808901793, 57.68830037364595, 73.74853849198799, 56.69850086201574, 56.72089562057355, 72.86229609480874, 34.706564955618575, -349.08565451507377, -1008.5102709477601, 0], "name": "(-27) Square|Special(1.58/0.95/0.47/1.91/0.77)+Noise"}