{"loss": [92.2852, 75.0, 82.9102, 94.3359, 96.3867, 82.7148, 84.668, 88.5742, 93.75, 0, 0, 0, 0, 0, 0, 0, 0, 0, 0, 0, 0, 0, 0, 0, 0, 0, 0, 0, 0, 0, 0, 0, 0, 0, 0, 0], "time": [0.123238, 0.184408, 0.126234, 0.123642, 0.125033, 0.127216, 0.124872, 0.118361, 0.119304, 100, 100, 100, 100, 100, 100, 100, 100, 100, 100, 100, 100, 100, 100, 100, 100, 100, 100, 100, 100, 100, 100, 100, 100, 100, 100, 100], "score": [-2954.655481266884, -2372.587080593671, -2406.799189106958, -3094.063775816431, -3249.724523103038, -2404.5994742059083, -2497.8724309539634, -2664.6952144947613, -3001.23790954783, 0, 0, 0, 0, 0, 0, 0, 0, 0, 0, 0, 0, 0, 0, 0, 0, 0, 0, 0, 0, 0, 0, 0, 0, 0, 0, 0], "name": "(-2738) Circle9Dual(3/4)|Special(1.97/0.01/0.08/1.19/0.64)"}