{"loss": [88.6719, 31.6406, 90.5273, 93.0664, 92.9688, 92.6758, 89.7461, 90.1367, 88.9648, 0, 0, 0, 0, 0, 0, 0, 0, 0, 0, 0, 0, 0, 0, 0, 0, 0, 0, 0, 0, 0, 0, 0, 0, 0, 0, 0], "time": [0.116511, 0.134682, 0.125596, 0.11968, 0.124413, 0.177642, 0.169702, 0.166836, 0.148789, 100, 100, 100, 100, 100, 100, 100, 100, 100, 100, 100, 100, 100, 100, 100, 100, 100, 100, 100, 100, 100, 100, 100, 100, 100, 100, 100], "score": [-2649.6993227826824, -330.7052236168142, -2868.897686094589, -2961.7833420112847, -3013.3761146864254, -3577.826927867089, -3276.791869778452, -3277.703115507152, -3014.3918264649, 0, 0, 0, 0, 0, 0, 0, 0, 0, 0, 0, 0, 0, 0, 0, 0, 0, 0, 0, 0, 0, 0, 0, 0, 0, 0, 0], "name": "(-2774) Circle15(1/4)|Special(1.75/0.61/0.33/1.04/0.71)"}