{"loss": [12.5, 16.5039, 30.3711, 46.2891, 41.4062, 48.4375, 21.875, 31.6406, 20.7031, 0, 0, 0, 0, 0, 0, 0, 0, 0, 0, 0, 0, 0, 0, 0, 0, 0, 0, 0, 0, 0, 0, 0, 0, 0, 0, 0], "time": [0.090701, 0.140529, 0.078237, 0.065126, 0.105942, 0.092489, 0.09542, 0.086074, 0.072009, 100, 100, 100, 100, 100, 100, 100, 100, 100, 100, 100, 100, 100, 100, 100, 100, 100, 100, 100, 100, 100, 100, 100, 100, 100, 100, 100], "score": [-16.940591276944854, -64.61994996124675, -230.03353748332427, -521.2879725334817, -525.490630877578, -683.1118250079056, -116.92396058115462, -264.37614720245256, -88.183067130862, 0, 0, 0, 0, 0, 0, 0, 0, 0, 0, 0, 0, 0, 0, 0, 0, 0, 0, 0, 0, 0, 0, 0, 0, 0, 0, 0], "name": "(-278) SquareDual(2/3)|Factor3"}