{"loss": [0.0, 4.5898, 0.0, 0.0, 0.0, 0.0, 0.0, 0.0, 0.0, 0.0, 3.54, 0.0, 0.0, 0.0, 0.0, 0.0, 0.3418, 8.5938, 0.0, 3.3529, 0.0, 0.0, 0.0, 0.3581, 3.5482, 8.7348, 36.0352, 0.0, 2.8748, 0.0, 0.0, 3.6133, 8.0872, 20.7764, 30.8716, 0], "time": [0.237355, 0.344792, 0.237817, 0.241309, 0.222237, 0.237769, 0.225188, 0.233816, 0.244243, 0.345893, 0.588823, 0.332045, 0.326846, 0.325714, 0.325901, 0.333141, 0.489577, 0.650056, 0.344361, 0.614571, 0.340148, 0.332753, 0.341587, 0.481276, 0.668231, 0.784784, 1.36242, 0.336838, 0.674676, 0.333393, 0.32422, 0.665672, 0.7705, 1.053669, 1.371226, 100], "score": [48.71909276659409, 46.34909395917176, 48.76648439245954, 49.12321243567037, 47.142019473077305, 48.76156273131533, 47.453977704719335, 48.35452409030617, 49.42094697595342, 58.81266870326495, 67.11870447598862, 57.62334596324653, 57.170446910969666, 57.071358841366305, 57.087739489315915, 57.71836796029493, 69.88803542887085, 21.08097214662081, 58.68228011930007, 69.58150861814113, 58.32220846298603, 57.68474668402385, 58.44544464712369, 69.2850963050045, 71.45387812683911, 20.998260275794276, -1398.9637387464866, 58.03774633805141, 75.35033392473932, 57.74019397265652, 56.940319633806055, 70.93655230355002, 30.368771612198554, -340.44238355386966, -998.9227453109095, 0], "name": "(-28) Square|Special(1.86/0.94/0.6/1.72/0.7)+Noise"}