{"loss": [0.0, 6.6928, 0.0, 0.0, 0.0, 0.0, 0.0, 0.0, 0.0, 0.0, 13.153, 0.0, 0.0, 0.0, 0.0, 0.0, 12.6709, 9.8877, 0.0, 14.605, 0.0, 0.0, 0.0, 3.1141, 13.8997, 14.605, 42.4805, 0, 0, 0, 0, 0, 0, 0, 0, 0], "time": [0.102042, 0.169374, 0.106206, 0.107647, 0.104312, 0.100043, 0.110597, 0.106081, 0.096679, 0.163746, 0.273131, 0.152197, 0.149829, 0.151547, 0.152019, 0.152717, 0.224961, 0.300903, 0.13267, 0.238351, 0.131627, 0.132186, 0.129313, 0.186729, 0.24565, 0.304642, 0.520142, 100, 100, 100, 100, 100, 100, 100, 100, 100], "score": [31.94401352366355, 22.720245584344262, 32.58926203521644, 32.80960225299905, 32.29736831384254, 31.62957476792883, 33.25612725498866, 32.570078292813484, 31.093246855225654, 40.46554089592774, -38.15194996868151, 39.01243391535576, 38.70775116175054, 38.92903800506763, 38.98961400167998, 39.079022505687114, -28.719707094645624, 1.2251170252996118, 36.42389325703665, -55.31736607359669, 36.280435499039974, 36.35739264578801, 35.960116796250816, 39.021601378621746, -46.193623702883606, -62.53856227559781, -1229.3672282460948, 0, 0, 0, 0, 0, 0, 0, 0, 0], "name": "(-28) Square|Special(1.4/0.14/0.36/1.7/0.81)+LNoise"}