{"loss": [92.0898, 84.082, 92.0898, 92.9688, 94.7266, 92.9688, 92.0898, 92.0898, 92.0898, 0, 0, 0, 0, 0, 0, 0, 0, 0, 0, 0, 0, 0, 0, 0, 0, 0, 0, 0, 0, 0, 0, 0, 0, 0, 0, 0], "time": [0.107429, 0.176746, 0.12746, 0.108198, 0.100242, 0.121156, 0.108804, 0.10738, 0.108132, 100, 100, 100, 100, 100, 100, 100, 100, 100, 100, 100, 100, 100, 100, 100, 100, 100, 100, 100, 100, 100, 100, 100, 100, 100, 100, 100], "score": [-2746.833384855883, -2930.178224376337, -2991.9787703027173, -2810.153717924116, -2809.3228047360626, -2973.6710415457737, -2764.356062001911, -2746.206877176175, -2755.806171895788, 0, 0, 0, 0, 0, 0, 0, 0, 0, 0, 0, 0, 0, 0, 0, 0, 0, 0, 0, 0, 0, 0, 0, 0, 0, 0, 0], "name": "(-2836) SquareDual(1/4)|Special(1.67/0.32/0.78/1.95/0.73)"}