{"loss": [97.2656, 92.3828, 93.0664, 93.9453, 97.4609, 90.4297, 90.2344, 97.4609, 97.3633, 0, 0, 0, 0, 0, 0, 0, 0, 0, 0, 0, 0, 0, 0, 0, 0, 0, 0, 0, 0, 0, 0, 0, 0, 0, 0, 0], "time": [0.107298, 0.142674, 0.098597, 0.101546, 0.103058, 0.102427, 0.122998, 0.102063, 0.111752, 100, 100, 100, 100, 100, 100, 100, 100, 100, 100, 100, 100, 100, 100, 100, 100, 100, 100, 100, 100, 100, 100, 100, 100, 100, 100, 100], "score": [-3066.192089636082, -3185.928095274877, -2688.279042709461, -2780.562445898964, -3017.208139285284, -2585.150553832804, -2820.5021113234684, -3002.607606180472, -3135.5413644247215, 0, 0, 0, 0, 0, 0, 0, 0, 0, 0, 0, 0, 0, 0, 0, 0, 0, 0, 0, 0, 0, 0, 0, 0, 0, 0, 0], "name": "(-2920) Circle9(3/4)Dual(2/3)|Special(1.01/0.11/0.5/1.01/0.87)"}