{"loss": [0.0, 0.1953, 0.0, 0.0, 0.0, 0.0, 0.0, 0.0, 0.0, 0.0, 20.7764, 0.0, 0.0, 0.0, 0.0, 0.0, 37.4023, 0, 0, 0, 0, 0, 0, 0, 0, 0, 0, 0, 0, 0, 0, 0, 0, 0, 0, 0], "time": [0.084464, 0.083458, 0.10257, 0.087284, 0.099798, 0.104333, 0.096306, 0.094265, 0.073986, 0.085283, 0.109996, 0.084085, 0.08359, 0.08424, 0.087014, 0.082861, 0.0897, 100, 100, 100, 100, 100, 100, 100, 100, 100, 100, 100, 100, 100, 100, 100, 100, 100, 100, 100], "score": [29.062690859588347, 28.878079383969474, 32.02655148466659, 29.54386569154416, 31.5908214518078, 32.30061918911153, 31.033208019797115, 30.702605752606733, 27.200367644574218, 29.203253243431632, -109.9967787977202, 28.99741367777478, 28.911935251726057, 29.02412789387478, 29.498135534301145, 28.78558667111025, -389.02960543874957, 0, 0, 0, 0, 0, 0, 0, 0, 0, 0, 0, 0, 0, 0, 0, 0, 0, 0, 0], "name": "(-3) SquareDual(1/3)|Star+LNoise"}