{"loss": [0.0, 10.6445, 0.0, 0.0, 0.0, 0.0, 0.0, 0.0, 0.0, 0.0, 30.6152, 0, 0, 0, 0, 0, 0, 0, 0, 0, 0, 0, 0, 0, 0, 0, 0, 0, 0, 0, 0, 0, 0, 0, 0, 0], "time": [0.033173, 0.048308, 0.034645, 0.034429, 0.03263, 0.031874, 0.031839, 0.033809, 0.032262, 0.032792, 0.059617, 100, 100, 100, 100, 100, 100, 100, 100, 100, 100, 100, 100, 100, 100, 100, 100, 100, 100, 100, 100, 100, 100, 100, 100, 100], "score": [18.21345656376076, -2.924400297648775, 18.61316738225926, 18.555053220079966, 18.06377590649308, 17.853291013143767, 17.843486206456404, 18.387223825254317, 17.961625761606324, 18.108561511064316, -204.43780418788634, 0, 0, 0, 0, 0, 0, 0, 0, 0, 0, 0, 0, 0, 0, 0, 0, 0, 0, 0, 0, 0, 0, 0, 0, 0], "name": "(-3) SquareDual|Default+LNoise"}