{"loss": [91.4062, 83.1055, 86.8164, 92.5781, 96.3867, 85.6445, 81.0547, 93.457, 92.2852, 0, 0, 0, 0, 0, 0, 0, 0, 0, 0, 0, 0, 0, 0, 0, 0, 0, 0, 0, 0, 0, 0, 0, 0, 0, 0, 0], "time": [0.144458, 0.208547, 0.141217, 0.13544, 0.145683, 0.139062, 0.144092, 0.136517, 0.140837, 100, 100, 100, 100, 100, 100, 100, 100, 100, 100, 100, 100, 100, 100, 100, 100, 100, 100, 100, 100, 100, 100, 100, 100, 100, 100, 100], "score": [-3137.565422128615, -3108.331731108011, -2794.771916538514, -3117.4034329698793, -3507.8309852319385, -2697.9978131218154, -2455.925071669756, -3190.1860967034168, -3158.5874866002255, 0, 0, 0, 0, 0, 0, 0, 0, 0, 0, 0, 0, 0, 0, 0, 0, 0, 0, 0, 0, 0, 0, 0, 0, 0, 0, 0], "name": "(-3018) Circle10(1/3)Dual(3/4)|Special(1.16/0.05/0.11/1.05/0.52)"}