{"loss": [92.6758, 87.3047, 93.5547, 94.6289, 96.9727, 93.5547, 91.1133, 94.9219, 93.75, 0, 0, 0, 0, 0, 0, 0, 0, 0, 0, 0, 0, 0, 0, 0, 0, 0, 0, 0, 0, 0, 0, 0, 0, 0, 0, 0], "time": [0.154182, 0.210086, 0.143935, 0.14344, 0.142183, 0.140553, 0.139735, 0.137991, 0.138274, 100, 100, 100, 100, 100, 100, 100, 100, 100, 100, 100, 100, 100, 100, 100, 100, 100, 100, 100, 100, 100, 100, 100, 100, 100, 100, 100], "score": [-3333.2150862722888, -3447.7698954917482, -3282.6448974563314, -3353.555465875692, -3508.162863354801, -3243.849964923185, -3065.8644857546974, -3309.872234517597, -3231.046321386059, 0, 0, 0, 0, 0, 0, 0, 0, 0, 0, 0, 0, 0, 0, 0, 0, 0, 0, 0, 0, 0, 0, 0, 0, 0, 0, 0], "name": "(-3308) Circle10(2/3)Dual|Special(1.96/0.08/0.27/1.31/0.88)"}