{"loss": [23.5352, 10.3516, 36.9141, 54.3945, 47.2656, 52.9297, 30.7617, 36.0352, 29.1992, 0, 0, 0, 0, 0, 0, 0, 0, 0, 0, 0, 0, 0, 0, 0, 0, 0, 0, 0, 0, 0, 0, 0, 0, 0, 0, 0], "time": [0.056448, 0.083873, 0.069115, 0.062935, 0.059364, 0.056886, 0.056521, 0.055452, 0.055581, 100, 100, 100, 100, 100, 100, 100, 100, 100, 100, 100, 100, 100, 100, 100, 100, 100, 100, 100, 100, 100, 100, 100, 100, 100, 100, 100], "score": [-107.84247780902308, -2.072328087425611, -331.9475037722031, -717.173217582293, -519.9523095821576, -644.3416626637647, -201.19635947429674, -282.23414875449487, -177.42855459285505, 0, 0, 0, 0, 0, 0, 0, 0, 0, 0, 0, 0, 0, 0, 0, 0, 0, 0, 0, 0, 0, 0, 0, 0, 0, 0, 0], "name": "(-331) Circle15(3/4)|Special(1.49/0.6/0.1/1.01/0.94)"}