{"loss": [1.2695, 0.3906, 10.7422, 27.1484, 25.6836, 27.4414, 8.7891, 9.2773, 2.6367, 0, 0, 0, 0, 0, 0, 0, 0, 0, 0, 0, 0, 0, 0, 0, 0, 0, 0, 0, 0, 0, 0, 0, 0, 0, 0, 0], "time": [0.044754, 0.06663, 0.04435, 0.04433, 0.045277, 0.044183, 0.053547, 0.044607, 0.043172, 100, 100, 100, 100, 100, 100, 100, 100, 100, 100, 100, 100, 100, 100, 100, 100, 100, 100, 100, 100, 100, 100, 100, 100, 100, 100, 100], "score": [20.814198563781282, 25.773405382062162, -3.242071433751812, -134.1258799073219, -119.08395267526889, -137.2653817197055, 5.264799410581096, 2.942427486620673, 19.33335629387777, 0, 0, 0, 0, 0, 0, 0, 0, 0, 0, 0, 0, 0, 0, 0, 0, 0, 0, 0, 0, 0, 0, 0, 0, 0, 0, 0], "name": "(-35) Circle15(3/4)|Special(1.11/0.4/0.63/1.04/0.93)"}