{"loss": [96.582, 92.3828, 96.582, 96.9727, 97.5586, 96.582, 96.582, 96.582, 96.582, 0, 0, 0, 0, 0, 0, 0, 0, 0, 0, 0, 0, 0, 0, 0, 0, 0, 0, 0, 0, 0, 0, 0, 0, 0, 0, 0], "time": [0.171396, 0.183409, 0.137853, 0.131862, 0.146414, 0.137124, 0.1374, 0.141355, 0.13919, 100, 100, 100, 100, 100, 100, 100, 100, 100, 100, 100, 100, 100, 100, 100, 100, 100, 100, 100, 100, 100, 100, 100, 100, 100, 100, 100], "score": [-3820.426247735999, -3612.217336327159, -3426.2542712026457, -3378.4363365909176, -3603.588999063745, -3417.1828317474633, -3420.6201160841647, -3469.5013955350055, -3442.829348489671, 0, 0, 0, 0, 0, 0, 0, 0, 0, 0, 0, 0, 0, 0, 0, 0, 0, 0, 0, 0, 0, 0, 0, 0, 0, 0, 0], "name": "(-3510) Circle10(3/4)Dual(2/3)|Special(1.67/0.75/0.95/1.11/0.99)"}