{"loss": [97.6562, 76.2695, 98.4375, 98.8281, 98.4375, 98.8281, 98.0469, 98.2422, 97.8516, 0, 0, 0, 0, 0, 0, 0, 0, 0, 0, 0, 0, 0, 0, 0, 0, 0, 0, 0, 0, 0, 0, 0, 0, 0, 0, 0], "time": [0.178925, 0.147976, 0.161138, 0.169288, 0.141062, 0.143433, 0.140805, 0.142614, 0.138506, 100, 100, 100, 100, 100, 100, 100, 100, 100, 100, 100, 100, 100, 100, 100, 100, 100, 100, 100, 100, 100, 100, 100, 100, 100, 100, 100], "score": [-3991.693609165939, -2199.209569570813, -3849.5940833985105, -3977.4479670032947, -3601.8114322159245, -3661.1368343075133, -3569.7304114115295, -3607.065413690836, -3526.2293949890336, 0, 0, 0, 0, 0, 0, 0, 0, 0, 0, 0, 0, 0, 0, 0, 0, 0, 0, 0, 0, 0, 0, 0, 0, 0, 0, 0], "name": "(-3553) Circle12(1/3)|Star"}