{"loss": [91.3086, 85.2539, 94.1406, 94.1406, 96.2891, 93.5547, 91.4062, 92.8711, 91.4062, 0, 0, 0, 0, 0, 0, 0, 0, 0, 0, 0, 0, 0, 0, 0, 0, 0, 0, 0, 0, 0, 0, 0, 0, 0, 0, 0], "time": [0.199792, 0.282184, 0.163468, 0.174377, 0.174101, 0.169515, 0.167939, 0.16948, 0.172293, 100, 100, 100, 100, 100, 100, 100, 100, 100, 100, 100, 100, 100, 100, 100, 100, 100, 100, 100, 100, 100, 100, 100, 100, 100, 100, 100], "score": [-3681.8987737048865, -3807.8336793066696, -3542.76262769405, -3659.0663192951065, -3826.8840321920616, -3562.417094052524, -3382.967087966203, -3509.5845939598075, -3426.5400145123667, 0, 0, 0, 0, 0, 0, 0, 0, 0, 0, 0, 0, 0, 0, 0, 0, 0, 0, 0, 0, 0, 0, 0, 0, 0, 0, 0], "name": "(-3599) Circle16(2/3)Dual|Special(1.59/0.06/0.21/1.7/0.86)"}