{"loss": [94.4336, 89.4531, 94.6289, 95.6055, 96.875, 95.1172, 94.4336, 94.4336, 94.4336, 0, 0, 0, 0, 0, 0, 0, 0, 0, 0, 0, 0, 0, 0, 0, 0, 0, 0, 0, 0, 0, 0, 0, 0, 0, 0, 0], "time": [0.181548, 0.267776, 0.174101, 0.190431, 0.185435, 0.174242, 0.183383, 0.185466, 0.186064, 100, 100, 100, 100, 100, 100, 100, 100, 100, 100, 100, 100, 100, 100, 100, 100, 100, 100, 100, 100, 100, 100, 100, 100, 100, 100, 100], "score": [-3757.0873328747325, -4088.980094528781, -3694.63030552079, -3945.0910359232294, -3998.2210345599915, -3734.8016027545223, -3776.02701215941, -3797.41191365324, -3803.5290046190185, 0, 0, 0, 0, 0, 0, 0, 0, 0, 0, 0, 0, 0, 0, 0, 0, 0, 0, 0, 0, 0, 0, 0, 0, 0, 0, 0], "name": "(-3843) Circle14(3/4)Dual(2/3)|Special(1.73/0.09/0.73/1.76/0.93)"}