{"loss": [2.5391, 3.3203, 10.1562, 25.8789, 25.9766, 27.2461, 8.6914, 9.375, 4.1992, 0, 0, 0, 0, 0, 0, 0, 0, 0, 0, 0, 0, 0, 0, 0, 0, 0, 0, 0, 0, 0, 0, 0, 0, 0, 0, 0], "time": [0.082481, 0.108491, 0.069191, 0.063722, 0.061168, 0.058708, 0.060478, 0.061209, 0.060899, 100, 100, 100, 100, 100, 100, 100, 100, 100, 100, 100, 100, 100, 100, 100, 100, 100, 100, 100, 100, 100, 100, 100, 100, 100, 100, 100], "score": [26.867950768795133, 29.306760827346448, -0.8281604613149468, -143.81501552102873, -142.15646651451112, -155.6396866322753, 6.015163795706713, 2.9959141946277876, 20.326230639830833, 0, 0, 0, 0, 0, 0, 0, 0, 0, 0, 0, 0, 0, 0, 0, 0, 0, 0, 0, 0, 0, 0, 0, 0, 0, 0, 0], "name": "(-39) Circle10(3/4)|Special(1.07/0.26/0.69/1.11/0.87)"}