{"loss": [98.2422, 85.0586, 98.8281, 99.0234, 98.8281, 99.0234, 98.6328, 98.6328, 98.4375, 0, 0, 0, 0, 0, 0, 0, 0, 0, 0, 0, 0, 0, 0, 0, 0, 0, 0, 0, 0, 0, 0, 0, 0, 0, 0, 0], "time": [0.176037, 0.158308, 0.209626, 0.221797, 0.176303, 0.172438, 0.172763, 0.170904, 0.168609, 100, 100, 100, 100, 100, 100, 100, 100, 100, 100, 100, 100, 100, 100, 100, 100, 100, 100, 100, 100, 100, 100, 100, 100, 100, 100, 100], "score": [-4007.512790480206, -2838.8556139575194, -4426.026333416605, -4570.900130915846, -4059.020745767973, -4030.3279584876086, -4002.034344696934, -3980.444351403641, -3937.8242578792856, 0, 0, 0, 0, 0, 0, 0, 0, 0, 0, 0, 0, 0, 0, 0, 0, 0, 0, 0, 0, 0, 0, 0, 0, 0, 0, 0], "name": "(-3983) Circle9(1/3)|Star"}