{"loss": [98.2422, 80.957, 98.4375, 98.9258, 99.0234, 98.2422, 98.2422, 98.2422, 98.4375, 0, 0, 0, 0, 0, 0, 0, 0, 0, 0, 0, 0, 0, 0, 0, 0, 0, 0, 0, 0, 0, 0, 0, 0, 0, 0, 0], "time": [0.228477, 0.211325, 0.198692, 0.180914, 0.174968, 0.170644, 0.173669, 0.171202, 0.17822, 100, 100, 100, 100, 100, 100, 100, 100, 100, 100, 100, 100, 100, 100, 100, 100, 100, 100, 100, 100, 100, 100, 100, 100, 100, 100, 100], "score": [-4565.5613349656915, -2966.9266678278273, -4274.704952417692, -4119.975440339044, -4059.786662974372, -3945.6490068727135, -3980.4675663231133, -3952.09480993213, -4048.5002771351556, 0, 0, 0, 0, 0, 0, 0, 0, 0, 0, 0, 0, 0, 0, 0, 0, 0, 0, 0, 0, 0, 0, 0, 0, 0, 0, 0], "name": "(-3990) Circle16(1/4)Dual|Star"}