{"loss": [0.0, 3.548, 0.0, 0.0, 0.0, 0.0, 0.0, 0.0, 0.0, 0.0, 32.4195, 0, 0, 0, 0, 0, 0, 0, 0, 0, 0, 0, 0, 0, 0, 0, 0, 0, 0, 0, 0, 0, 0, 0, 0, 0], "time": [0.045342, 0.050656, 0.03913, 0.034874, 0.033525, 0.033855, 0.033755, 0.034955, 0.033734, 0.031744, 0.062287, 100, 100, 100, 100, 100, 100, 100, 100, 100, 100, 100, 100, 100, 100, 100, 100, 100, 100, 100, 100, 100, 100, 100, 100, 100], "score": [21.293661028578434, 19.673652373055802, 19.781304304822772, 18.67458165528749, 18.309833423600555, 18.399728258862957, 18.372533848111424, 18.696256309753565, 18.366817906213367, 17.81684596105607, -237.35051308142204, 0, 0, 0, 0, 0, 0, 0, 0, 0, 0, 0, 0, 0, 0, 0, 0, 0, 0, 0, 0, 0, 0, 0, 0, 0], "name": "(-4) SquareDual(1/4)|Default+LNoise"}