{"loss": [0.0, 14.6484, 0.0, 0.0, 0.0, 0.0, 0.0, 0.0, 0.0, 0.0, 28.6865, 0, 0, 0, 0, 0, 0, 0, 0, 0, 0, 0, 0, 0, 0, 0, 0, 0, 0, 0, 0, 0, 0, 0, 0, 0], "time": [0.044303, 0.057953, 0.047039, 0.038888, 0.038178, 0.038443, 0.04141, 0.03945, 0.038298, 0.045728, 0.083679, 100, 100, 100, 100, 100, 100, 100, 100, 100, 100, 100, 100, 100, 100, 100, 100, 100, 100, 100, 100, 100, 100, 100, 100, 100], "score": [21.04827783929127, -27.582281533373497, 21.688476202813327, 19.720040567909592, 19.53919138552054, 19.60688654529321, 20.349447166937974, 19.862024066041204, 19.569874807979737, 21.384106247397856, -209.1200367202661, 0, 0, 0, 0, 0, 0, 0, 0, 0, 0, 0, 0, 0, 0, 0, 0, 0, 0, 0, 0, 0, 0, 0, 0, 0], "name": "(-4) SquareDual|Factor3+LNoise"}