{"loss": [18.75, 18.457, 30.3711, 46.2891, 41.4062, 48.4375, 21.875, 36.5234, 33.9844, 0, 0, 0, 0, 0, 0, 0, 0, 0, 0, 0, 0, 0, 0, 0, 0, 0, 0, 0, 0, 0, 0, 0, 0, 0, 0, 0], "time": [0.144578, 0.19732, 0.144714, 0.13741, 0.139441, 0.126373, 0.131536, 0.130146, 0.159532, 100, 100, 100, 100, 100, 100, 100, 100, 100, 100, 100, 100, 100, 100, 100, 100, 100, 100, 100, 100, 100, 100, 100, 100, 100, 100, 100], "score": [-95.65265043966535, -106.90327198787328, -312.85300985235745, -757.1983729761347, -602.8734216100584, -798.4981403912786, -137.27963859350476, -445.1599176702896, -421.3581858251098, 0, 0, 0, 0, 0, 0, 0, 0, 0, 0, 0, 0, 0, 0, 0, 0, 0, 0, 0, 0, 0, 0, 0, 0, 0, 0, 0], "name": "(-408) Square|Factor3"}