{"loss": [95.2148, 90.918, 95.5078, 96.1914, 97.3633, 95.9961, 95.2148, 95.2148, 95.2148, 0, 0, 0, 0, 0, 0, 0, 0, 0, 0, 0, 0, 0, 0, 0, 0, 0, 0, 0, 0, 0, 0, 0, 0, 0, 0, 0], "time": [0.239457, 0.260185, 0.212322, 0.248253, 0.179969, 0.194467, 0.197619, 0.18837, 0.192397, 100, 100, 100, 100, 100, 100, 100, 100, 100, 100, 100, 100, 100, 100, 100, 100, 100, 100, 100, 100, 100, 100, 100, 100, 100, 100, 100], "score": [-4387.383843504643, -4165.382640545782, -4157.074411307965, -4560.37476841224, -3979.089741246596, -4019.6810967764222, -3985.7147301710697, -3891.327040271475, -3932.701745817256, 0, 0, 0, 0, 0, 0, 0, 0, 0, 0, 0, 0, 0, 0, 0, 0, 0, 0, 0, 0, 0, 0, 0, 0, 0, 0, 0], "name": "(-4119) Circle13(3/4)Dual(2/3)|Special(1.56/0.12/0.68/1.69/0.4)"}