{"loss": [23.3398, 17.6758, 38.9648, 52.9297, 50.3906, 55.4688, 30.1758, 39.0625, 29.5898, 0, 0, 0, 0, 0, 0, 0, 0, 0, 0, 0, 0, 0, 0, 0, 0, 0, 0, 0, 0, 0, 0, 0, 0, 0, 0, 0], "time": [0.080503, 0.121203, 0.081045, 0.083305, 0.083162, 0.080854, 0.084099, 0.084164, 0.083904, 100, 100, 100, 100, 100, 100, 100, 100, 100, 100, 100, 100, 100, 100, 100, 100, 100, 100, 100, 100, 100, 100, 100, 100, 100, 100, 100], "score": [-126.18808251023509, -73.9572098815733, -403.7547385217473, -779.7386275299408, -703.4157880948206, -846.4447746550444, -235.0664850816082, -413.66219125237666, -224.6490791619385, 0, 0, 0, 0, 0, 0, 0, 0, 0, 0, 0, 0, 0, 0, 0, 0, 0, 0, 0, 0, 0, 0, 0, 0, 0, 0, 0], "name": "(-422) Circle9(3/4)|Special(1.08/0.53/0.29/1.09/0.97)"}