{"loss": [94.7266, 52.832, 94.7266, 96.4844, 95.3125, 96.4844, 94.7266, 96.4844, 96.4844, 0, 0, 0, 0, 0, 0, 0, 0, 0, 0, 0, 0, 0, 0, 0, 0, 0, 0, 0, 0, 0, 0, 0, 0, 0, 0, 0], "time": [0.301597, 0.29891, 0.243756, 0.257389, 0.248377, 0.305613, 0.276256, 0.301329, 0.287295, 100, 100, 100, 100, 100, 100, 100, 100, 100, 100, 100, 100, 100, 100, 100, 100, 100, 100, 100, 100, 100, 100, 100, 100, 100, 100, 100], "score": [-4872.931335041018, -1471.361744085883, -4380.810227698662, -4672.171288021024, -4477.630785610129, -5091.077133478402, -4663.721871923691, -5055.268533782018, -4936.143750925048, 0, 0, 0, 0, 0, 0, 0, 0, 0, 0, 0, 0, 0, 0, 0, 0, 0, 0, 0, 0, 0, 0, 0, 0, 0, 0, 0], "name": "(-4402) Square|Star"}