{"loss": [41.0156, 29.7852, 22.4609, 51.1719, 64.8438, 21.3867, 29.1016, 44.5312, 43.457, 0, 0, 0, 0, 0, 0, 0, 0, 0, 0, 0, 0, 0, 0, 0, 0, 0, 0, 0, 0, 0, 0, 0, 0, 0, 0, 0], "time": [0.099719, 0.110451, 0.073039, 0.071942, 0.079652, 0.076827, 0.072716, 0.07291, 0.077939, 100, 100, 100, 100, 100, 100, 100, 100, 100, 100, 100, 100, 100, 100, 100, 100, 100, 100, 100, 100, 100, 100, 100, 100, 100, 100, 100], "score": [-499.6571922562508, -261.60546751421737, -109.316917438812, -675.5292099930554, -1158.461781100238, -99.06049012411165, -201.4091819749189, -508.4523685177288, -499.3085392928888, 0, 0, 0, 0, 0, 0, 0, 0, 0, 0, 0, 0, 0, 0, 0, 0, 0, 0, 0, 0, 0, 0, 0, 0, 0, 0, 0], "name": "(-445) Circle13(3/4)Dual(2/3)|Special(1.33/0.16/0.28/1.02/0.92)"}