{"loss": [38.6719, 30.957, 28.2227, 47.2656, 62.6953, 32.8125, 32.0312, 47.8516, 39.1602, 0, 0, 0, 0, 0, 0, 0, 0, 0, 0, 0, 0, 0, 0, 0, 0, 0, 0, 0, 0, 0, 0, 0, 0, 0, 0, 0], "time": [0.078407, 0.111895, 0.075478, 0.076485, 0.076819, 0.075576, 0.072722, 0.075436, 0.078061, 100, 100, 100, 100, 100, 100, 100, 100, 100, 100, 100, 100, 100, 100, 100, 100, 100, 100, 100, 100, 100, 100, 100, 100, 100, 100, 100], "score": [-390.7618814495637, -287.1194357386512, -191.35696713913973, -590.1875841460919, -1061.7262114668206, -268.4945173285574, -249.7139759739381, -601.4353389348629, -400.5172214818724, 0, 0, 0, 0, 0, 0, 0, 0, 0, 0, 0, 0, 0, 0, 0, 0, 0, 0, 0, 0, 0, 0, 0, 0, 0, 0, 0], "name": "(-449) Circle12(3/4)Dual(1/3)|Special(1.57/0.15/0.35/1.01/0.9)"}