{"loss": [0.0, 40.332, 0.0, 0.0, 0.0, 0.0, 0.0, 0.0, 0.0, 0, 0, 0, 0, 0, 0, 0, 0, 0, 0, 0, 0, 0, 0, 0, 0, 0, 0, 0, 0, 0, 0, 0, 0, 0, 0, 0], "time": [0.150886, 0.237848, 0.153894, 0.159383, 0.152243, 0.149425, 0.156838, 0.150952, 0.183262, 100, 100, 100, 100, 100, 100, 100, 100, 100, 100, 100, 100, 100, 100, 100, 100, 100, 100, 100, 100, 100, 100, 100, 100, 100, 100, 100], "score": [38.844047162982385, -744.5519188062046, 39.22932576529961, 39.92280050297073, 39.01832902624099, 38.65553000542096, 39.60277768035974, 38.852541744395566, 42.8091111797477, 0, 0, 0, 0, 0, 0, 0, 0, 0, 0, 0, 0, 0, 0, 0, 0, 0, 0, 0, 0, 0, 0, 0, 0, 0, 0, 0], "name": "(-47) Circle13(3/4)|Special(1.34/0.85/0.42/1.1/0.36)+LNoise"}