{"loss": [31.4453, 20.0195, 44.5312, 60.1562, 55.957, 60.5469, 36.8164, 44.9219, 37.8906, 0, 0, 0, 0, 0, 0, 0, 0, 0, 0, 0, 0, 0, 0, 0, 0, 0, 0, 0, 0, 0, 0, 0, 0, 0, 0, 0], "time": [0.081057, 0.100394, 0.058148, 0.06111, 0.059399, 0.059949, 0.060908, 0.061164, 0.061259, 100, 100, 100, 100, 100, 100, 100, 100, 100, 100, 100, 100, 100, 100, 100, 100, 100, 100, 100, 100, 100, 100, 100, 100, 100, 100, 100], "score": [-253.04786451178123, -95.3023002669292, -454.0713666306567, -869.8549212185125, -738.757888886686, -873.0988816531108, -309.83869846918145, -474.34175629148524, -330.592568627865, 0, 0, 0, 0, 0, 0, 0, 0, 0, 0, 0, 0, 0, 0, 0, 0, 0, 0, 0, 0, 0, 0, 0, 0, 0, 0, 0], "name": "(-488) Circle14(3/4)|Special(1.42/0.59/0.58/1.07/0.98)"}