{"loss": [0.0, 40.2832, 0.0, 0.0, 0.0, 0.0, 0.0, 0.0, 0.0, 0, 0, 0, 0, 0, 0, 0, 0, 0, 0, 0, 0, 0, 0, 0, 0, 0, 0, 0, 0, 0, 0, 0, 0, 0, 0, 0], "time": [0.169068, 0.249407, 0.168982, 0.152574, 0.151995, 0.153654, 0.15625, 0.152635, 0.15241, 100, 100, 100, 100, 100, 100, 100, 100, 100, 100, 100, 100, 100, 100, 100, 100, 100, 100, 100, 100, 100, 100, 100, 100, 100, 100, 100], "score": [41.11787932274718, -760.4645824474, 41.10742025474233, 39.06072195953372, 38.986536137492386, 39.19872446904363, 39.528470752104745, 39.06852953465231, 39.03972335967559, 0, 0, 0, 0, 0, 0, 0, 0, 0, 0, 0, 0, 0, 0, 0, 0, 0, 0, 0, 0, 0, 0, 0, 0, 0, 0, 0], "name": "(-49) Circle13(3/4)|Special(1.01/0.97/0.13/1.88/0.97)+LNoise"}