{"loss": [0.0, 1.5987, 0.0, 0.0, 0.0, 0.0, 0.0, 0.0, 0.0, 0.0, 24.4141, 0.0, 0.0, 0.0, 0.0, 0.0, 35.7178, 0, 0, 0, 0, 0, 0, 0, 0, 0, 0, 0, 0, 0, 0, 0, 0, 0, 0, 0], "time": [0.100988, 0.091654, 0.090681, 0.074682, 0.071905, 0.073716, 0.072813, 0.088452, 0.087899, 0.090305, 0.116252, 0.08534, 0.08496, 0.08449, 0.08465, 0.085259, 0.092136, 100, 100, 100, 100, 100, 100, 100, 100, 100, 100, 100, 100, 100, 100, 100, 100, 100, 100, 100], "score": [31.77860915773376, 29.500645603518134, 30.113286104309505, 27.328007611240157, 26.815107682051178, 27.15069059895162, 26.9838840792055, 29.74088095534495, 29.647765514453194, 30.050790339024363, -169.13136879691947, 29.213010799984314, 29.147898723578685, 29.06716360431475, 29.094673051952313, 29.1991438230644, -356.8895362534631, 0, 0, 0, 0, 0, 0, 0, 0, 0, 0, 0, 0, 0, 0, 0, 0, 0, 0, 0], "name": "(-5) SquareDual(2/3)|Star+LNoise"}