{"loss": [0.0, 40.2829, 0.0, 0.0, 0.0, 0.0, 0.0, 0.0, 0.0, 0, 0, 0, 0, 0, 0, 0, 0, 0, 0, 0, 0, 0, 0, 0, 0, 0, 0, 0, 0, 0, 0, 0, 0, 0, 0, 0], "time": [0.238518, 0.296242, 0.178764, 0.203984, 0.182642, 0.220047, 0.181439, 0.213261, 0.243069, 100, 100, 100, 100, 100, 100, 100, 100, 100, 100, 100, 100, 100, 100, 100, 100, 100, 100, 100, 100, 100, 100, 100, 100, 100, 100, 100], "score": [48.83830463887951, -828.7834977406436, 42.28049195551064, 45.16458789804243, 42.73663533784568, 46.9091675475061, 42.595657055620116, 46.18019055829025, 49.302028355839475, 0, 0, 0, 0, 0, 0, 0, 0, 0, 0, 0, 0, 0, 0, 0, 0, 0, 0, 0, 0, 0, 0, 0, 0, 0, 0, 0], "name": "(-51) Circle9(1/4)|Special(1.02/0.82/0.18/1.07/0.26)+LNoise"}