{"loss": [0.0, 3.3261, 0.0, 0.0, 0.0, 0.0, 0.0, 0.0, 0.0, 0.0, 7.3342, 0.0, 0.0, 0.0, 0.0, 0.0, 3.0649, 15.3926, 0.0, 15.3103, 0.0, 0.0, 0.0, 33.4961, 9.4944, 15.0608, 48.6437, 0, 0, 0, 0, 0, 0, 0, 0, 0], "time": [0.165419, 0.108115, 0.128945, 0.062703, 0.062844, 0.05096, 0.112243, 0.157277, 0.136465, 0.181195, 0.282881, 0.206233, 0.149624, 0.134993, 0.188724, 0.151511, 0.193319, 0.257193, 0.117094, 0.204786, 0.114888, 0.111111, 0.111631, 0.16059, 0.221148, 0.261342, 0.446042, 100, 100, 100, 100, 100, 100, 100, 100, 100], "score": [40.671734656884254, 29.24325688223413, 35.90891254271006, 25.040567086230293, 25.068705590835762, 22.574321695235938, 33.5026864594468, 39.658164354896705, 36.94116944548453, 42.567006002301824, 24.57724823814335, 45.41288363449298, 38.68126161334452, 36.74139355005469, 43.442375625649206, 38.92441393264644, 39.8378679424922, -69.44403558428536, 34.21900056985885, -60.82281009056414, 33.89513239389987, 33.3333166666625, 33.41122565845198, -409.548509207058, 4.63509293499534, -64.83637274124939, -1513.5192275441084, 0, 0, 0, 0, 0, 0, 0, 0, 0], "name": "(-51) Square|Factor3+LNoise"}