{"loss": [29.5898, 22.7539, 41.4062, 58.8867, 53.8086, 58.3008, 35.5469, 41.7969, 36.0352, 0, 0, 0, 0, 0, 0, 0, 0, 0, 0, 0, 0, 0, 0, 0, 0, 0, 0, 0, 0, 0, 0, 0, 0, 0, 0, 0], "time": [0.100931, 0.112903, 0.087046, 0.079716, 0.077564, 0.076387, 0.075255, 0.079495, 0.075659, 100, 100, 100, 100, 100, 100, 100, 100, 100, 100, 100, 100, 100, 100, 100, 100, 100, 100, 100, 100, 100, 100, 100, 100, 100, 100, 100], "score": [-246.3914299424194, -140.36497970108113, -476.3271133809427, -950.8211898690221, -778.5180558747654, -911.7795378418356, -319.2013441890668, -464.3639066825503, -329.6713837043048, 0, 0, 0, 0, 0, 0, 0, 0, 0, 0, 0, 0, 0, 0, 0, 0, 0, 0, 0, 0, 0, 0, 0, 0, 0, 0, 0], "name": "(-513) Circle10(3/4)|Special(1.54/0.39/0.39/1.15/0.87)"}