{"loss": [44.3359, 12.8906, 40.1367, 45.8008, 72.9492, 41.3086, 21.9727, 54.3945, 42.8711, 0, 0, 0, 0, 0, 0, 0, 0, 0, 0, 0, 0, 0, 0, 0, 0, 0, 0, 0, 0, 0, 0, 0, 0, 0, 0, 0], "time": [0.089813, 0.090825, 0.061772, 0.075758, 0.071266, 0.068683, 0.066598, 0.070582, 0.070862, 100, 100, 100, 100, 100, 100, 100, 100, 100, 100, 100, 100, 100, 100, 100, 100, 100, 100, 100, 100, 100, 100, 100, 100, 100, 100, 100], "score": [-559.1198385062843, -19.941043367900328, -375.53227786004067, -549.8540233588863, -1393.9384855259898, -420.99645705797155, -98.78750269057325, -759.4950096026793, -462.63585317988293, 0, 0, 0, 0, 0, 0, 0, 0, 0, 0, 0, 0, 0, 0, 0, 0, 0, 0, 0, 0, 0, 0, 0, 0, 0, 0, 0], "name": "(-515) Circle10(3/4)Dual(2/3)|Special(1.58/0.05/0.52/1.15/0.92)"}