{"loss": [0.0, 40.6738, 0.0, 0.0, 0.0, 0.0, 0.0, 0.0, 0.0, 0, 0, 0, 0, 0, 0, 0, 0, 0, 0, 0, 0, 0, 0, 0, 0, 0, 0, 0, 0, 0, 0, 0, 0, 0, 0, 0], "time": [0.167836, 0.266078, 0.188605, 0.165119, 0.167057, 0.160761, 0.159658, 0.160188, 0.158095, 100, 100, 100, 100, 100, 100, 100, 100, 100, 100, 100, 100, 100, 100, 100, 100, 100, 100, 100, 100, 100, 100, 100, 100, 100, 100, 100], "score": [40.96779222755359, -801.7805898675331, 43.42867716152543, 40.6348372704998, 40.87260696358871, 40.09501215862142, 39.957227131020986, 40.02349310092761, 39.761161954852376, 0, 0, 0, 0, 0, 0, 0, 0, 0, 0, 0, 0, 0, 0, 0, 0, 0, 0, 0, 0, 0, 0, 0, 0, 0, 0, 0], "name": "(-52) Circle12|Special(1.19/0.94/0.28/1.55/0.98)+LNoise"}