{"loss": [46.9727, 19.9219, 30.7617, 35.3516, 77.0508, 25.6836, 12.6953, 57.6172, 47.0703, 0, 0, 0, 0, 0, 0, 0, 0, 0, 0, 0, 0, 0, 0, 0, 0, 0, 0, 0, 0, 0, 0, 0, 0, 0, 0, 0], "time": [0.090324, 0.126546, 0.080357, 0.086881, 0.085229, 0.081053, 0.081063, 0.084558, 0.079592, 100, 100, 100, 100, 100, 100, 100, 100, 100, 100, 100, 100, 100, 100, 100, 100, 100, 100, 100, 100, 100, 100, 100, 100, 100, 100, 100], "score": [-633.0668163528409, -105.61077359028138, -239.89823734556944, -338.89127903642816, -1704.0032822769267, -159.3305175268452, -17.416238978020385, -936.2641369734464, -596.8579254899648, 0, 0, 0, 0, 0, 0, 0, 0, 0, 0, 0, 0, 0, 0, 0, 0, 0, 0, 0, 0, 0, 0, 0, 0, 0, 0, 0], "name": "(-525) Circle10(3/4)Dual(2/3)|Special(1.61/0.37/0.05/1.02/0.97)"}