{"loss": [98.8281, 98.8281, 99.0234, 99.4141, 99.2188, 99.4141, 99.0234, 99.2188, 98.9258, 0, 0, 0, 0, 0, 0, 0, 0, 0, 0, 0, 0, 0, 0, 0, 0, 0, 0, 0, 0, 0, 0, 0, 0, 0, 0, 0], "time": [0.286211, 0.417323, 0.265517, 0.26484, 0.283966, 0.292056, 0.289171, 0.281706, 0.290548, 100, 100, 100, 100, 100, 100, 100, 100, 100, 100, 100, 100, 100, 100, 100, 100, 100, 100, 100, 100, 100, 100, 100, 100, 100, 100, 100], "score": [-5171.714956469514, -6244.930078979394, -5001.152123145318, -5034.670947109014, -5192.624883600493, -5287.037225888193, -5219.167886406289, -5171.92033602689, -5221.165796623543, 0, 0, 0, 0, 0, 0, 0, 0, 0, 0, 0, 0, 0, 0, 0, 0, 0, 0, 0, 0, 0, 0, 0, 0, 0, 0, 0], "name": "(-5282) Circle13(3/4)|Special(1.25/0.18/0.03/1.1/0.32)"}