{"loss": [0.0, 39.8875, 0.0, 0.0, 0.0, 0.0, 0.0, 0.0, 0.0, 0, 0, 0, 0, 0, 0, 0, 0, 0, 0, 0, 0, 0, 0, 0, 0, 0, 0, 0, 0, 0, 0, 0, 0, 0, 0, 0], "time": [0.191961, 0.311467, 0.191244, 0.186196, 0.188417, 0.174764, 0.188172, 0.19451, 0.189873, 100, 100, 100, 100, 100, 100, 100, 100, 100, 100, 100, 100, 100, 100, 100, 100, 100, 100, 100, 100, 100, 100, 100, 100, 100, 100, 100], "score": [43.81335412862156, -832.122662191982, 43.731453211618756, 43.15043452851894, 43.40702708087713, 41.80478441518387, 43.378796663808004, 44.103287859296834, 43.5744191011194, 0, 0, 0, 0, 0, 0, 0, 0, 0, 0, 0, 0, 0, 0, 0, 0, 0, 0, 0, 0, 0, 0, 0, 0, 0, 0, 0], "name": "(-53) Circle16(1/4)Dual(1/3)|Special(1.84/0.86/0.85/1.62/0.51)+LNoise"}