{"loss": [0.0, 40.7227, 0.0, 0.0, 0.0, 0.0, 0.0, 0.0, 0.0, 0, 0, 0, 0, 0, 0, 0, 0, 0, 0, 0, 0, 0, 0, 0, 0, 0, 0, 0, 0, 0, 0, 0, 0, 0, 0, 0], "time": [0.2, 0.311168, 0.206661, 0.208072, 0.208889, 0.211238, 0.203562, 0.32642, 0.299541, 100, 100, 100, 100, 100, 100, 100, 100, 100, 100, 100, 100, 100, 100, 100, 100, 100, 100, 100, 100, 100, 100, 100, 100, 100, 100, 100], "score": [44.721359549995796, -869.2790390336094, 45.45998240210834, 45.61490984316422, 45.70437615808797, 45.96063533068271, 45.11784569325091, 57.133177751635685, 54.73033893554835, 0, 0, 0, 0, 0, 0, 0, 0, 0, 0, 0, 0, 0, 0, 0, 0, 0, 0, 0, 0, 0, 0, 0, 0, 0, 0, 0], "name": "(-53) Circle10(2/3)Dual|Special(1.9/0.76/0.53/1.91/0.29)+LNoise"}