{"loss": [99.8047, 97.3633, 99.8047, 99.8047, 99.8047, 99.8047, 99.8047, 99.8047, 99.8047, 0, 0, 0, 0, 0, 0, 0, 0, 0, 0, 0, 0, 0, 0, 0, 0, 0, 0, 0, 0, 0, 0, 0, 0, 0, 0, 0], "time": [0.287679, 0.465501, 0.295032, 0.308226, 0.297553, 0.27115, 0.31524, 0.47796, 0.225653, 100, 100, 100, 100, 100, 100, 100, 100, 100, 100, 100, 100, 100, 100, 100, 100, 100, 100, 100, 100, 100, 100, 100, 100, 100, 100, 100], "score": [-5289.006202770401, -6399.48744514471, -5356.172529943051, -5474.628214235638, -5379.007660526408, -5134.814991942389, -5536.568220296323, -6817.3528459057, -4684.25524783201, 0, 0, 0, 0, 0, 0, 0, 0, 0, 0, 0, 0, 0, 0, 0, 0, 0, 0, 0, 0, 0, 0, 0, 0, 0, 0, 0], "name": "(-5563) Circle12(3/4)|Special(1.1/0.97/0.65/1.01/0.98)"}