{"loss": [99.8047, 99.4141, 99.8047, 99.8047, 99.8047, 99.8047, 99.8047, 99.8047, 99.8047, 0, 0, 0, 0, 0, 0, 0, 0, 0, 0, 0, 0, 0, 0, 0, 0, 0, 0, 0, 0, 0, 0, 0, 0, 0, 0, 0], "time": [0.377079, 0.498059, 0.346732, 0.301538, 0.2891, 0.287574, 0.294258, 0.297949, 0.291736, 100, 100, 100, 100, 100, 100, 100, 100, 100, 100, 100, 100, 100, 100, 100, 100, 100, 100, 100, 100, 100, 100, 100, 100, 100, 100, 100], "score": [-6055.307041899892, -6904.300703850402, -5806.533800755603, -5414.907237278225, -5302.052722815793, -5288.040897109468, -5349.142105956749, -5382.58581096573, -5326.16980477944, 0, 0, 0, 0, 0, 0, 0, 0, 0, 0, 0, 0, 0, 0, 0, 0, 0, 0, 0, 0, 0, 0, 0, 0, 0, 0, 0], "name": "(-5647) Circle11|Special(1.88/0.51/0.06/1.45/0.22)"}