{"loss": [99.8047, 99.4141, 99.8047, 99.8047, 99.8047, 99.8047, 99.8047, 99.8047, 99.8047, 0, 0, 0, 0, 0, 0, 0, 0, 0, 0, 0, 0, 0, 0, 0, 0, 0, 0, 0, 0, 0, 0, 0, 0, 0, 0, 0], "time": [0.317072, 0.508054, 0.299616, 0.317169, 0.310881, 0.309735, 0.313548, 0.300385, 0.313394, 100, 100, 100, 100, 100, 100, 100, 100, 100, 100, 100, 100, 100, 100, 100, 100, 100, 100, 100, 100, 100, 100, 100, 100, 100, 100, 100], "score": [-5552.632646261265, -6973.234005479025, -5397.622369331169, -5553.481923680719, -5498.156357983941, -5488.013080249747, -5521.689909461832, -5404.544749398579, -5520.333745998074, 0, 0, 0, 0, 0, 0, 0, 0, 0, 0, 0, 0, 0, 0, 0, 0, 0, 0, 0, 0, 0, 0, 0, 0, 0, 0, 0], "name": "(-5656) Circle16(2/3)Dual(2/3)|Special(1.72/0.58/0.54/1.76/0.28)"}