{"loss": [0.0, 40.0389, 0.0, 0.0, 0.0, 0.0, 0.0, 0.0, 0.0, 0, 0, 0, 0, 0, 0, 0, 0, 0, 0, 0, 0, 0, 0, 0, 0, 0, 0, 0, 0, 0, 0, 0, 0, 0, 0, 0], "time": [0.274241, 0.353693, 0.237374, 0.185325, 0.180546, 0.201768, 0.237843, 0.212979, 0.223745, 100, 100, 100, 100, 100, 100, 100, 100, 100, 100, 100, 100, 100, 100, 100, 100, 100, 100, 100, 100, 100, 100, 100, 100, 100, 100, 100], "score": [52.36802459516685, -893.9330859581953, 48.72104268178176, 43.04939023958411, 42.49070486588803, 44.91859303228453, 48.7691500848641, 46.14964788598067, 47.301691301686034, 0, 0, 0, 0, 0, 0, 0, 0, 0, 0, 0, 0, 0, 0, 0, 0, 0, 0, 0, 0, 0, 0, 0, 0, 0, 0, 0], "name": "(-57) Circle9(1/4)|Special(1.0/0.98/0.19/1.77/0.79)+LNoise"}