{"loss": [99.8047, 99.4141, 99.8047, 99.8047, 99.8047, 99.8047, 99.8047, 99.8047, 99.8047, 0, 0, 0, 0, 0, 0, 0, 0, 0, 0, 0, 0, 0, 0, 0, 0, 0, 0, 0, 0, 0, 0, 0, 0, 0, 0, 0], "time": [0.321574, 0.496635, 0.307285, 0.356184, 0.348209, 0.343967, 0.346797, 0.336913, 0.328786, 100, 100, 100, 100, 100, 100, 100, 100, 100, 100, 100, 100, 100, 100, 100, 100, 100, 100, 100, 100, 100, 100, 100, 100, 100, 100, 100], "score": [-5591.9136962886605, -6894.423599195485, -5466.26493034241, -5885.1454329378785, -5818.887919502088, -5783.335477792369, -5807.078035222363, -5723.726593680452, -5654.271452701483, 0, 0, 0, 0, 0, 0, 0, 0, 0, 0, 0, 0, 0, 0, 0, 0, 0, 0, 0, 0, 0, 0, 0, 0, 0, 0, 0], "name": "(-5847) Circle9(3/4)|Special(1.81/0.52/0.05/1.13/0.21)"}