{"loss": [99.3164, 98.1445, 99.3164, 99.3164, 99.3164, 99.3164, 99.3164, 99.3164, 99.3164, 0, 0, 0, 0, 0, 0, 0, 0, 0, 0, 0, 0, 0, 0, 0, 0, 0, 0, 0, 0, 0, 0, 0, 0, 0, 0, 0], "time": [0.369245, 0.47006, 0.363593, 0.331962, 0.342657, 0.353607, 0.350144, 0.341499, 0.339943, 100, 100, 100, 100, 100, 100, 100, 100, 100, 100, 100, 100, 100, 100, 100, 100, 100, 100, 100, 100, 100, 100, 100, 100, 100, 100, 100], "score": [-5932.993092440802, -6535.462149180732, -5887.410090258494, -5625.494667445056, -5715.396114692024, -5805.9990170862475, -5777.498953637827, -5705.73042878862, -5692.716843572126, 0, 0, 0, 0, 0, 0, 0, 0, 0, 0, 0, 0, 0, 0, 0, 0, 0, 0, 0, 0, 0, 0, 0, 0, 0, 0, 0], "name": "(-5853) Circle16(2/3)Dual(1/3)|Special(1.85/0.7/0.01/1.84/0.94)"}