{"loss": [99.1211, 97.6562, 99.1211, 99.1211, 99.1211, 99.1211, 99.1211, 99.1211, 99.1211, 0, 0, 0, 0, 0, 0, 0, 0, 0, 0, 0, 0, 0, 0, 0, 0, 0, 0, 0, 0, 0, 0, 0, 0, 0, 0, 0], "time": [0.423306, 0.523154, 0.286882, 0.314666, 0.306748, 0.399685, 0.428489, 0.377822, 0.37274, 100, 100, 100, 100, 100, 100, 100, 100, 100, 100, 100, 100, 100, 100, 100, 100, 100, 100, 100, 100, 100, 100, 100, 100, 100, 100, 100], "score": [-6327.271724849085, -6825.531273924013, -5208.8388733220945, -5455.244036836619, -5386.171076292241, -6148.20299792104, -6365.8897402384155, -5977.683198223881, -5937.344847392087, 0, 0, 0, 0, 0, 0, 0, 0, 0, 0, 0, 0, 0, 0, 0, 0, 0, 0, 0, 0, 0, 0, 0, 0, 0, 0, 0], "name": "(-5959) Circle10(3/4)|Special(1.01/0.9/0.33/1.08/0.87)"}