{"loss": [99.1211, 97.7539, 99.1211, 99.3164, 99.3164, 99.1211, 99.1211, 99.1211, 99.1211, 0, 0, 0, 0, 0, 0, 0, 0, 0, 0, 0, 0, 0, 0, 0, 0, 0, 0, 0, 0, 0, 0, 0, 0, 0, 0, 0], "time": [0.460836, 0.49014, 0.368012, 0.322222, 0.356509, 0.372727, 0.342688, 0.331502, 0.444626, 100, 100, 100, 100, 100, 100, 100, 100, 100, 100, 100, 100, 100, 100, 100, 100, 100, 100, 100, 100, 100, 100, 100, 100, 100, 100, 100], "score": [-6601.801662140634, -6620.022990611561, -5899.568710910093, -5542.352265628192, -5829.774820378387, -5937.2413085231365, -5692.967728568494, -5599.282119754156, -6484.652394739013, 0, 0, 0, 0, 0, 0, 0, 0, 0, 0, 0, 0, 0, 0, 0, 0, 0, 0, 0, 0, 0, 0, 0, 0, 0, 0, 0], "name": "(-6023) Circle14(1/4)Dual(1/3)|Special(1.84/0.26/0.4/1.55/0.33)"}