{"loss": [0.0, 40.625, 0.0, 0.0, 0.0, 0.0, 0.0, 0.0, 0.0, 0, 0, 0, 0, 0, 0, 0, 0, 0, 0, 0, 0, 0, 0, 0, 0, 0, 0, 0, 0, 0, 0, 0, 0, 0, 0, 0], "time": [0.261732, 0.359315, 0.180668, 0.214603, 0.206867, 0.208688, 0.21134, 0.194979, 0.193392, 100, 100, 100, 100, 100, 100, 100, 100, 100, 100, 100, 100, 100, 100, 100, 100, 100, 100, 100, 100, 100, 100, 100, 100, 100, 100, 100], "score": [51.159749803923006, -929.3489389540025, 42.50505852248647, 46.32526308613908, 45.48263404861244, 45.68238172424901, 45.97173044382819, 44.156426485846886, 43.976357284340864, 0, 0, 0, 0, 0, 0, 0, 0, 0, 0, 0, 0, 0, 0, 0, 0, 0, 0, 0, 0, 0, 0, 0, 0, 0, 0, 0], "name": "(-62) Circle12(1/3)Dual|Special(1.47/0.16/0.96/1.6/0.21)+LNoise"}