{"loss": [37.1094, 36.9141, 40.0391, 57.1289, 52.6367, 57.1289, 41.4062, 47.2656, 46.582, 0, 0, 0, 0, 0, 0, 0, 0, 0, 0, 0, 0, 0, 0, 0, 0, 0, 0, 0, 0, 0, 0, 0, 0, 0, 0, 0], "time": [0.109012, 0.140655, 0.112666, 0.088881, 0.087336, 0.088342, 0.087693, 0.096268, 0.101052, 100, 100, 100, 100, 100, 100, 100, 100, 100, 100, 100, 100, 100, 100, 100, 100, 100, 100, 100, 100, 100, 100, 100, 100, 100, 100, 100], "score": [-421.6621631491195, -473.5445453915346, -504.53679541135307, -943.1945880724277, -789.240024420436, -940.3303371502045, -478.0940704495658, -662.1294551106269, -657.9883381611087, 0, 0, 0, 0, 0, 0, 0, 0, 0, 0, 0, 0, 0, 0, 0, 0, 0, 0, 0, 0, 0, 0, 0, 0, 0, 0, 0], "name": "(-652) Circle13(3/4)|Special(1.17/0.05/0.08/1.11/0.63)"}