{"loss": [4.1992, 3.9062, 16.0156, 30.7617, 28.2227, 32.7148, 11.2305, 13.5742, 6.7383, 0, 0, 0, 0, 0, 0, 0, 0, 0, 0, 0, 0, 0, 0, 0, 0, 0, 0, 0, 0, 0, 0, 0, 0, 0, 0, 0], "time": [0.069098, 0.100679, 0.066573, 0.069944, 0.069043, 0.0666, 0.067366, 0.06709, 0.066109, 100, 100, 100, 100, 100, 100, 100, 100, 100, 100, 100, 100, 100, 100, 100, 100, 100, 100, 100, 100, 100, 100, 100, 100, 100, 100, 100], "score": [21.65132639594622, 26.88847144967733, -40.379585936072694, -223.81564054167666, -183.01804592201623, -250.39428315052646, -6.780507815402422, -21.824520469479893, 14.037367016342134, 0, 0, 0, 0, 0, 0, 0, 0, 0, 0, 0, 0, 0, 0, 0, 0, 0, 0, 0, 0, 0, 0, 0, 0, 0, 0, 0], "name": "(-73) Circle12(3/4)|Special(1.02/0.27/0.83/1.09/0.78)"}