{"loss": [8.5938, 4.1992, 16.4062, 29.4922, 26.9531, 30.3711, 11.8164, 16.8945, 10.6445, 0, 0, 0, 0, 0, 0, 0, 0, 0, 0, 0, 0, 0, 0, 0, 0, 0, 0, 0, 0, 0, 0, 0, 0, 0, 0, 0], "time": [0.06714, 0.100489, 0.068207, 0.068841, 0.067783, 0.067353, 0.084579, 0.07954, 0.081868, 100, 100, 100, 100, 100, 100, 100, 100, 100, 100, 100, 100, 100, 100, 100, 100, 100, 100, 100, 100, 100, 100, 100, 100, 100, 100, 100], "score": [6.77494723731814, 26.110250037119997, -44.17950803418173, -201.97414192773817, -163.10241600129908, -213.4339667002429, -11.524599822461168, -52.29486472495356, -3.8070131862139114, 0, 0, 0, 0, 0, 0, 0, 0, 0, 0, 0, 0, 0, 0, 0, 0, 0, 0, 0, 0, 0, 0, 0, 0, 0, 0, 0], "name": "(-73) Circle12(3/4)|Special(1.21/0.38/0.15/1.04/0.82)"}