{"loss": [99.1211, 98.3398, 99.4141, 99.4141, 99.4141, 99.4141, 99.1211, 99.1211, 99.1211, 0, 0, 0, 0, 0, 0, 0, 0, 0, 0, 0, 0, 0, 0, 0, 0, 0, 0, 0, 0, 0, 0, 0, 0, 0, 0, 0], "time": [0.530352, 0.694566, 0.579799, 0.51458, 0.665782, 0.586124, 0.569981, 0.567813, 0.6034, 100, 100, 100, 100, 100, 100, 100, 100, 100, 100, 100, 100, 100, 100, 100, 100, 100, 100, 100, 100, 100, 100, 100, 100, 100, 100, 100], "score": [-7082.252053270995, -7976.2948803966565, -7449.344051799798, -7017.877015654758, -7982.617623868069, -7489.866110067631, -7342.085928501007, -7328.10931579329, -7554.259970093649, 0, 0, 0, 0, 0, 0, 0, 0, 0, 0, 0, 0, 0, 0, 0, 0, 0, 0, 0, 0, 0, 0, 0, 0, 0, 0, 0], "name": "(-7469) Square|Special(1.55/0.71/0.37/1.06/0.46)"}