{"loss": [99.1211, 99.2188, 99.4141, 99.6094, 99.4141, 99.6094, 99.4141, 99.4141, 99.1211, 0, 0, 0, 0, 0, 0, 0, 0, 0, 0, 0, 0, 0, 0, 0, 0, 0, 0, 0, 0, 0, 0, 0, 0, 0, 0, 0], "time": [0.709919, 0.790657, 0.58268, 0.530766, 0.590333, 0.578621, 0.591899, 0.586538, 0.592683, 100, 100, 100, 100, 100, 100, 100, 100, 100, 100, 100, 100, 100, 100, 100, 100, 100, 100, 100, 100, 100, 100, 100, 100, 100, 100, 100], "score": [-8193.956863726065, -8664.586433208622, -7467.828876557065, -7155.713060219143, -7516.710645688091, -7471.339401632881, -7526.673982267153, -7492.510821093815, -7486.873732956092, 0, 0, 0, 0, 0, 0, 0, 0, 0, 0, 0, 0, 0, 0, 0, 0, 0, 0, 0, 0, 0, 0, 0, 0, 0, 0, 0], "name": "(-7664) Square|Special(1.74/0.22/0.14/1.32/0.32)"}