{"loss": [99.1211, 97.6562, 99.1211, 99.1211, 99.1211, 99.1211, 99.1211, 99.1211, 99.1211, 0, 0, 0, 0, 0, 0, 0, 0, 0, 0, 0, 0, 0, 0, 0, 0, 0, 0, 0, 0, 0, 0, 0, 0, 0, 0, 0], "time": [0.611237, 0.871373, 0.64695, 0.626511, 0.569343, 0.617722, 0.589974, 0.594565, 0.636126, 100, 100, 100, 100, 100, 100, 100, 100, 100, 100, 100, 100, 100, 100, 100, 100, 100, 100, 100, 100, 100, 100, 100, 100, 100, 100, 100], "score": [-7603.159324935875, -8808.94169027891, -7822.122843716195, -7697.569589044328, -7337.97564906306, -7643.386271679402, -7469.743859203687, -7498.751185608691, -7756.41159322153, 0, 0, 0, 0, 0, 0, 0, 0, 0, 0, 0, 0, 0, 0, 0, 0, 0, 0, 0, 0, 0, 0, 0, 0, 0, 0, 0], "name": "(-7737) Square|Special(1.84/0.86/0.85/1.62/0.51)"}