{"loss": [43.8477, 36.6211, 52.9297, 70.2148, 62.0117, 67.5781, 47.8516, 58.4961, 50.0977, 0, 0, 0, 0, 0, 0, 0, 0, 0, 0, 0, 0, 0, 0, 0, 0, 0, 0, 0, 0, 0, 0, 0, 0, 0, 0, 0], "time": [0.065772, 0.094574, 0.062565, 0.064055, 0.07956, 0.076998, 0.064752, 0.065242, 0.06365, 100, 100, 100, 100, 100, 100, 100, 100, 100, 100, 100, 100, 100, 100, 100, 100, 100, 100, 100, 100, 100, 100, 100, 100, 100, 100, 100], "score": [-467.43028289734707, -381.67559563034416, -675.739396165927, -1222.4589119644743, -1056.456208488988, -1239.4704887408698, -557.219376844109, -848.4696108171897, -607.9621157042294, 0, 0, 0, 0, 0, 0, 0, 0, 0, 0, 0, 0, 0, 0, 0, 0, 0, 0, 0, 0, 0, 0, 0, 0, 0, 0, 0], "name": "(-784) Circle13|Factor3"}