{"loss": [43.2617, 34.2773, 52.832, 69.6289, 63.3789, 66.4062, 47.4609, 52.2461, 49.1211, 0, 0, 0, 0, 0, 0, 0, 0, 0, 0, 0, 0, 0, 0, 0, 0, 0, 0, 0, 0, 0, 0, 0, 0, 0, 0, 0], "time": [0.08602, 0.101166, 0.081243, 0.09499, 0.088734, 0.07145, 0.071429, 0.073416, 0.074529, 100, 100, 100, 100, 100, 100, 100, 100, 100, 100, 100, 100, 100, 100, 100, 100, 100, 100, 100, 100, 100, 100, 100, 100, 100, 100, 100], "score": [-519.5880872991153, -341.8997666940596, -767.082745033972, -1463.4114813973833, -1166.7715921157328, -1152.0108261939044, -575.2914454488106, -712.5151911995362, -631.4169130023299, 0, 0, 0, 0, 0, 0, 0, 0, 0, 0, 0, 0, 0, 0, 0, 0, 0, 0, 0, 0, 0, 0, 0, 0, 0, 0, 0], "name": "(-814) Circle11(3/4)|Special(1.96/0.12/0.65/1.14/0.86)"}