{"loss": [42.5781, 35.1562, 53.125, 68.5547, 62.0117, 67.6758, 46.9727, 58.5938, 48.0469, 0, 0, 0, 0, 0, 0, 0, 0, 0, 0, 0, 0, 0, 0, 0, 0, 0, 0, 0, 0, 0, 0, 0, 0, 0, 0, 0], "time": [0.104489, 0.134463, 0.065501, 0.104453, 0.090635, 0.067356, 0.073868, 0.065783, 0.049643, 100, 100, 100, 100, 100, 100, 100, 100, 100, 100, 100, 100, 100, 100, 100, 100, 100, 100, 100, 100, 100, 100, 100, 100, 100, 100, 100], "score": [-553.6890394819876, -416.5468216260883, -696.7138827706414, -1486.600907503699, -1127.59224925774, -1162.6995547442525, -572.5008539282599, -854.9142624255419, -492.0704862910256, 0, 0, 0, 0, 0, 0, 0, 0, 0, 0, 0, 0, 0, 0, 0, 0, 0, 0, 0, 0, 0, 0, 0, 0, 0, 0, 0], "name": "(-818) Circle16(1/3)|Factor3"}