{"loss": [0.0, 46.6797, 0.0, 0.0, 0.0, 0.0, 0.0, 0.0, 0.0, 0, 0, 0, 0, 0, 0, 0, 0, 0, 0, 0, 0, 0, 0, 0, 0, 0, 0, 0, 0, 0, 0, 0, 0, 0, 0, 0], "time": [0.255205, 0.292964, 0.206136, 0.218695, 0.199145, 0.21089, 0.210481, 0.219447, 0.207725, 100, 100, 100, 100, 100, 100, 100, 100, 100, 100, 100, 100, 100, 100, 100, 100, 100, 100, 100, 100, 100, 100, 100, 100, 100, 100, 100], "score": [50.51781863857544, -1125.2796012945157, 45.402202589742274, 46.764837217721606, 44.625665261147645, 45.922761241022954, 45.87820833467672, 46.84517050881553, 45.57685816288789, 0, 0, 0, 0, 0, 0, 0, 0, 0, 0, 0, 0, 0, 0, 0, 0, 0, 0, 0, 0, 0, 0, 0, 0, 0, 0, 0], "name": "(-83) Circle11(2/3)Dual(1/3)|Special(1.53/1.0/0.81/1.65/0.85)+Noise"}