{"loss": [0.0, 46.6797, 0.0, 0.0, 0.0, 0.0, 0.0, 0.0, 0.0, 0, 0, 0, 0, 0, 0, 0, 0, 0, 0, 0, 0, 0, 0, 0, 0, 0, 0, 0, 0, 0, 0, 0, 0, 0, 0, 0], "time": [0.168933, 0.281989, 0.18651, 0.183068, 0.180147, 0.18022, 0.188272, 0.175816, 0.164231, 100, 100, 100, 100, 100, 100, 100, 100, 100, 100, 100, 100, 100, 100, 100, 100, 100, 100, 100, 100, 100, 100, 100, 100, 100, 100, 100], "score": [41.101459828088835, -1104.00083425052, 43.186803539970406, 42.78644645211846, 42.44372745176842, 42.45232620245915, 43.39032150145928, 41.93041855264505, 40.525424118693685, 0, 0, 0, 0, 0, 0, 0, 0, 0, 0, 0, 0, 0, 0, 0, 0, 0, 0, 0, 0, 0, 0, 0, 0, 0, 0, 0], "name": "(-85) Circle10(3/4)|Special(1.21/0.95/0.1/1.08/0.7)+Noise"}