{"loss": [5.0781, 7.3242, 14.1602, 36.0352, 30.2734, 32.1289, 14.1602, 13.1836, 7.8125, 0, 0, 0, 0, 0, 0, 0, 0, 0, 0, 0, 0, 0, 0, 0, 0, 0, 0, 0, 0, 0, 0, 0, 0, 0, 0, 0], "time": [0.065828, 0.096522, 0.067352, 0.067364, 0.066558, 0.064543, 0.066866, 0.066382, 0.066037, 100, 100, 100, 100, 100, 100, 100, 100, 100, 100, 100, 100, 100, 100, 100, 100, 100, 100, 100, 100, 100, 100, 100, 100, 100, 100, 100], "score": [19.040780004375904, 14.401906740459088, -26.08494846315716, -311.07483977990614, -210.6420227176021, -236.8451630625936, -25.990665909608598, -19.016235081989166, 10.013055117359508, 0, 0, 0, 0, 0, 0, 0, 0, 0, 0, 0, 0, 0, 0, 0, 0, 0, 0, 0, 0, 0, 0, 0, 0, 0, 0, 0], "name": "(-87) Circle9(3/4)|Special(1.74/0.43/0.7/1.01/0.94)"}