{"loss": [50.8789, 31.4453, 59.668, 73.2422, 69.043, 71.4844, 55.7617, 58.7891, 55.2734, 0, 0, 0, 0, 0, 0, 0, 0, 0, 0, 0, 0, 0, 0, 0, 0, 0, 0, 0, 0, 0, 0, 0, 0, 0, 0, 0], "time": [0.064267, 0.075826, 0.063759, 0.061933, 0.06576, 0.066933, 0.065263, 0.063459, 0.061683, 100, 100, 100, 100, 100, 100, 100, 100, 100, 100, 100, 100, 100, 100, 100, 100, 100, 100, 100, 100, 100, 100, 100, 100, 100, 100, 100], "score": [-630.8992503711202, -244.74649830001616, -873.7370744124902, -1310.1215116970031, -1196.7756200643823, -1296.1628112924318, -768.7917213115002, -845.4521761666308, -733.9425896121794, 0, 0, 0, 0, 0, 0, 0, 0, 0, 0, 0, 0, 0, 0, 0, 0, 0, 0, 0, 0, 0, 0, 0, 0, 0, 0, 0], "name": "(-877) Circle13(3/4)|Special(1.05/0.47/0.97/1.05/0.94)"}