{"loss": [50.8789, 40.0391, 60.5469, 72.6562, 69.3359, 71.9727, 55.8594, 59.7656, 54.6875, 0, 0, 0, 0, 0, 0, 0, 0, 0, 0, 0, 0, 0, 0, 0, 0, 0, 0, 0, 0, 0, 0, 0, 0, 0, 0, 0], "time": [0.059665, 0.099402, 0.059885, 0.060085, 0.062188, 0.061368, 0.077795, 0.059353, 0.057212, 100, 100, 100, 100, 100, 100, 100, 100, 100, 100, 100, 100, 100, 100, 100, 100, 100, 100, 100, 100, 100, 100, 100, 100, 100, 100, 100], "score": [-607.8911491827153, -473.90792123216255, -872.6327083228143, -1269.4702281100358, -1173.9256226483003, -1258.4635540639363, -842.4070267342762, -845.8471995442367, -691.4328216971825, 0, 0, 0, 0, 0, 0, 0, 0, 0, 0, 0, 0, 0, 0, 0, 0, 0, 0, 0, 0, 0, 0, 0, 0, 0, 0, 0], "name": "(-892) Circle14(3/4)|Special(1.0/0.44/0.72/1.25/0.9)"}