{"loss": [0.0, 46.6797, 0.0, 0.0, 0.0, 0.0, 0.0, 0.0, 0.0, 0, 0, 0, 0, 0, 0, 0, 0, 0, 0, 0, 0, 0, 0, 0, 0, 0, 0, 0, 0, 0, 0, 0, 0, 0, 0, 0], "time": [0.228233, 0.313084, 0.177459, 0.168486, 0.181335, 0.190586, 0.171572, 0.172636, 0.173577, 100, 100, 100, 100, 100, 100, 100, 100, 100, 100, 100, 100, 100, 100, 100, 100, 100, 100, 100, 100, 100, 100, 100, 100, 100, 100, 100], "score": [47.773737555271936, -1163.2786428273573, 42.12588278006765, 41.0470461787447, 42.58344748843147, 43.656156495962854, 41.421250584693844, 41.54948856484277, 41.66257313224905, 0, 0, 0, 0, 0, 0, 0, 0, 0, 0, 0, 0, 0, 0, 0, 0, 0, 0, 0, 0, 0, 0, 0, 0, 0, 0, 0], "name": "(-91) Circle10(3/4)|Special(1.04/0.98/0.47/1.41/0.82)+Noise"}