{"loss": [73.6328, 25.3906, 38.6719, 76.3672, 87.3047, 30.957, 44.3359, 62.5, 76.9531, 0, 0, 0, 0, 0, 0, 0, 0, 0, 0, 0, 0, 0, 0, 0, 0, 0, 0, 0, 0, 0, 0, 0, 0, 0, 0, 0], "time": [0.070497, 0.095405, 0.06826, 0.063923, 0.060451, 0.059871, 0.061317, 0.061623, 0.065095, 100, 100, 100, 100, 100, 100, 100, 100, 100, 100, 100, 100, 100, 100, 100, 100, 100, 100, 100, 100, 100, 100, 100, 100, 100, 100, 100], "score": [-1413.0026903592625, -168.23991667187622, -364.6010502581668, -1449.208624410764, -1849.4451761783746, -210.02234706165086, -461.9827392293731, -944.8627517520401, -1485.352650753483, 0, 0, 0, 0, 0, 0, 0, 0, 0, 0, 0, 0, 0, 0, 0, 0, 0, 0, 0, 0, 0, 0, 0, 0, 0, 0, 0], "name": "(-927) Circle16(1/3)Dual(1/3)|Default"}