{"loss": [57.6172, 40.0391, 61.5234, 60.9375, 84.668, 58.9844, 42.7734, 70.3125, 60.8398, 0, 0, 0, 0, 0, 0, 0, 0, 0, 0, 0, 0, 0, 0, 0, 0, 0, 0, 0, 0, 0, 0, 0, 0, 0, 0, 0], "time": [0.086877, 0.100928, 0.069296, 0.068661, 0.069017, 0.068898, 0.070934, 0.0687, 0.068704, 100, 100, 100, 100, 100, 100, 100, 100, 100, 100, 100, 100, 100, 100, 100, 100, 100, 100, 100, 100, 100, 100, 100, 100, 100, 100, 100], "score": [-949.0158043612182, -477.53173688776997, -970.0782079867116, -946.8224941220049, -1857.016487928779, -886.9762512155179, -460.6422819803731, -1269.6056435110302, -944.0003844551977, 0, 0, 0, 0, 0, 0, 0, 0, 0, 0, 0, 0, 0, 0, 0, 0, 0, 0, 0, 0, 0, 0, 0, 0, 0, 0, 0], "name": "(-973) Circle15(2/3)Dual(1/4)|Special(1.03/0.02/0.07/1.56/0.86)"}