{"loss": [46.4844, 42.5781, 58.3984, 71.3867, 64.9414, 69.043, 53.5156, 58.1055, 54.1992, 0, 0, 0, 0, 0, 0, 0, 0, 0, 0, 0, 0, 0, 0, 0, 0, 0, 0, 0, 0, 0, 0, 0, 0, 0, 0, 0], "time": [0.091139, 0.136886, 0.083051, 0.084517, 0.082022, 0.085641, 0.084574, 0.082164, 0.084483, 100, 100, 100, 100, 100, 100, 100, 100, 100, 100, 100, 100, 100, 100, 100, 100, 100, 100, 100, 100, 100, 100, 100, 100, 100, 100, 100], "score": [-622.1396175920421, -633.7385949131128, -954.0022088852068, -1452.4452256162824, -1179.1979111024195, -1365.7546758543756, -803.7922541328177, -939.1126824698122, -824.7620865335874, 0, 0, 0, 0, 0, 0, 0, 0, 0, 0, 0, 0, 0, 0, 0, 0, 0, 0, 0, 0, 0, 0, 0, 0, 0, 0, 0], "name": "(-974) Circle9(2/3)|Factor3"}