{"loss": [0.0, 4.5898, 0.0, 0.0, 0.0, 0.0, 0.0, 0.0, 0.0, 0.0, 3.54, 0.0, 0.0, 0.0, 0.0, 0.0, 0.3418, 8.6182, 0.0, 3.1141, 0.0, 0.0, 0.0, 0.2713, 2.9405, 7.411, 35.3624, 0.0, 2.8381, 0.0, 0.0, 2.8503, 7.843, 19.2017, 0.1221, 1.1475], "time": [0.205433, 0.368123, 0.306896, 0.300513, 0.27241, 0.272721, 0.257622, 0.246336, 0.246976, 0.326846, 0.591241, 0.328767, 0.330265, 0.330677, 0.353414, 0.331701, 0.486731, 0.653438, 0.338562, 0.607101, 0.336268, 0.347321, 0.343923, 0.472457, 0.664019, 0.784058, 1.328842, 0.321571, 0.667709, 0.321416, 0.326448, 0.646524, 0.77183, 1.08786, 0.977118, 1.029391], "score": [45.32471731847867, 47.891576663152705, 55.39819491644109, 54.81906602633795, 52.19291139608902, 52.222696215343, 50.756477419143266, 49.63224758158752, 49.69667996959153, 57.170446910969666, 67.25637467117606, 57.33820715718272, 57.46868712612112, 57.50452156135203, 59.44863328958875, 57.593489215361835, 69.68460343094584, 20.796252078004446, 58.186080809760675, 70.36062305022203, 57.988619573154175, 58.93394607524597, 58.6449486315744, 68.68491569350606, 74.44152351708924, 39.914423518522796, -1326.2428165204387, 56.707230579530155, 75.13159729588531, 56.69356224475579, 57.13562811416358, 73.87430559192529, 33.81262189493813, -280.26102700088546, 98.8345423524713, 100.12294142668296], "name": "(10) Square|Special(1.13/0.98/0.32/1.48/0.77)+Noise"}