{"loss": [0.0, 4.5898, 0.0, 0.0, 0.0, 0.0, 0.0, 0.0, 0.0, 0.0, 3.54, 0.0, 0.0, 0.0, 0.0, 0.0, 0.3418, 8.6182, 0.0, 3.1141, 0.0, 0.0, 0.0, 0.2713, 2.9405, 7.411, 35.3624, 0.0, 2.9541, 0.0, 0.0, 3.0396, 7.843, 19.2017, 0.1221, 0.8545], "time": [0.273393, 0.355966, 0.226197, 0.167787, 0.24334, 0.265103, 0.14836, 0.239441, 0.234331, 0.556673, 0.805697, 0.303095, 0.377971, 0.279318, 0.598375, 0.465699, 0.494688, 0.592672, 0.357746, 0.552435, 0.354054, 0.321529, 0.344839, 0.476845, 0.616186, 0.769798, 1.272981, 0.315174, 0.611616, 0.328061, 0.317896, 0.639142, 0.776542, 1.05899, 0.997342, 1.05384], "score": [52.286996471398126, 47.09414512726394, 47.560172413480586, 40.961811483380465, 49.3295043559126, 51.48815397739561, 38.51752847730498, 48.93270889701489, 48.40774731383397, 74.61052204615648, 78.51218349005966, 55.054064336795335, 61.47934612534522, 52.850543989631745, 77.35470250734599, 68.24214240482196, 70.25189068673095, 19.805694901448398, 59.81187173128759, 67.11812186764122, 59.50243692488569, 56.703527227148754, 58.72299379289172, 69.00313813876653, 71.71019657807935, 39.54978757093759, -1298.0676667233968, 56.140359813595786, 71.38108408990782, 57.27660953652895, 56.38226671569706, 72.55997865276139, 33.91567738971434, -276.5171897763882, 99.85212298684827, 101.90714072165055], "name": "(12) Square|Special(1.31/0.96/0.24/1.88/0.88)+Noise"}