{"loss": [0.0, 1.6224, 0.0, 0.0, 0.0, 0.0, 0.0, 0.0, 0.0, 0.0, 9.3562, 0.0, 0.0, 0.0, 0.0, 0.0, 15.3536, 7.9834, 0.0, 2.3112, 0.0, 0.0, 0.0, 6.0055, 1.406, 2.8754, 34.451, 0.0, 0.0061, 0.0, 0.0, 0.6493, 1.6296, 4.2734, 3.363, 13.4649], "time": [0.186805, 0.195029, 0.177277, 0.168331, 0.147077, 0.148461, 0.166396, 0.200999, 0.139209, 0.223085, 0.283169, 0.217821, 0.223172, 0.217121, 0.213475, 0.203828, 0.235038, 0.280874, 0.214831, 0.300648, 0.21993, 0.212285, 0.209365, 0.239595, 0.305342, 0.377494, 0.506186, 0.220045, 0.320585, 0.202352, 0.21341, 0.321418, 0.393589, 0.535912, 0.69571, 0.63418], "score": [43.22094399709474, 42.999661392716604, 42.104275317359395, 41.02816106042288, 38.35061929095801, 38.53063716057652, 40.79166581545794, 44.83291201784689, 37.310722319462, 47.23187483045745, 6.631227486135461, 46.67129738929485, 47.241083814832194, 46.59624448386372, 46.20335485654694, 45.14731442732779, -65.80434869307113, 19.2197324057896, 46.34986515622241, 51.90248008189042, 46.89669497949722, 46.07439636066869, 45.75642031453073, 31.29468226969084, 54.165404350811215, 56.36068246716022, -773.2736757746198, 46.90895436907542, 56.620204999689584, 44.98355254979313, 46.19632019977349, 56.45472322085629, 61.07063924166897, 59.83716740063535, 73.97584062741238, -64.74640858569693], "name": "(16) Square|Star+LNoise"}