{"loss": [0.0, 4.5898, 0.0, 0.0, 0.0, 0.0, 0.0, 0.0, 0.0, 0.0, 3.54, 0.0, 0.0, 0.0, 0.0, 0.0, 0.3418, 8.5938, 0.0, 3.3529, 0.0, 0.0, 0.0, 0.3581, 3.5482, 8.7348, 36.0352, 0.0, 2.9541, 0.0, 0.0, 3.0396, 8.0872, 0.0122, 0.0183, 1.239], "time": [0.229863, 0.338341, 0.301862, 0.219928, 0.226592, 0.226363, 0.222731, 0.216759, 0.240259, 0.329798, 0.586652, 0.330173, 0.348028, 0.323147, 0.324957, 0.327221, 0.480737, 0.653004, 0.337192, 0.612179, 0.346362, 0.339768, 0.339099, 0.463486, 0.664714, 0.783353, 1.345754, 0.326057, 0.652954, 0.312489, 0.315663, 0.616087, 0.785302, 0.749503, 0.969491, 1.069519], "score": [47.94402986817024, 45.913454799907726, 54.94196938588934, 46.896481744369694, 47.60168064259916, 47.57762078961074, 47.19438525926575, 46.55738394712486, 49.01622180462301, 57.428041930750176, 66.99485633425317, 57.46068220966403, 58.99389798953787, 56.84602008936069, 57.004999780720986, 57.20323417430172, 69.2541978945231, 21.128719114934803, 58.0682357231559, 69.44596590969925, 58.85252755829609, 58.289621717763794, 58.23220758308927, 67.99250355552996, 71.26559381786946, 20.979107094276262, -1390.3808969793793, 57.10140103359986, 73.75390401218745, 55.900715558926436, 56.18389448943532, 71.23927484401952, 30.65908967502814, 86.57371245829361, 98.46240432541006, 101.82996714796612], "name": "(17) Square|Special(1.59/0.95/0.62/1.76/0.85)+Noise"}