{"loss": [0.0, 4.5898, 0.0, 0.0, 0.0, 0.0, 0.0, 0.0, 0.0, 0.0, 3.54, 0.0, 0.0, 0.0, 0.0, 0.0, 0.3418, 8.6182, 0.0, 3.3529, 0.0, 0.0, 0.0, 0.3581, 3.5482, 8.7348, 35.3624, 0.0, 2.9541, 0.0, 0.0, 3.0396, 7.843, 0.0122, 0.0183, 0.8545], "time": [0.19809, 0.350624, 0.226983, 0.229453, 0.236692, 0.232717, 0.241584, 0.231203, 0.235351, 0.326879, 0.596294, 0.331984, 0.329677, 0.325555, 0.324616, 0.326484, 0.496338, 0.651033, 0.335708, 0.615138, 0.342097, 0.337261, 0.341138, 0.468633, 0.654577, 0.782975, 1.346319, 0.313986, 0.648549, 0.319149, 0.322999, 0.649268, 0.800173, 0.740126, 0.938316, 1.08447], "score": [44.50730277156772, 46.73943719223363, 47.64273291909271, 47.90125259322557, 48.651002045178885, 48.240750408757116, 49.15119530591296, 48.08357307854732, 48.51298795168156, 57.17333294465173, 67.54316417754899, 57.61805272655437, 57.4175060412763, 57.05742721153837, 56.97508227286732, 57.13877842586417, 70.3689534851229, 20.757946154885264, 57.94031411720167, 69.61359898675953, 58.48905880589975, 58.0741767053137, 58.407020126008824, 68.36898872040601, 70.72009997972816, 20.97404484305455, -1334.9357351568517, 56.034453686995114, 73.50470135406185, 56.49327393592976, 56.833000976545314, 73.13250793358046, 34.42785515216003, 86.03044791203652, 96.8663881518052, 103.37750547122047], "name": "(19) Square|Special(1.4/0.94/0.26/1.93/0.83)+Noise"}