{"loss": [0.0, 2.311, 0.0, 0.0, 0.0, 0.0, 0.0, 0.0, 0.0, 0.0, 10.9375, 0.0, 0.0, 0.0, 0.0, 0.0, 13.6475, 7.3242, 0.0, 1.7253, 0.0, 0.0, 0.0, 0.7448, 1.5082, 8.8846, 10.0179, 0.0, 3.949, 0.0, 0.0, 6.0618, 4.0283, 8.0078, 15.2324, 11.6821], "time": [0.056192, 0.101628, 0.06171, 0.077356, 0.071754, 0.065925, 0.065252, 0.068614, 0.064011, 0.078234, 0.143149, 0.079153, 0.078123, 0.078184, 0.078026, 0.079302, 0.117878, 0.159406, 0.074581, 0.134445, 0.072629, 0.071792, 0.077679, 0.101592, 0.141251, 0.169034, 0.275202, 0.066743, 0.145376, 0.072453, 0.074827, 0.144229, 0.169704, 0.23417, 0.307671, 0.324565], "score": [23.704851824046486, 30.176570501899086, 24.841497539399672, 27.812946625627426, 26.786937114944664, 25.675864152935535, 25.544471026036142, 26.19427418349285, 25.30039525382953, 27.97034143517022, -7.42660387807371, 28.13414295833445, 27.950491945581206, 27.96140196771256, 27.93313444638822, 28.16061078883056, -29.61398922648564, 18.507986338995217, 27.309522148876937, 35.57529813612097, 26.94976808805597, 26.79402918562268, 27.870952620963642, 31.696689041805616, 36.728477288023534, 8.660151006401948, -0.1879738078868396, 25.83466663225984, 32.18226337891177, 26.917094939833312, 27.354524305862093, 24.022504192128167, 34.51032635298334, 17.3603798067614, -73.23231772000103, -20.778012179050798], "name": "(19) Circle12Dual(1/3)|Default+LNoise"}