{"loss": [0.4883, 0.293, 2.832, 14.9414, 17.9688, 17.4805, 2.6367, 4.1016, 1.5625, 2.0264, 0.4883, 11.499, 0.6836, 6.2744, 2.1729, 2.2705, 0.8057, 0.6104, 0.0, 0.0543, 4.1558, 0.0, 2.0616, 0.0543, 0.0109, 0.0326, 0.2821, 6.4148, 0.0061, 0.0, 0.0, 0.0061, 0.1587, 0.0, 0.0061, 0.1831], "time": [0.05088, 0.083837, 0.057324, 0.049662, 0.050773, 0.051046, 0.051303, 0.050205, 0.049659, 0.052014, 0.094925, 0.053728, 0.056388, 0.053424, 0.052386, 0.051816, 0.079896, 0.1042, 0.047566, 0.089361, 0.051957, 0.047863, 0.048734, 0.067264, 0.094022, 0.111845, 0.190971, 0.044779, 0.087911, 0.046329, 0.046245, 0.085126, 0.104435, 0.147507, 0.185632, 0.207146], "score": [22.502812243023715, 28.929762414516112, 22.02219436069247, -27.465211084135937, -50.2207475516079, -46.444695046585856, 21.075483721522684, 18.637003986324522, 21.740249127177457, 21.870072179432576, 30.736438836236985, -7.469993600873869, 23.63518966186705, 14.014235519901934, 21.80733303657995, 21.589650073532013, 28.08239182517619, 32.15975323275091, 21.80963090013217, 29.892428887159543, 18.85738732690744, 21.877614129516044, 21.13751504159788, 25.934539424067165, 30.66297059729476, 33.44288006807853, 43.665452011077086, 12.453349559792999, 29.649778173984032, 21.52417245795991, 21.50465065979915, 29.17634943738551, 32.308265393519235, 38.40664005090787, 43.0850161718307, 45.49803615128194], "name": "(19) Circle10(3/4)|Special(1.02/0.07/1.0/1.15/0.97)"}