{"loss": [0.0, 0.8171, 0.0, 0.0, 0.0, 0.0, 0.0, 0.0, 0.0, 0.0, 5.5728, 0.0, 0.0, 0.0, 0.0, 0.0, 4.7852, 7.5195, 0.0, 0.7704, 0.0, 0.0, 0.0, 0.727, 2.1484, 1.8012, 29.2752, 0.0, 0.0977, 0.0, 0.0, 0.9155, 0.6592, 2.6428, 2.5391, 13.6963], "time": [0.089669, 0.101673, 0.088224, 0.087884, 0.090707, 0.090639, 0.090909, 0.091142, 0.088704, 0.111283, 0.151303, 0.126059, 0.122346, 0.126106, 0.113643, 0.109668, 0.120188, 0.160336, 0.115678, 0.147993, 0.112928, 0.111361, 0.112943, 0.116807, 0.161169, 0.190423, 0.25868, 0.111601, 0.164241, 0.112717, 0.110428, 0.160297, 0.201258, 0.271956, 0.352379, 0.305225], "score": [29.944782517159812, 31.6733149044068, 29.702525145179155, 29.645235704915557, 30.11760282625428, 30.106311630619913, 30.151119382205366, 30.189733354238157, 29.783216750378056, 33.359106702668164, 26.8175820117133, 35.5047884094526, 34.977993081364744, 35.5114066181558, 33.710977440590476, 33.11615919758812, 26.729781866834564, 17.40109031804832, 34.01146865397024, 38.24153350498326, 33.60476156737316, 33.37079561532808, 33.60699331984341, 33.99640351310663, 38.292877736295985, 42.2217436415085, -385.03368376336937, 33.40673584772988, 40.52278950626968, 33.573352528456255, 33.23070868940354, 39.70154067234701, 44.66684325452543, 48.507082272035355, 55.53446525667187, -48.39024299620571], "name": "(20) Circle14(1/4)|Star+LNoise"}