{"loss": [0.0, 0.1953, 0.0, 0.0, 0.0, 0.0, 0.0, 0.0, 0.0, 0.0, 11.5234, 0.0, 0.0, 0.0, 0.0, 0.0, 14.8193, 15.0391, 0.0, 0.9332, 0.0, 0.0, 0.0, 2.3438, 2.615, 2.3112, 14.3772, 0.0, 0.1709, 0.0, 0.0, 0.0244, 0.2197, 9.4971, 9.552, 13.4644], "time": [0.104185, 0.163055, 0.105517, 0.106005, 0.107452, 0.108249, 0.106034, 0.110294, 0.109596, 0.097681, 0.17648, 0.096304, 0.097561, 0.097333, 0.095987, 0.097279, 0.146568, 0.194287, 0.101375, 0.183944, 0.100618, 0.101723, 0.098932, 0.144902, 0.197326, 0.238321, 0.319627, 0.079884, 0.164065, 0.080698, 0.079503, 0.16029, 0.194996, 0.265599, 0.352062, 0.376899], "score": [32.27770128122509, 40.364667538808334, 32.48338036596561, 32.55840905204061, 32.779871872842946, 32.90121578300717, 32.562862282053764, 33.21054049545114, 33.105286586888205, 31.253959749126192, -13.774396359091215, 31.032885782666103, 31.234756282065018, 31.19823712968411, 30.981768832653827, 31.189581593859188, -45.792364736846615, -55.61520760660984, 31.83944094986594, 42.51519171479983, 31.72034047736562, 31.894043331004614, 31.453457679562035, 35.97487853061663, 41.38375656205425, 46.210440362085265, -60.325640307642296, 28.263757711953307, 40.49310777029973, 28.407393403830632, 28.19627634990124, 40.03599522936747, 44.13703702569774, 5.053181210012997, 5.197311876808494, -49.90567982499684], "name": "(21) Circle10|Special(1.06/0.69/0.57/1.27/0.62)+LNoise"}