{"loss": [0.0, 0.1953, 0.0, 0.0, 0.0, 0.0, 0.0, 0.0, 0.0, 0.0, 0.708, 0.0, 0.0, 0.0, 0.0, 0.0, 0.0, 0.5859, 0.0, 0.0326, 0.0, 0.0, 0.0, 0.0, 0.0109, 0.0326, 0.3364, 0.0, 0.0061, 0.0, 0.0, 0.0122, 0.2075, 0.0, 0.0183, 0.116], "time": [0.036309, 0.048714, 0.032464, 0.032837, 0.032787, 0.032523, 0.032837, 0.033585, 0.033453, 0.033429, 0.061441, 0.033788, 0.033026, 0.033151, 0.033576, 0.033272, 0.050052, 0.067795, 0.029874, 0.054537, 0.02966, 0.030244, 0.030253, 0.042302, 0.059481, 0.070034, 0.123404, 0.029242, 0.060784, 0.029136, 0.029301, 0.058973, 0.073454, 0.101511, 0.131033, 0.140592], "score": [19.05492062434268, 22.06282983018276, 18.017769007288333, 18.120982313329485, 18.107180895987092, 18.03413430137416, 18.120982313329485, 18.326210737629314, 18.29016128961142, 18.28359920803341, 24.66304534571487, 18.381512451373528, 18.173056980046038, 18.207416071480324, 18.32375507367417, 18.240614024752567, 22.37230430688801, 25.948091868211716, 17.284096736595757, 23.352910056632627, 17.22207885244984, 17.3908021666627, 17.393389548906217, 20.56745001209435, 24.388697927796752, 26.463656478505246, 35.089151864997895, 17.100292395160967, 24.65440219606949, 17.069270634681494, 17.117534869250303, 24.28432096009774, 27.09072914143346, 31.860790950633977, 36.19835940600653, 37.49055433393511], "name": "(21) SquareDual(2/3)|Default+Noise"}