{"loss": [0.0, 0.0977, 0.0, 0.0, 0.0, 0.0, 0.0, 0.0, 0.0, 0.0, 0.5615, 0.0, 0.0, 0.0, 0.0, 0.0, 0.0, 0.5127, 0.0, 0.0326, 0.0, 0.0, 0.0, 0.0, 0.0109, 0.0326, 0.2387, 0.0, 0.0061, 0.0, 0.0, 0.0061, 0.1892, 0.0, 0.0122, 0.0916], "time": [0.031843, 0.056296, 0.037102, 0.031309, 0.033201, 0.03338, 0.034521, 0.03216, 0.032127, 0.033186, 0.061204, 0.033543, 0.032796, 0.035451, 0.033711, 0.033678, 0.05043, 0.067454, 0.029458, 0.053937, 0.029538, 0.029447, 0.029439, 0.041209, 0.058512, 0.069832, 0.119187, 0.029184, 0.061093, 0.029068, 0.029171, 0.05874, 0.071977, 0.100003, 0.130089, 0.141185], "score": [17.844607028455407, 23.724513331154018, 19.261879451393106, 17.694349380522585, 18.22114156687226, 18.27019430657485, 18.579827770999387, 17.933209417167916, 17.924006248604133, 18.217025004099874, 24.661443122597635, 18.314748155516636, 18.109665927343883, 18.828435941415847, 18.360555547150526, 18.351566690612547, 22.45662485771181, 25.9036378085077, 17.163333009645886, 23.224093860551278, 17.186622704883003, 17.16012820464929, 17.157797061394568, 20.3, 24.18922507313291, 26.42546418036225, 34.503799601607405, 17.083325203250098, 24.7169890024246, 17.0493401631852, 17.079519899575633, 24.236327338460367, 26.81892587856253, 31.62325093977531, 36.06779903894234, 37.57143976076663], "name": "(21) SquareDual|Default+Noise"}