{"loss": [0.0, 0.0977, 0.0, 0.0, 0.0, 0.0, 0.0, 0.0, 0.0, 0.0, 0.6104, 0.0, 0.0, 0.0, 0.0, 0.0, 0.0, 0.4639, 0.0, 0.0434, 0.0, 0.0, 0.0, 0.0, 0.0109, 0.0326, 0.2496, 0.0, 0.0061, 0.0, 0.0, 0.0122, 0.2502, 0.0, 0.0183, 0.1221], "time": [0.044808, 0.048343, 0.031733, 0.033264, 0.039729, 0.032419, 0.033765, 0.034545, 0.034581, 0.033372, 0.061739, 0.034077, 0.033372, 0.033506, 0.033324, 0.03398, 0.050101, 0.068794, 0.030842, 0.054438, 0.029751, 0.029979, 0.029518, 0.042018, 0.059239, 0.070485, 0.121499, 0.029274, 0.061349, 0.029569, 0.029272, 0.059363, 0.072908, 0.102515, 0.131193, 0.138479], "score": [21.16790022652223, 21.984942911314562, 17.813758727455582, 18.238420984284797, 19.932134858062746, 18.005277004256282, 18.37525510027004, 18.586285266292453, 18.59596730476799, 18.268004817165995, 24.754755636958297, 18.459956663004387, 18.268004817165995, 18.3046442194324, 18.25486236595609, 18.433664855367205, 22.38325266801052, 26.172165521618247, 17.561890558820824, 23.331512868763546, 17.248478193742194, 17.31444483660969, 17.180803240826663, 20.498292611825015, 24.33903433507004, 26.548729128752846, 34.83499088771673, 17.109646401956997, 24.768721069946807, 17.195638982020995, 17.109061926359377, 24.364487125394845, 26.984578502656944, 32.017963707893735, 36.22045296472643, 37.20721879470111], "name": "(21) SquareDual(3/4)|Default+Noise"}