{"loss": [0.0, 0.0977, 0.0, 0.0, 0.0, 0.0, 0.0, 0.0, 0.0, 0.0, 0.7324, 0.0, 0.0, 0.0, 0.0, 0.0, 0.0, 0.5859, 0.0, 0.0434, 0.0, 0.0, 0.0, 0.0, 0.0109, 0.0326, 0.2713, 0.0, 0.0061, 0.0, 0.0, 0.0122, 0.2197, 0.0, 0.0122, 0.1282], "time": [0.032103, 0.062012, 0.042719, 0.043679, 0.040773, 0.034085, 0.033664, 0.034249, 0.0338, 0.032908, 0.06039, 0.033088, 0.033151, 0.032966, 0.032815, 0.032846, 0.049267, 0.067727, 0.029319, 0.053913, 0.029311, 0.02941, 0.029373, 0.041431, 0.058369, 0.069862, 0.119686, 0.029901, 0.060275, 0.028984, 0.029075, 0.058871, 0.072688, 0.098468, 0.128737, 0.139187], "score": [17.917310065966934, 24.89983174933871, 20.668575180694, 20.8995215256235, 20.192325274717618, 18.462123388169626, 18.347751905887545, 18.506485349736185, 18.384776310850235, 18.14056228455998, 24.442557543378626, 18.19010720144332, 18.207416071480324, 18.156541520895438, 18.114910985152534, 18.123465452280367, 22.196170840935604, 25.93507532628019, 17.122791828437325, 23.218735764834754, 17.12045560141435, 17.149344010777785, 17.138553031105047, 20.354606358266917, 24.159648446048337, 26.43113979326435, 34.57020078262517, 17.2919056208389, 24.55095825896687, 17.024687956024334, 17.051392904979934, 24.263310728945797, 26.94769873595772, 31.37961121492744, 35.87988528075077, 37.301642366614566], "name": "(21) SquareDual(1/4)|Default+Noise"}