{"loss": [0.0, 0.293, 2.832, 12.5977, 15.0391, 14.9414, 1.4648, 3.5156, 0.5859, 0.5371, 0.3418, 7.3486, 0.0488, 3.418, 0.9766, 0.6836, 0.0244, 0.5371, 0.0, 0.0326, 0.4991, 0.0, 0.0, 0.0, 0.0217, 0.0217, 0.3906, 3.2837, 0.0, 0.0, 0.0, 0.0122, 0.1892, 0.0, 0.0244, 0.116], "time": [0.06059, 0.077213, 0.058689, 0.065282, 0.065683, 0.056135, 0.057844, 0.048825, 0.046166, 0.053288, 0.096066, 0.053409, 0.052419, 0.053528, 0.0535, 0.053037, 0.080677, 0.104321, 0.047816, 0.084222, 0.048586, 0.046221, 0.046783, 0.064772, 0.092103, 0.107613, 0.186566, 0.040762, 0.083079, 0.040293, 0.039832, 0.080826, 0.099063, 0.13535, 0.172802, 0.197919], "score": [24.615036055224458, 27.76337222486369, 22.282848237121172, -14.998573604649389, -32.336884974170125, -29.20032612052966, 23.534736696339554, 19.36539024873637, 21.41251686067541, 23.01760127310458, 30.958305606722476, 10.630333974095931, 22.894650767299545, 20.43319002745144, 22.909464562683237, 22.922143203327796, 28.403527838225518, 32.205587278267885, 21.866869917754574, 29.020718435982616, 21.987324812930954, 21.499069747316977, 21.629378169517498, 25.4503438090726, 30.34833316582788, 32.804265961102494, 43.12738722651676, 18.012620035329743, 28.823427971009973, 20.073116349984126, 19.95795580714618, 28.429871508211615, 31.463008477092718, 36.78994427829431, 41.569212455632425, 44.48210197622402], "name": "(22) Circle14(3/4)|Special(1.49/0.3/0.04/1.1/0.88)"}