{"loss": [0.0, 0.1953, 1.2695, 7.7148, 9.2773, 8.7891, 0.0, 1.5625, 0.0977, 1.1719, 0.8057, 9.4971, 0.2197, 4.5654, 1.9287, 1.4648, 0.3418, 0.5371, 0.0, 0.0109, 1.6493, 0.0, 0.3581, 0.0, 0.0217, 0.0217, 0.293, 9.082, 0.0061, 0.0, 0.0427, 0.0, 0.2441, 0.0, 0.0122, 0.1038], "time": [0.042287, 0.062041, 0.051837, 0.051674, 0.050265, 0.042673, 0.044212, 0.044024, 0.043968, 0.046633, 0.084178, 0.047355, 0.046428, 0.046956, 0.047049, 0.046879, 0.071166, 0.093372, 0.042385, 0.074314, 0.041585, 0.040971, 0.041234, 0.057884, 0.080812, 0.095393, 0.164921, 0.041215, 0.083191, 0.040921, 0.040876, 0.081785, 0.099272, 0.138432, 0.17642, 0.187491], "score": [20.563803150195735, 24.898530389910356, 22.400808545341057, 9.202302583866512, 3.1234683112375823, 4.6999241045391535, 21.026649756915628, 20.469643615318738, 20.96654636662636, 21.298104881016194, 28.82510365741315, 2.1337059843464647, 21.536757183750893, 17.15282067539285, 20.883909610568413, 21.18699453619609, 26.645790396311845, 30.468683043739656, 20.58761763779384, 27.260561882539786, 19.83768840498519, 20.24129442501146, 20.28011697793367, 24.059093914775758, 28.42731765934632, 30.885611797391974, 40.57560295165493, 3.5562658945776437, 28.84283933479319, 20.228939665736316, 20.21744529794701, 28.598076858418292, 31.48868577439585, 37.20645105354715, 42.00231836855376, 43.295565588863155], "name": "(22) Circle16(3/4)|Special(1.98/0.18/0.12/1.08/0.83)"}