{"loss": [0.0, 0.0, 0.0, 0.0, 0.0, 0.0, 0.0, 0.0, 0.0, 0.0, 0.4395, 0.0, 0.0, 0.0, 0.0, 0.0, 0.0, 0.4395, 0.0, 0.0326, 0.0, 0.0, 0.0, 0.0, 0.0217, 0.0326, 0.1519, 0.0, 0.0, 0.0, 0.0, 0.0122, 0.1831, 0.0, 0.0183, 0.1587], "time": [0.036883, 0.055163, 0.038217, 0.039278, 0.039442, 0.038606, 0.039664, 0.038163, 0.037142, 0.039065, 0.069085, 0.039209, 0.038988, 0.038631, 0.038828, 0.047311, 0.057355, 0.076384, 0.035447, 0.06199, 0.035434, 0.035689, 0.03601, 0.049633, 0.068908, 0.078869, 0.140077, 0.034811, 0.070034, 0.034444, 0.034616, 0.067772, 0.083693, 0.112642, 0.146296, 0.162703], "score": [19.204947279281974, 23.48680480610336, 19.549168780283217, 19.818678058841364, 19.8600100704909, 19.648409604850976, 19.915822855207363, 19.53535256912452, 19.272259857110686, 19.76486782146544, 26.233255277377324, 19.801262586006985, 19.7453792062852, 19.65477041331188, 19.704821744943544, 21.751091926613707, 23.94890394151682, 27.584270507795278, 18.82737368832945, 24.897526462914648, 18.823920951810223, 18.891532494744833, 18.976301009416982, 22.278464938141497, 26.250209721022333, 28.083326660589755, 37.4182262829521, 18.657706182701023, 26.463937726649828, 18.559094805512473, 18.605375567292374, 26.03301716214633, 28.920043608068514, 33.562181097181394, 38.24853201631298, 40.32630091815498], "name": "(23) SquareDual(1/3)|Default"}