{"loss": [0.3906, 2.9297, 3.125, 9.2773, 7.7148, 8.9844, 2.0508, 3.9062, 0.9766, 0.0, 0.5371, 0.0, 0.0, 0.0, 0.0, 0.0, 0.0, 0.5859, 0.0, 0.0434, 0.0, 0.0, 0.0, 0.0, 0.0109, 1.0417, 4.2969, 0.0, 0.0061, 0.0, 0.0, 0.0122, 1.062, 0.6042, 2.9236, 10.1196], "time": [0.073663, 0.081175, 0.054054, 0.062243, 0.065545, 0.08082, 0.050527, 0.060431, 0.064572, 0.049904, 0.090761, 0.05022, 0.050468, 0.05043, 0.049952, 0.049882, 0.074491, 0.100476, 0.043549, 0.078352, 0.04429, 0.043465, 0.044193, 0.0619, 0.086322, 0.101322, 0.174822, 0.043542, 0.088575, 0.043128, 0.043165, 0.08604, 0.105244, 0.143348, 0.183908, 0.196835], "score": [27.099520033403007, 26.045784247270838, 20.979055565012985, 3.475757904703692, 10.364067976543181, 5.481242180074274, 21.532827397893694, 20.831788521903075, 25.168664235992793, 22.339203208709122, 30.03965831225954, 22.409819276379718, 22.465084019428904, 22.45662485771181, 22.34994407151839, 22.334278586961346, 27.293039405679977, 31.58913711679111, 20.868397159341203, 27.990900023746168, 21.04518947408172, 20.848261318392954, 21.022131195480632, 24.879710609249457, 29.38057094097823, 31.485705023207878, 34.09187664723338, 20.86671991473504, 29.761541304592622, 20.767281959852134, 20.776188293332346, 29.33253208918702, 32.07544404927085, 37.72311025159133, 39.21897076891879, -1.0675830850585561], "name": "(23) Circle16(3/4)|Special(1.05/0.3/0.02/1.03/0.8)"}