{"loss": [0.0, 0.0977, 0.0, 0.0, 0.0, 0.0, 0.0, 0.0, 0.0, 0.0, 0.8301, 0.0, 0.0, 0.0, 0.0, 0.0, 0.0, 0.4395, 0.0, 0.0326, 0.0, 0.0, 0.0, 0.0, 0.0326, 0.0434, 0.3581, 0.0, 0.0, 0.0, 0.0, 0.0061, 0.3052, 0.0, 0.0183, 0.1343], "time": [0.052729, 0.056232, 0.048264, 0.038189, 0.039585, 0.039859, 0.039882, 0.03933, 0.040129, 0.039274, 0.071018, 0.038887, 0.039022, 0.039851, 0.039079, 0.03896, 0.058887, 0.07725, 0.034709, 0.070184, 0.037093, 0.037939, 0.03569, 0.050353, 0.067444, 0.079346, 0.135856, 0.035773, 0.070673, 0.035384, 0.035248, 0.068255, 0.085503, 0.11461, 0.147739, 0.156816], "score": [22.9627959970035, 23.71102391239116, 21.969069165533618, 19.5420060382756, 19.895979493354936, 19.96471888106617, 19.97047821160024, 19.83179265724609, 20.0322240402807, 19.817668884104407, 26.465572017558493, 19.719787017105432, 19.753986939349737, 19.962715246178313, 19.76840914186066, 19.738287666360524, 24.266643772882972, 27.740197483131737, 18.630351580150066, 26.491981472319164, 19.259543089076647, 19.477936235648784, 18.891797161731333, 22.439474147136337, 25.96970667372058, 28.167891466901665, 36.81138300390418, 18.913751610931133, 26.58439391823707, 18.810635289643994, 18.774450724322136, 26.125648165096006, 29.213658989991835, 33.854098717880525, 38.436702573891885, 39.59285754996], "name": "(23) SquareDual(3/4)|Default"}