{"loss": [0.0, 5.0291, 0.0, 0.0, 0.0, 0.0, 0.0, 0.0, 0.0, 0.0, 5.2246, 0.0, 0.0, 0.0, 0.0, 0.0, 1.2939, 8.6426, 0.0, 3.125, 0.0, 0.0, 0.0, 0.6944, 3.5807, 7.9753, 28.4071, 0.0, 2.4414, 0.0, 0.0, 3.2043, 7.3181, 18.1641, 0.5371, 2.8198], "time": [0.203246, 0.308758, 0.221116, 0.215744, 0.198946, 0.19503, 0.198735, 0.229972, 0.226433, 0.263812, 0.460659, 0.2557, 0.261783, 0.259936, 0.254919, 0.260711, 0.390189, 0.506522, 0.280029, 0.497154, 0.269168, 0.271405, 0.265083, 0.394794, 0.516408, 0.632093, 1.009505, 0.275766, 0.531117, 0.276401, 0.274907, 0.514383, 0.655468, 0.873416, 0.818803, 0.907575], "score": [45.08281268953835, 41.512330008356024, 47.022973108896466, 46.44825077438331, 44.60336310190074, 44.16220103210437, 44.57970390211223, 47.95539594247972, 47.58497662077812, 51.36263233129704, 49.3452582774642, 50.566787519082126, 51.16473394829685, 50.983919033357964, 50.48950385971326, 51.059866823171404, 61.41933362144736, 18.00999045759242, 52.917766392772094, 63.623489324775825, 51.88140321926538, 52.096544991006844, 51.48621174644722, 62.52966129612253, 62.64786988669479, 28.93525543477091, -710.3152275295267, 52.51342685447218, 68.53394277570985, 52.573852816775755, 52.43157445661917, 64.356569305031, 37.60266022549409, -214.8892870638977, 90.22669820892222, 87.6918138834265], "name": "(23) Square|Special(1.73/0.93/0.28/1.83/0.77)+LNoise"}