{"loss": [0.0, 0.0977, 0.0, 0.0, 0.0, 0.0, 0.0, 0.0, 0.0, 0.0, 1.5625, 0.0, 0.0, 0.0, 0.0, 0.0, 0.0, 0.4639, 0.0, 0.0434, 0.0, 0.0, 0.0, 0.0, 0.0326, 0.0326, 0.1628, 0.0, 0.0, 0.0, 0.0, 0.0061, 0.2625, 0.0, 0.0, 0.1587], "time": [0.03984, 0.066846, 0.061419, 0.054677, 0.038081, 0.038797, 0.038561, 0.037108, 0.037338, 0.040321, 0.070338, 0.039274, 0.039149, 0.038774, 0.038524, 0.039174, 0.058255, 0.077035, 0.035567, 0.062121, 0.035734, 0.035508, 0.035574, 0.04915, 0.070659, 0.080027, 0.139407, 0.034654, 0.069427, 0.035154, 0.034743, 0.068116, 0.084059, 0.113297, 0.147545, 0.155165], "score": [19.959959919799438, 25.852125506415177, 24.782856978161334, 23.38311356513499, 19.5143536915779, 19.696954079247885, 19.63695495742657, 19.263436868845602, 19.323043238579167, 20.080089641234174, 25.87381921147168, 19.817668884104407, 19.786106236447836, 19.69111474752001, 19.627531683836356, 19.79242279257393, 24.136072588555084, 27.695449659121397, 18.859215254087324, 24.923615277367787, 18.903438840591942, 18.8435665413955, 18.861071019430472, 22.169799277395363, 26.581478163714642, 28.288743170941395, 37.32735101453576, 18.615584868598674, 26.34900377623412, 18.74939999039969, 18.639474241512286, 26.099032416563304, 28.972952231769106, 33.65961972453046, 38.41158679357051, 39.38106792490949], "name": "(23) SquareDual(2/3)|Default"}