{"loss": [0.0, 0.0977, 0.0, 1.2695, 0.293, 1.8555, 0.0, 0.0, 0.0, 0.0, 0.415, 0.0, 0.0, 0.0, 0.0, 0.0, 0.0, 0.6836, 0.0, 0.0217, 0.0, 0.0, 0.0, 0.0, 0.0109, 0.0326, 0.3798, 0.0, 0.0, 0.0, 0.0, 0.0061, 0.1709, 0.0061, 0.0183, 0.3967], "time": [0.053988, 0.065823, 0.047383, 0.04249, 0.042909, 0.042765, 0.042324, 0.043128, 0.042667, 0.040042, 0.073413, 0.041463, 0.040465, 0.040824, 0.040529, 0.041697, 0.062262, 0.080683, 0.036338, 0.065555, 0.036733, 0.03696, 0.036727, 0.051586, 0.07162, 0.084867, 0.146143, 0.032819, 0.064841, 0.031915, 0.031778, 0.063966, 0.078019, 0.106317, 0.137725, 0.149849], "score": [23.235317944887264, 25.65354451284594, 21.767636527652698, 20.28089563171816, 20.69670450321282, 19.967722877606583, 20.57279757349496, 20.767281959852134, 20.655991866768346, 20.01049724519608, 27.04816937892609, 20.36246546958398, 20.11591409804685, 20.204949888579282, 20.131815616083912, 20.41984329028996, 24.952354598313963, 28.27201516696566, 19.062528688503004, 25.603590103259855, 19.165855055279952, 19.224983745116663, 19.164289707682883, 22.71255159597882, 26.761881439214452, 29.131631630330453, 38.17351009021959, 18.11601501434573, 25.46389600984107, 17.864769799804307, 17.82638493918495, 25.291491137635926, 27.92372341453185, 32.60627560438379, 37.11119474593072, 38.64941573944975], "name": "(23) Circle16(3/4)|Special(1.07/0.19/0.64/1.04/0.94)"}