{"loss": [0.0, 0.0977, 0.0, 0.0, 0.0, 0.0, 0.0, 0.0, 0.0, 0.0, 0.8545, 0.0, 0.0, 0.0, 0.0, 0.0, 0.0, 0.4883, 0.0, 0.0543, 0.0, 0.0, 0.0, 0.0, 0.0217, 0.4123, 2.2244, 0.0, 0.0061, 0.0, 0.0, 0.0061, 0.3357, 0.2258, 0.9888, 6.8787], "time": [0.055413, 0.061305, 0.042438, 0.043331, 0.042136, 0.041373, 0.040816, 0.041991, 0.041617, 0.043744, 0.07945, 0.04397, 0.043694, 0.043951, 0.044051, 0.044781, 0.06608, 0.087698, 0.03995, 0.072459, 0.040324, 0.03989, 0.040559, 0.056914, 0.09027, 0.09228, 0.161423, 0.040066, 0.08309, 0.039486, 0.039738, 0.080317, 0.096625, 0.134786, 0.173266, 0.182928], "score": [23.539966015268586, 24.757483127025765, 20.600485431173702, 20.816099538578307, 20.52705531731232, 20.340353979220716, 20.202970078679026, 20.491705639111647, 20.400245096566856, 20.915066339842195, 27.981064193187724, 20.96902477465273, 20.903109816484246, 20.964493793077857, 20.98833009079093, 21.1615216844158, 25.706030420895402, 29.54323777354222, 19.987496091306685, 26.917415769396346, 20.080836635957176, 19.97248106770914, 20.139265130585077, 23.85665525592387, 30.044824821788467, 30.325984029714334, 38.189517417779015, 20.016493199359374, 28.825325351925088, 19.87108451997525, 19.93439239104117, 28.340243511321443, 31.04953149602898, 36.694494413827016, 41.21825224220134, 22.532770823146812], "name": "(24) Circle13(3/4)|Special(1.05/0.21/0.03/1.05/0.97)"}