{"loss": [0.0, 0.1953, 0.0, 0.0, 0.0, 0.0, 0.0, 0.0, 0.0, 0.0, 0.6836, 0.0, 0.0, 0.0, 0.0, 0.0, 0.0, 0.4883, 0.0, 0.0434, 0.0, 0.0, 0.0, 0.0, 0.0109, 0.0651, 0.3255, 0.0, 0.0, 0.0, 0.0, 0.0122, 0.1587, 0.0, 0.0061, 0.1709], "time": [0.058074, 0.070407, 0.057572, 0.044183, 0.044855, 0.04376, 0.044669, 0.044267, 0.044722, 0.045026, 0.082322, 0.045265, 0.044938, 0.048136, 0.04475, 0.044696, 0.068574, 0.090436, 0.042297, 0.075854, 0.044078, 0.044925, 0.044061, 0.059379, 0.081995, 0.096766, 0.168864, 0.037182, 0.076463, 0.037081, 0.038234, 0.071925, 0.08995, 0.124844, 0.160937, 0.179425], "score": [24.09854767408194, 26.5241966589625, 23.994165957582272, 21.01975261509992, 21.178999032060037, 20.91889098398861, 21.135041991914754, 21.039724332794858, 21.147576693323515, 21.219330809429405, 28.557731276224306, 21.27557284775195, 21.19858485842864, 21.939917957914062, 21.15419580130618, 21.141428523162762, 26.18663781396917, 30.000874749984803, 20.56623446331389, 27.541086128856044, 20.99476125132172, 21.195518394226642, 20.990712231841968, 24.367806630880835, 28.634735054404945, 31.1059155577015, 41.04952690314607, 19.282634674753343, 27.65194387380388, 19.256427498370513, 19.55351630781533, 26.818796746651284, 29.98411190103673, 35.3332704401956, 40.11693909444075, 42.346216674922076], "name": "(25) Circle12(3/4)|Special(1.0/0.1/0.09/1.17/0.97)"}