{"loss": [0.0, 0.0977, 0.0, 0.0, 0.0, 0.0, 0.0, 0.0, 0.0, 0.0, 0.6348, 0.0, 0.0, 0.0, 0.0, 0.0, 0.0, 0.6348, 0.0, 0.0434, 0.0, 0.0, 0.0, 0.0, 0.0, 0.0326, 0.3038, 0.0, 0.0061, 0.0, 0.0, 0.0061, 0.2014, 0.0, 0.0183, 0.1282], "time": [0.04175, 0.073618, 0.045986, 0.039166, 0.040183, 0.039184, 0.041057, 0.039445, 0.041303, 0.048812, 0.086608, 0.047927, 0.047814, 0.047623, 0.047766, 0.048041, 0.073666, 0.098552, 0.039588, 0.074646, 0.040368, 0.040153, 0.040291, 0.057237, 0.080035, 0.094306, 0.16245, 0.039416, 0.08161, 0.039072, 0.038709, 0.079581, 0.09732, 0.133656, 0.171857, 0.190061], "score": [20.43281674170255, 27.130047284803624, 21.444346574330496, 19.79040171396225, 20.045697792793344, 19.794948850653793, 20.262526989494674, 19.860765342755553, 20.323139521245235, 22.093437939804662, 29.310645860006183, 21.89223606669725, 21.86641260015003, 21.822694609053208, 21.85543410687603, 21.918257229989795, 27.14148116813082, 31.266488178953797, 19.89673340023432, 27.32090555272422, 20.091789367798977, 20.03821349322339, 20.07261816505261, 23.924255474308914, 28.290457755221986, 30.708955618477205, 40.26788717373101, 19.853463173965395, 28.56745338070044, 19.766638560969337, 19.674602918483515, 28.21009407567277, 31.183499837710478, 36.5589934215919, 41.45550011013169, 43.58882094882586], "name": "(25) SquareDual(2/3)|Factor3+Noise"}