{"loss": [0.0, 0.0977, 0.0, 0.0, 0.0, 0.0, 0.0, 0.0, 0.0, 0.0, 0.4639, 0.0, 0.0, 0.0, 0.0, 0.0, 0.0, 0.5127, 0.0, 0.0326, 0.0, 0.0, 0.0, 0.0, 0.0, 0.0326, 0.2279, 0.0, 0.0061, 0.0, 0.0, 0.0061, 0.2747, 0.0, 0.0183, 0.1465], "time": [0.053552, 0.073234, 0.04674, 0.039129, 0.037193, 0.040345, 0.039861, 0.038701, 0.038874, 0.047415, 0.086409, 0.047607, 0.047737, 0.048155, 0.047378, 0.047514, 0.072025, 0.096432, 0.040075, 0.073675, 0.040417, 0.040164, 0.039853, 0.056951, 0.078805, 0.094014, 0.16452, 0.038696, 0.080913, 0.038648, 0.03888, 0.079818, 0.097373, 0.132218, 0.174713, 0.190625], "score": [23.141305062593165, 27.059198042790648, 21.619435700313733, 19.781051539288804, 19.28548677114477, 20.08606482116395, 19.965219758369805, 19.672569735548024, 19.716490559934847, 21.77498564867495, 29.33214794343332, 21.8190283926668, 21.84879859397308, 21.9442475377945, 21.766488003350474, 21.797706301351987, 26.837473800639284, 30.971874581426093, 20.0187412191676, 27.14285062985487, 20.103979705520995, 20.040958060931118, 19.963216173753164, 23.864408645512253, 28.072228269234344, 30.661376636453507, 40.53999830249446, 19.671298889498885, 28.445199908694015, 19.659094587493087, 19.71801207018598, 28.252069056877133, 31.181100035038448, 36.36179313510268, 41.79854421020283, 43.651252439374474], "name": "(25) SquareDual(1/4)|Factor3+Noise"}