{"loss": [0.0, 0.1953, 0.0977, 6.1523, 2.6367, 4.4922, 0.0, 0.293, 0.0, 0.0, 0.3662, 3.4424, 0.0, 1.0254, 0.0244, 0.0244, 0.0, 0.6348, 0.0, 0.0651, 1.5082, 0.0, 0.51, 0.0, 0.0217, 0.0543, 0.2604, 8.5815, 0.0061, 0.0, 0.0305, 0.0061, 0.1648, 0.0, 0.0183, 0.1404], "time": [0.046752, 0.070061, 0.048016, 0.044997, 0.046909, 0.047364, 0.046592, 0.046716, 0.047173, 0.048196, 0.088221, 0.049818, 0.048857, 0.048755, 0.04845, 0.048644, 0.074001, 0.096673, 0.044369, 0.080691, 0.046716, 0.0441, 0.045558, 0.062933, 0.086742, 0.102588, 0.177834, 0.045997, 0.090221, 0.044701, 0.044901, 0.089273, 0.109499, 0.150363, 0.190615, 0.188402], "score": [21.622210802783325, 26.458942672234244, 21.9104618629077, 13.183397760172019, 20.15274723607875, 17.37147384678608, 21.585180101171268, 21.595329122810174, 21.71934621483805, 21.95358740616212, 29.662188999589457, 19.675006323501115, 22.103619613085996, 21.848369703426236, 22.011229656218056, 22.05525352107461, 27.203124820505455, 30.966989108385018, 21.063950246807934, 28.40495744753523, 21.122240478111486, 21.0, 21.28880351100718, 25.086450526130633, 29.451856152561216, 32.0284171471747, 42.14177379283104, 5.652946345737707, 30.036799572781433, 21.142611002428247, 21.189658945056333, 29.87857653286812, 33.08164601744816, 38.77666824264303, 43.65933156851932, 43.39674309361891], "name": "(25) Circle11(3/4)|Special(1.12/0.23/0.96/1.05/0.97)"}