{"loss": [0.0, 0.0977, 0.0, 0.0, 0.0, 0.0, 0.0, 0.0, 0.0, 0.0, 0.4883, 0.0, 0.0, 0.0, 0.0, 0.0, 0.0, 0.5615, 0.0, 0.0543, 0.0, 0.0, 0.0, 0.0, 0.0, 0.0326, 0.3147, 0.0, 0.0061, 0.0, 0.0, 0.0122, 0.2502, 0.0, 0.0122, 0.1282], "time": [0.046353, 0.070354, 0.039808, 0.040348, 0.038285, 0.039624, 0.041134, 0.040511, 0.038054, 0.048001, 0.087838, 0.047671, 0.047695, 0.056148, 0.055776, 0.05637, 0.082997, 0.104743, 0.042294, 0.074708, 0.03938, 0.040027, 0.040339, 0.057053, 0.079771, 0.09557, 0.16389, 0.038856, 0.080375, 0.040313, 0.04377, 0.075553, 0.094654, 0.129253, 0.171245, 0.191336], "score": [21.529746863351644, 26.521796631140983, 19.951942261343884, 20.086811593680068, 19.566553094502876, 19.905778055629977, 20.28151868080889, 20.12734458392363, 19.50743448021805, 21.909130516750317, 29.566809599116926, 21.833689564523905, 21.839184966477116, 23.695569206077327, 23.61694307060082, 23.74236719453223, 28.809199919470167, 32.26198521503765, 20.56550509955931, 27.331958317897694, 19.844394674567425, 20.00674886132177, 20.084571192833568, 23.885769822218418, 28.2437603728682, 30.914069394262906, 40.44323679552877, 19.711925324533876, 28.3504744554542, 20.078097519436447, 20.921281031523858, 27.48686506206137, 30.74663074370184, 35.95177325251148, 41.38169767400359, 43.7347815939099], "name": "(25) SquareDual|Factor3+Noise"}