{"loss": [0.0, 0.0, 0.0, 0.0, 0.0, 0.0, 0.0, 0.0, 0.0, 0.0, 0.7324, 0.0, 0.0, 0.0, 0.0, 0.0, 0.0, 0.6104, 0.0, 0.0434, 0.0, 0.0, 0.0, 0.0, 0.0217, 0.0543, 0.9766, 0.0, 0.0, 0.0, 0.0, 0.0061, 0.2136, 0.0061, 0.061, 2.3438], "time": [0.04844, 0.071942, 0.067825, 0.053085, 0.048493, 0.047564, 0.048805, 0.049209, 0.047192, 0.047666, 0.085399, 0.047737, 0.047235, 0.047086, 0.04717, 0.047234, 0.071658, 0.094291, 0.042516, 0.076723, 0.04283, 0.042459, 0.042685, 0.059786, 0.083119, 0.09779, 0.184164, 0.036147, 0.076466, 0.037061, 0.036882, 0.073792, 0.090196, 0.124035, 0.161112, 0.172838], "score": [22.009089031579656, 26.8220058906861, 26.043233286210832, 23.04018229094553, 22.021126220064225, 21.809172382279893, 22.091853702213402, 22.183101676726817, 21.723719755143225, 21.832544515012444, 29.0663516957184, 21.84879859397308, 21.733614517608434, 21.699308744750372, 21.718655575334306, 21.733384458017575, 26.769011935445057, 30.59242958021391, 20.6194083329275, 27.698395220615613, 20.695410119154438, 20.605581768054986, 20.660348496576724, 24.451175840846588, 28.83023017662621, 31.270470643767528, 42.50503886344753, 19.012364397938516, 27.65248632582611, 19.25123372669918, 19.204686927935064, 27.164672846180903, 30.018946516773312, 35.21858993389289, 40.13726575989365, 39.28997589860725], "name": "(25) Circle14(3/4)|Special(1.16/0.17/0.2/1.07/0.88)"}