{"loss": [0.0, 0.0977, 0.0, 0.0, 0.0, 0.0, 0.0, 0.0, 0.0, 0.0, 0.6104, 0.0, 0.0, 0.0, 0.0, 0.0, 0.0, 0.4395, 0.0, 0.0434, 0.0, 0.0, 0.0, 0.0, 0.0, 0.0326, 0.3364, 0.0, 0.0061, 0.0, 0.0, 0.0122, 0.2014, 0.0, 0.0183, 0.1709], "time": [0.074491, 0.077014, 0.051956, 0.052281, 0.048293, 0.051726, 0.050554, 0.05243, 0.049469, 0.04671, 0.087409, 0.050667, 0.053486, 0.046614, 0.04616, 0.047132, 0.072001, 0.093732, 0.039506, 0.071966, 0.040836, 0.039388, 0.03941, 0.055883, 0.077561, 0.093874, 0.161255, 0.038733, 0.08029, 0.038591, 0.0384, 0.078172, 0.0959, 0.133511, 0.171105, 0.188387], "score": [27.293039405679977, 27.748747410002686, 22.793858822059946, 22.865038814749475, 21.97566836298728, 22.743350676626346, 22.484216686378026, 22.897598127314573, 22.241627638282228, 21.612496385193452, 29.45485736837306, 22.509331398333448, 23.127040450520255, 21.590275588792284, 21.484878403193257, 21.709905573263093, 26.833002068348595, 30.556544927609345, 19.87611632085101, 26.825974163104103, 20.20791923974361, 19.84641025475388, 19.85195204507607, 23.6395854447577, 27.849775582578758, 30.638538591120483, 40.11112541373358, 19.68070120702004, 28.335479570353687, 19.64459213116933, 19.595917942265423, 27.959214455660874, 30.955164018122115, 36.53915707840015, 41.36470161561062, 43.3908944830379], "name": "(25) SquareDual|Special(1.48/0.39/0.84/1.34/0.72)+Noise"}