{"loss": [0.9766, 2.6367, 4.2969, 6.4453, 9.082, 12.5977, 1.7578, 4.9805, 1.6602, 0.0, 0.5859, 0.0, 0.0, 0.0, 0.0, 0.0, 0.0, 0.5615, 0.0, 0.0651, 0.0, 0.0, 0.0, 0.0, 0.0109, 0.7704, 2.8971, 0.0122, 0.0061, 0.0, 0.0, 0.0061, 0.1953, 0.0061, 0.0183, 1.3733], "time": [0.070975, 0.092605, 0.069248, 0.067442, 0.065094, 0.062567, 0.063669, 0.063241, 0.064617, 0.059526, 0.107577, 0.060293, 0.060226, 0.060305, 0.060208, 0.059973, 0.091228, 0.118496, 0.05241, 0.095601, 0.052724, 0.052129, 0.052583, 0.074062, 0.103052, 0.121766, 0.208051, 0.052481, 0.105021, 0.051325, 0.050856, 0.102805, 0.123667, 0.149762, 0.191152, 0.208724], "score": [26.387044447757358, 28.315444814646227, 21.456381556757115, 15.181335394361628, 4.4692747360177645, -14.683375289590199, 24.45306102024531, 18.90976500412285, 24.719235265325626, 24.397950733616952, 32.68634112288697, 24.554632964066066, 24.54098612525585, 24.557076373216745, 24.537318516904, 24.489385455743882, 30.203973248564502, 34.31471756763419, 22.893230440459906, 30.918101010868405, 22.961707253599414, 22.83177610261628, 22.93098340673596, 27.214334458149075, 32.10167520986764, 34.68787793621627, 41.7842557858705, 22.90869786231323, 32.406931641762434, 22.655021518418383, 22.551274908527898, 32.06320687213511, 35.15290594452042, 38.6990811967339, 43.72078678435215, 44.82469929783206], "name": "(26) Circle13(3/4)|Special(1.35/0.31/0.37/1.02/0.82)"}