{"loss": [0.0, 0.293, 0.0977, 3.125, 1.2695, 3.0273, 0.0, 0.1953, 0.0977, 0.0, 0.6348, 0.0, 0.0, 0.0, 0.0, 0.0, 0.0, 0.5615, 0.0, 0.0434, 0.0, 0.0, 0.0, 0.0, 0.0326, 0.0434, 0.3906, 0.0, 0.0061, 0.0, 0.0, 0.0061, 0.1526, 0.0, 0.0122, 0.8301], "time": [0.079602, 0.091246, 0.07191, 0.053503, 0.055271, 0.054631, 0.05301, 0.05177, 0.053472, 0.048437, 0.087246, 0.048615, 0.047958, 0.053193, 0.048384, 0.048376, 0.074199, 0.112819, 0.042186, 0.077708, 0.04271, 0.042661, 0.042668, 0.060106, 0.083606, 0.099633, 0.170449, 0.042614, 0.086325, 0.041815, 0.042124, 0.083991, 0.101742, 0.140227, 0.18166, 0.196069], "score": [28.213826397707916, 30.18102047507432, 26.81348030732162, 20.871856573387724, 23.13089438686512, 21.231220933388165, 23.023900625219873, 22.74434329929359, 23.121806238323916, 22.00840748441377, 29.4184065718734, 22.048809491670973, 21.899315057782058, 23.06360769697577, 21.996363335788033, 21.994544778194435, 27.239493387359463, 33.482641008482375, 20.53923075482624, 27.87562962050537, 20.66639784771405, 20.65453945262397, 20.65623392586364, 24.51652503924649, 28.91439484879318, 31.56410092821878, 41.222481034994146, 20.643158673032573, 29.381105451794514, 20.448716341130073, 20.524132137559434, 28.981190019374537, 31.889594021636192, 37.44689573249029, 42.62152733477702, 43.974563092820496], "name": "(26) Circle16(3/4)|Special(1.12/0.16/0.24/1.13/0.76)"}