{"loss": [3.3203, 1.2695, 2.1484, 6.7383, 22.5586, 2.7344, 0.6836, 10.9375, 2.7344, 0.0, 0.3906, 2.8564, 0.0, 2.0996, 0.0244, 0.0977, 0.0732, 0.6104, 0.0, 0.0543, 0.0, 0.0, 0.0, 0.0217, 0.0109, 0.0651, 0.4015, 0.0, 0.0366, 0.0, 0.0, 0.0122, 0.1831, 0.1404, 0.0427, 1.2207], "time": [0.070877, 0.104286, 0.068766, 0.068355, 0.070588, 0.069333, 0.069026, 0.087716, 0.070426, 0.075354, 0.136801, 0.07828, 0.076289, 0.076665, 0.07682, 0.0778, 0.116987, 0.149577, 0.071363, 0.125872, 0.071518, 0.07015, 0.070545, 0.099548, 0.140036, 0.164175, 0.282342, 0.06376, 0.129228, 0.062523, 0.063166, 0.125182, 0.154484, 0.211099, 0.27247, 0.295795], "score": [23.687739993021168, 31.772893683246924, 25.01290484369978, 14.27382950154542, -108.63565540109926, 24.362394310123328, 26.150024475744758, -5.8134709980760375, 24.55367387013335, 27.45068305161094, 36.93018932374835, 25.695786384944387, 27.620463428407565, 26.46784992980056, 27.716256112905814, 27.889988927501516, 34.201529709564255, 38.53108667981221, 26.71385408360239, 35.477398081421136, 26.742849511598422, 26.485845276298054, 26.560308733145405, 31.551079613707827, 37.42133980052751, 40.51679710799402, 53.050207387455266, 25.25074256333861, 35.94781465541339, 25.00459957687785, 25.132847033314786, 35.38101572291272, 39.29127561644947, 45.93645435352856, 52.197707253676725, 53.57661301308299], "name": "(26) Circle15(3/4)Dual(2/3)|Special(1.13/0.3/0.5/1.05/0.95)"}