{"loss": [0.0, 0.1953, 0.0, 0.0, 0.0, 0.0, 0.0, 0.0, 0.0, 0.0, 0.5127, 0.0, 0.0, 0.0, 0.0, 0.0, 0.0, 0.5859, 0.0, 0.0326, 0.0, 0.0, 0.0, 0.0, 0.0217, 0.0434, 0.4666, 0.0, 0.0, 0.0, 0.0, 0.0122, 0.1831, 0.0, 0.0183, 0.3723], "time": [0.049411, 0.085552, 0.050657, 0.051191, 0.052174, 0.051035, 0.051115, 0.048033, 0.049569, 0.053062, 0.104237, 0.053541, 0.052762, 0.052612, 0.053073, 0.053088, 0.080059, 0.105435, 0.049444, 0.088331, 0.053066, 0.049262, 0.049244, 0.068599, 0.097416, 0.114915, 0.199295, 0.04441, 0.090113, 0.043609, 0.043623, 0.087924, 0.108268, 0.148413, 0.191309, 0.209102], "score": [22.228585200142632, 29.238117211030225, 22.507109987734985, 22.625428172744048, 22.84162866347319, 22.59092738246927, 22.608626672135575, 21.91643219139466, 22.26409665807261, 23.035190470234884, 32.200888619859995, 23.138928237928393, 22.969980409221076, 22.93730585748902, 23.03757799769759, 23.04083331826347, 28.294699150194198, 32.3592908486871, 22.236006835760776, 29.720215765856317, 23.036058690670156, 22.19504449195811, 22.19098916227035, 26.191410805834803, 31.21138935673247, 33.89847652252554, 44.54527496929306, 21.07368026710095, 30.018827425467503, 20.88276801575883, 20.886119792819347, 29.651937250040106, 32.89307178633385, 38.52440784749325, 43.73873782503621, 45.664290260036914], "name": "(27) Circle10(3/4)|Special(1.2/0.05/0.69/1.03/1.0)"}