{"loss": [0.0, 0.1953, 0.0, 2.2461, 1.0742, 2.9297, 0.0, 0.0, 0.0, 0.0, 0.5859, 0.3418, 0.0, 0.0, 0.0, 0.0, 0.0, 0.5859, 0.0, 0.0543, 0.0, 0.0, 0.0, 0.0, 0.0109, 0.0651, 0.3255, 0.0122, 0.0061, 0.0, 0.0, 0.0061, 0.2075, 0.0061, 0.0061, 0.1526], "time": [0.066704, 0.075078, 0.063731, 0.055095, 0.053768, 0.054591, 0.056025, 0.052123, 0.054586, 0.04797, 0.085665, 0.048534, 0.04782, 0.047497, 0.055686, 0.068311, 0.07456, 0.124891, 0.07099, 0.100413, 0.066743, 0.059835, 0.059748, 0.079903, 0.103928, 0.121959, 0.201121, 0.045665, 0.08429, 0.041259, 0.043516, 0.082975, 0.101559, 0.140346, 0.177153, 0.195974], "score": [25.827117531772686, 27.389913889209275, 25.244999504852437, 22.288153542372978, 22.920361085862343, 21.359290131376, 23.66960075708925, 22.830462106580324, 23.36364697559009, 21.902054698132776, 29.168110993705366, 22.004695948095144, 21.86778452427223, 21.79380645963435, 23.59788126082509, 26.13637312252792, 27.305677065401618, 35.21860631010454, 26.643948656308435, 31.6870760331034, 25.83466663225984, 24.461193756642377, 24.443404018262267, 28.26711870707731, 32.237827632524045, 34.92114874253358, 44.79900103382642, 21.369338797569092, 29.03272933628419, 20.312311537587245, 20.86048896838231, 28.805370723185714, 31.854601525296996, 37.462767590572675, 42.089531734477866, 44.25864193997143], "name": "(27) Circle16(3/4)|Special(1.91/0.21/0.13/1.05/0.75)"}