{"loss": [0.0, 0.1953, 0.0, 0.6836, 0.0977, 0.5859, 0.0, 0.0, 0.0, 0.0, 0.708, 0.0, 0.0, 0.0, 0.0, 0.0, 0.0, 0.5859, 0.0, 0.0543, 0.0, 0.0, 0.0, 0.0, 0.0109, 0.0434, 0.2821, 0.0, 0.0, 0.0, 0.0, 0.0122, 0.1953, 0.0, 0.0122, 0.1953], "time": [0.068333, 0.085553, 0.055384, 0.053206, 0.053024, 0.054115, 0.054533, 0.055506, 0.053086, 0.056689, 0.104035, 0.058364, 0.058853, 0.057774, 0.057246, 0.057576, 0.085655, 0.113857, 0.052961, 0.096164, 0.053984, 0.052138, 0.053147, 0.075529, 0.103915, 0.123371, 0.212067, 0.048898, 0.096856, 0.047543, 0.047788, 0.095214, 0.118276, 0.160583, 0.20611, 0.230536], "score": [26.140581477847814, 29.23828808974593, 23.53380547212881, 22.958634343027548, 23.02474275512672, 23.182775294805506, 23.352301813739903, 23.559711373444284, 23.04039930209544, 23.80945190465333, 32.09277707473219, 24.15864234595976, 24.259637260272463, 24.036222664969635, 23.926136336650764, 23.994999479058134, 29.266875473818523, 33.62687136582463, 23.013257048927255, 31.00940652636775, 23.23445717033217, 22.83374695489113, 23.05363311931549, 27.48253991173305, 32.23581130936891, 35.1235465905928, 46.014085531146335, 22.112892167240357, 31.121696611849426, 21.80435736269244, 21.860466600692675, 30.8567199435027, 34.378160411848796, 40.07280873609935, 45.39927162986303, 47.99585097085072], "name": "(28) Circle9(3/4)|Special(1.01/0.17/0.6/1.11/0.99)"}