{"loss": [0.0, 0.0977, 0.0, 0.1953, 0.0, 0.0977, 0.0, 0.0, 0.0, 0.0, 0.4639, 0.0, 0.0, 0.0, 0.0, 0.0, 0.0, 0.5371, 0.0, 0.0651, 0.0, 0.0, 0.0, 0.0, 0.0217, 0.0326, 0.3364, 0.0, 0.0, 0.0, 0.0, 0.0061, 0.1709, 0.0, 0.0244, 1.2146], "time": [0.06493, 0.087934, 0.056387, 0.057869, 0.0554, 0.057711, 0.061869, 0.085677, 0.062682, 0.059368, 0.112873, 0.067684, 0.064007, 0.057632, 0.057321, 0.057292, 0.095533, 0.112033, 0.051182, 0.093672, 0.051917, 0.05168, 0.051315, 0.072892, 0.10194, 0.118726, 0.206226, 0.046211, 0.093646, 0.045384, 0.045214, 0.091104, 0.110179, 0.152998, 0.195256, 0.215112], "score": [25.481365740477884, 29.650837035499013, 23.74594702259735, 24.046800936250968, 23.53720459187964, 24.020820793885434, 24.873479853048305, 29.270633747836754, 25.036373539312756, 24.36554944999189, 33.5242762940156, 26.0161488310626, 25.299604739995445, 24.006665740997853, 23.941804443274528, 23.935747324869556, 30.90841309417227, 33.37477412216435, 22.623439172681064, 30.60458470732569, 22.78530228019808, 22.733235581412515, 22.652814394683944, 26.99851847787208, 31.927893753225938, 34.45627322687908, 45.36072232213147, 21.49674393949, 30.601633943304403, 21.30352083576797, 21.26358389359611, 30.183427936603856, 33.18352751837948, 39.11495877538413, 44.18751804012958, 45.69594327900866], "name": "(28) Circle11(3/4)|Special(1.01/0.07/0.58/1.04/0.88)"}