{"loss": [0.0, 3.6133, 0.1953, 1.4648, 0.3906, 0.3906, 0.0, 0.0977, 0.0, 0.0, 1.3916, 0.0244, 0.0, 0.0, 0.0, 0.0, 0.0488, 1.5625, 0.0, 0.0651, 0.0, 0.0, 0.0, 0.0217, 0.0434, 1.7253, 5.5447, 0.0, 0.0061, 0.0, 0.0, 0.0061, 1.2817, 1.7944, 4.0649, 12.2009], "time": [0.061781, 0.099508, 0.063063, 0.078386, 0.062774, 0.063337, 0.063846, 0.064286, 0.060148, 0.076023, 0.135753, 0.075669, 0.075536, 0.07531, 0.076476, 0.076306, 0.113916, 0.150097, 0.067264, 0.120486, 0.067341, 0.066923, 0.067976, 0.094415, 0.131033, 0.155389, 0.267139, 0.058413, 0.119304, 0.057907, 0.058131, 0.116101, 0.139747, 0.194157, 0.249089, 0.265565], "score": [24.855784035109412, 27.426407896649703, 25.10276918630529, 27.39677460055379, 25.016514464465832, 25.128446626453094, 25.26776602709468, 25.352263807294882, 24.52508919453709, 27.57226867706029, 36.13115823049471, 27.507835065080148, 27.483813418083013, 27.442667508826467, 27.654294422385828, 27.62354068543712, 33.750640643138006, 37.796495830373416, 25.935304123915724, 34.70962226803173, 25.95014450826816, 25.86948008754718, 26.072207424765555, 30.726879246110645, 36.197798810996545, 38.246029573169075, 35.79545982521725, 24.168781516659045, 34.540398262611234, 24.06387333743261, 24.110371212405667, 34.073584137518004, 36.76864307842489, 42.64447002678745, 41.66217741785322, -25.18003384228238], "name": "(28) Circle10(3/4)|Special(1.21/0.14/0.04/1.04/0.81)"}