{"loss": [0.0, 0.0977, 0.0, 0.0, 0.0, 0.0, 0.0, 0.0, 0.0, 0.0, 0.6104, 0.0, 0.0, 0.0, 0.0, 0.0, 0.0, 0.5127, 0.0, 0.0543, 0.0, 0.0, 0.0, 0.0, 0.0, 0.0326, 0.2821, 0.0, 0.0061, 0.0, 0.0, 0.0061, 0.2563, 0.0, 0.0183, 0.1099], "time": [0.051936, 0.089878, 0.05759, 0.05978, 0.044002, 0.063222, 0.060989, 0.066613, 0.053392, 0.066813, 0.113244, 0.065586, 0.06203, 0.061981, 0.061795, 0.061754, 0.092769, 0.124933, 0.050975, 0.093236, 0.051525, 0.051522, 0.051362, 0.071432, 0.101491, 0.121371, 0.21107, 0.050448, 0.10536, 0.049934, 0.050115, 0.101994, 0.124631, 0.173717, 0.222746, 0.244628], "score": [22.789471253190584, 29.976798125785397, 23.997916576236364, 24.449948875202175, 20.976653689280376, 25.14398536429736, 24.69595108514754, 25.809494377069846, 23.10670898245789, 25.848210769799906, 33.5263634477887, 25.609763763065057, 24.905822612393273, 24.8959836118198, 24.858600121487132, 24.850352110181458, 30.458003874187163, 35.252951968155415, 22.577643809751276, 30.53367026297081, 22.699118925632334, 22.698458097412697, 22.66318600726738, 26.726765610526087, 31.857652141989373, 34.837970699917236, 45.90579407098152, 22.460632226186334, 32.459193087799115, 22.345916852973385, 22.38637978771914, 31.936487611520356, 35.27992550231305, 41.67937139641144, 47.19581635000493, 49.4539089638005], "name": "(28) Circle15(3/4)|Factor3+Noise"}