{"loss": [0.0, 0.0977, 0.0, 0.0, 0.0, 0.0, 0.0, 0.0, 0.0, 0.0, 0.5127, 0.0, 0.0, 0.0, 0.0, 0.0, 0.0, 0.5859, 0.0, 0.0326, 0.0, 0.0, 0.0, 0.0, 0.0109, 0.0868, 0.8247, 0.0, 0.0, 0.0, 0.0, 0.0061, 0.1526, 0.0, 0.0061, 0.6042], "time": [0.052665, 0.080805, 0.071242, 0.05976, 0.071024, 0.067904, 0.049129, 0.051211, 0.051531, 0.062373, 0.110724, 0.062718, 0.060894, 0.060894, 0.06156, 0.061595, 0.092871, 0.122061, 0.056069, 0.101718, 0.056663, 0.0559, 0.055914, 0.078601, 0.109983, 0.130412, 0.223587, 0.049803, 0.100434, 0.049051, 0.052472, 0.101944, 0.118367, 0.164472, 0.212632, 0.233976], "score": [22.948856180646562, 28.42350692526628, 26.691197050713182, 24.445858544956035, 26.650328328183875, 26.058395959843732, 22.165062598603235, 22.629847546989794, 22.700440524359873, 24.974587083673676, 33.18774834027023, 25.043562046961288, 24.67670966721455, 24.67670966721455, 24.811287753762397, 24.81833999283594, 30.47474364125152, 34.8172973210792, 23.67889355523184, 31.89292052714129, 23.803991261971174, 23.643180835073778, 23.646141334264243, 28.035869881278874, 33.16364555632427, 36.10988086855773, 46.96338762167361, 22.31658576037114, 31.691323733791872, 22.14746035101993, 22.90676755895515, 31.928658620945747, 34.39649382427033, 40.55514763874002, 46.112020315672034, 48.194483460486474], "name": "(28) Circle10(3/4)|Special(1.22/0.11/0.69/1.02/0.91)"}