{"loss": [0.0977, 0.0977, 0.7813, 5.957, 4.1992, 4.8828, 0.4883, 1.1719, 0.3906, 0.0, 0.7813, 0.0, 0.0, 0.0, 0.0, 0.0, 0.0, 0.5859, 0.0, 0.0109, 0.0, 0.0, 0.0, 0.0, 0.0109, 0.0434, 0.4232, 0.0, 0.0, 0.0, 0.0, 0.0061, 0.2136, 0.0061, 0.0122, 0.9521], "time": [0.067513, 0.099119, 0.066002, 0.069964, 0.067465, 0.066521, 0.068948, 0.066174, 0.065725, 0.066581, 0.121533, 0.067389, 0.066822, 0.067087, 0.066908, 0.067323, 0.100547, 0.132907, 0.060082, 0.095671, 0.061565, 0.060624, 0.060252, 0.076993, 0.103516, 0.124378, 0.215149, 0.054811, 0.110843, 0.053647, 0.054387, 0.107936, 0.132906, 0.18237, 0.233656, 0.260808], "score": [25.980783666366346, 31.480164947329673, 25.53402980095773, 17.06445026430981, 21.393952679382853, 19.642484605980368, 26.19534253457529, 25.37102289315646, 25.597773707795206, 25.803294363317253, 34.64877798507521, 25.959391364205747, 25.849951644055352, 25.901158275258656, 25.866580755871077, 25.946676087699554, 31.70914694532163, 36.3312651919269, 24.511629892767232, 30.93069230824051, 24.81229533920633, 24.621941434419828, 24.546282814308157, 27.74761250990795, 32.173864241869815, 35.26660099522113, 46.301083569506304, 23.411749187106885, 33.29309237664774, 23.16182203540991, 23.321020560858823, 32.853602492579675, 36.43964201903322, 42.704784776447624, 48.33790484219779, 50.60642365839427], "name": "(29) Circle9(3/4)|Special(1.28/0.29/0.17/1.07/0.98)"}