{"loss": [0.0, 0.3906, 0.0, 0.0, 0.0, 0.0, 0.0, 0.0, 0.0, 0.0, 6.8115, 0.0, 0.0, 0.0, 0.0, 0.0, 7.6416, 11.8408, 0.0, 2.1593, 0.0, 0.0, 0.0, 1.3889, 5.0022, 2.615, 6.6515, 0.0, 0.0122, 0.0, 0.0, 0.354, 0.5615, 5.4016, 2.7283, 5.0903], "time": [0.105377, 0.136168, 0.069761, 0.074372, 0.071179, 0.080416, 0.071261, 0.074228, 0.073551, 0.081963, 0.150279, 0.082355, 0.081775, 0.082387, 0.080257, 0.082188, 0.123107, 0.166928, 0.085907, 0.154324, 0.085408, 0.085242, 0.08626, 0.12146, 0.16885, 0.204083, 0.342577, 0.084393, 0.169927, 0.084782, 0.083807, 0.172569, 0.206356, 0.278303, 0.368667, 0.402727], "score": [32.46182373188543, 36.84464932534799, 26.41230773711377, 27.271230261944545, 26.67939279668861, 28.357714999625767, 26.69475603934226, 27.244816020667123, 27.12028760909441, 28.629180917378687, 20.779832116342757, 28.69756087196262, 28.596328435657608, 28.703135717199956, 28.329666429381057, 28.668449556960695, 14.598116023341978, -16.426299712108918, 29.30989593976751, 37.452442566474076, 29.224647132172528, 29.19623263368067, 29.370052774893, 34.17881888290841, 30.80947912857766, 42.08634096912421, 32.63493604279972, 29.05047331800293, 41.22214140018479, 29.117348780409248, 28.949438681950294, 41.48936705566871, 45.28320257654098, 37.36212167043679, 56.19834016503953, 47.017356015518544], "name": "(30) SquareDual|Special(1.92/0.22/0.57/1.87/0.61)+LNoise"}