{"loss": [0.0, 0.1953, 0.0, 0.0, 0.0, 0.0, 0.0, 0.0, 0.0, 0.0, 0.5371, 0.0, 0.0, 0.0, 0.0, 0.0, 0.0, 0.5371, 0.0, 0.0434, 0.0, 0.0, 0.0, 0.0, 0.0109, 0.0326, 0.3038, 0.0, 0.0061, 0.0, 0.0, 0.0122, 0.2258, 0.0061, 0.0183, 0.1648], "time": [0.063098, 0.062624, 0.099402, 0.046729, 0.078786, 0.068313, 0.059007, 0.044, 0.086266, 0.068499, 0.109915, 0.072864, 0.061078, 0.064189, 0.053866, 0.077265, 0.085118, 0.125934, 0.054115, 0.111699, 0.067974, 0.05995, 0.059056, 0.08723, 0.12683, 0.145089, 0.243592, 0.065194, 0.129029, 0.062665, 0.060123, 0.123483, 0.150316, 0.208337, 0.267886, 0.293414], "score": [25.119315277292092, 25.015242734336095, 31.528082720013277, 21.61689154342039, 28.068843937718558, 26.136755728284257, 24.291356487442194, 20.97617696340303, 29.371074205755566, 26.172313615727592, 33.0577913668728, 26.993332510084784, 24.713963664293107, 25.335548148796782, 23.209049959013832, 27.796582523756406, 29.174989288772668, 35.384808638916105, 23.262630977600104, 33.420770817600804, 26.07182387175857, 24.48468909339059, 24.301440286534458, 29.5347253246073, 35.61315748803145, 38.09014519802654, 49.309488311431345, 25.53311575190149, 35.920593533046755, 25.032978248702246, 24.519991843391793, 35.1400956766027, 38.750839981338835, 45.64393113609228, 51.75753140907645, 54.1529911261936], "name": "(30) Circle16(1/4)Dual(1/3)|Default+Noise"}