{"loss": [0.0977, 0.293, 0.6836, 0.3906, 10.7422, 0.0, 0.1953, 4.2969, 0.0, 0.0, 1.001, 0.0, 0.0, 0.0488, 0.0, 0.0, 0.0, 0.5371, 0.0, 0.0543, 0.0, 0.0, 0.0, 0.0326, 0.0109, 0.0651, 0.4015, 0.0, 0.0244, 0.0, 0.0, 0.0061, 0.2136, 0.238, 0.0671, 0.647], "time": [0.056862, 0.111326, 0.060809, 0.060994, 0.062793, 0.062211, 0.063079, 0.060384, 0.06758, 0.077012, 0.122528, 0.076629, 0.071123, 0.073552, 0.073215, 0.074382, 0.110912, 0.148533, 0.068893, 0.12509, 0.069559, 0.068501, 0.069169, 0.098834, 0.137837, 0.162296, 0.278719, 0.063163, 0.129146, 0.063097, 0.062757, 0.126527, 0.154466, 0.210761, 0.272688, 0.296034], "score": [23.843478192680834, 33.33690710494115, 24.544244971431652, 24.6592836240987, -3.8577260500958683, 24.94213302827166, 25.105953453105656, 20.03612836718423, 25.996153561632923, 27.751036016696744, 34.65325934370472, 27.681943573383716, 26.668895740168924, 27.119826114526557, 27.058270454705713, 27.273063634289418, 33.30345327439784, 38.428800493806975, 26.247476069138532, 35.367021867336554, 26.374040266898813, 26.172695696087555, 26.3, 31.43754113710646, 37.12636158741052, 40.28427038560786, 52.70873947320772, 25.132250197704142, 35.93667517137978, 25.119116226491727, 25.051347269158995, 35.57062071972095, 39.2842311943083, 45.88270923800027, 52.21718543633151, 54.18124560889334], "name": "(30) Circle13(3/4)Dual(2/3)|Special(1.55/0.08/0.33/1.04/0.99)"}