{"loss": [0.0, 1.1472, 0.0, 0.0, 0.0, 0.0, 0.0, 0.0, 0.0, 0.0, 7.1024, 0.0, 0.0, 0.0, 0.0, 0.0, 13.4277, 8.3438, 0.0, 2.105, 0.0, 0.0, 0.0, 1.6493, 0.3038, 1.0742, 20.2148, 0.0, 0.8118, 0.0, 0.0, 0.3052, 0.3784, 1.3672, 1.6907, 7.0007], "time": [0.144074, 0.139247, 0.133045, 0.113888, 0.115851, 0.108939, 0.112558, 0.133542, 0.113132, 0.153767, 0.197409, 0.161408, 0.158135, 0.164793, 0.153892, 0.156873, 0.159823, 0.213298, 0.152177, 0.201805, 0.147267, 0.146665, 0.147127, 0.157772, 0.217595, 0.256803, 0.353965, 0.147398, 0.221674, 0.144472, 0.150384, 0.214675, 0.271268, 0.373092, 0.471676, 0.408918], "score": [37.95708102581125, 36.824712910123395, 36.47533413143737, 33.74729618799112, 34.036891749982104, 33.005908561952964, 33.549664677906996, 36.54339885670188, 33.63510071339166, 39.21313555430119, 22.018055746958005, 40.1756144943671, 39.76619167081505, 40.594704088095035, 39.229070853131354, 39.6071963158212, -32.10347893266287, 14.031221438250588, 39.009870545799046, 42.932174832212134, 38.37538273424775, 38.296866712565404, 38.35713753657851, 38.64004975497011, 46.604026562060284, 50.09098368693864, -183.62413048255905, 38.39244717389086, 46.77198721698923, 38.009472503574685, 38.77937596197236, 46.289875722857126, 52.008818245476185, 59.93950460045354, 66.71551526220685, 32.606548152263684], "name": "(31) Circle9(2/3)|Star+LNoise"}