{"loss": [0.0, 0.293, 0.0, 0.0, 0.0, 0.0, 0.0, 0.0, 0.0, 0.0, 0.6348, 0.0, 0.0, 0.0, 0.0, 0.0, 0.0, 0.5127, 0.0, 0.0543, 0.0, 0.0, 0.0, 0.0, 0.0109, 0.0326, 0.2821, 0.0, 0.0061, 0.0, 0.0, 0.0061, 0.2258, 0.0183, 0.0183, 0.1648], "time": [0.05699, 0.086982, 0.058923, 0.057196, 0.05823, 0.058245, 0.05667, 0.059789, 0.063037, 0.077354, 0.128676, 0.073959, 0.071251, 0.071776, 0.071933, 0.07074, 0.107515, 0.143973, 0.065674, 0.119461, 0.066175, 0.066042, 0.065256, 0.092497, 0.12885, 0.155402, 0.264473, 0.065094, 0.134763, 0.065118, 0.069938, 0.13101, 0.16026, 0.222137, 0.289565, 0.306998], "score": [23.8725784112232, 29.46739176646211, 24.27406022897694, 23.915685229572663, 24.130893062628246, 24.13400091157701, 23.80546155822231, 24.45178930058085, 25.107170290576352, 27.812587078515367, 35.726885602140854, 27.19540402347426, 26.692882946583346, 26.791043279424564, 26.82032811134122, 26.5969923111618, 32.789480020274794, 37.8440346985584, 25.62693895103354, 34.56211155479028, 25.72450193881312, 25.69863809621047, 25.545253962331238, 30.413319450530224, 35.89563954393512, 39.42064140992148, 51.38601269765674, 25.5135258245504, 36.710066699666186, 25.518228778659385, 26.44579361637688, 36.19529009448275, 40.0120759879849, 47.13125419223349, 53.811063969669895, 55.39235210977659], "name": "(31) Circle15(2/3)Dual|Default+Noise"}