{"loss": [2.4414, 2.7344, 0.7813, 1.8555, 9.9609, 0.3906, 0.293, 4.7852, 2.4414, 0.0, 0.7324, 0.0, 0.0, 0.0488, 0.0244, 0.0, 0.0, 0.6592, 0.0, 0.076, 0.0, 0.0, 0.0, 0.0651, 0.0326, 0.0326, 0.4015, 0.0, 0.0, 0.0, 0.0, 0.0061, 0.1709, 0.1343, 0.0488, 0.7568], "time": [0.086308, 0.103913, 0.068818, 0.070252, 0.071514, 0.070308, 0.070887, 0.067754, 0.068389, 0.090926, 0.129577, 0.081682, 0.082807, 0.078087, 0.077933, 0.079678, 0.119884, 0.157256, 0.074203, 0.131242, 0.073018, 0.078153, 0.072252, 0.102695, 0.142138, 0.167512, 0.286101, 0.064451, 0.131465, 0.065247, 0.064664, 0.127936, 0.157491, 0.215493, 0.274178, 0.301057], "score": [27.627153633326326, 29.8253063714026, 26.07304994021831, 25.592555208643425, 0.2087143988826057, 26.47520125165596, 26.601755709505174, 20.069304872482554, 24.59256019327856, 30.15393838290448, 35.80371503628625, 28.580062981036274, 28.77620544825186, 27.943385774486874, 27.916316382887047, 28.22729175815491, 34.624268945351034, 39.4831957181609, 27.240227605510203, 36.2252452527256, 27.021843016345127, 27.95585806230959, 26.87973214152254, 32.0447024850768, 37.700792941851546, 40.92779489758243, 53.4021854391977, 25.38720149996844, 36.25810254274208, 25.543492321920276, 25.42911716910361, 35.76812894044732, 39.67354499415229, 46.41285083503474, 52.3607621589265, 54.55440317021102], "name": "(31) Circle15(3/4)Dual(2/3)|Special(1.93/0.07/0.09/1.02/0.87)"}