{"loss": [0.0, 4.5898, 0.0, 0.0, 0.0, 0.0, 0.0, 0.0, 0.0, 0.0, 0.6348, 0.0, 0.0, 0.0, 0.0, 0.0, 0.0, 0.8789, 0.0, 0.1302, 0.0, 0.0, 0.0, 0.0109, 0.0651, 0.4557, 7.3676, 0.0, 0.0793, 0.0, 0.0, 0.0549, 0.4761, 2.3804, 5.3162, 23.2239], "time": [0.122183, 0.19407, 0.161024, 0.126064, 0.145317, 0.148313, 0.125209, 0.131236, 0.131379, 0.153495, 0.279045, 0.153763, 0.153218, 0.15331, 0.156359, 0.153867, 0.229469, 0.309803, 0.158892, 0.284097, 0.15772, 0.15831, 0.156358, 0.223932, 0.309589, 0.364841, 0.634467, 0.150702, 0.319713, 0.1454, 0.154507, 0.308033, 0.381144, 0.522854, 0.658973, 0.735718], "score": [34.95468495066148, 34.772976057738624, 40.127795852750246, 35.50549253284624, 38.12046694362491, 38.51142687566899, 35.384883778246326, 36.226509630379795, 36.246241184431796, 39.17843794742205, 52.611841843209376, 39.212625517809954, 39.1430709066113, 39.1548209036895, 39.54225587899608, 39.22588431125549, 47.90292266657641, 55.22999594725756, 39.86125938803239, 53.29171489922096, 39.713977388320096, 39.78818920232485, 39.542129431784524, 47.32139768572962, 55.63836443772288, 60.276637059432666, 36.41633281561616, 38.820355485234806, 56.53961363718725, 38.13135192987524, 39.30737844222125, 55.499047918768696, 61.59692126059478, 68.21141631578287, 58.23487952628391, -376.84769056451813], "name": "(32) SquareDual(3/4)|Special(1.13/0.69/0.77/1.83/0.31)+Noise"}