{"loss": [0.0, 0.0977, 0.0, 0.0, 0.0, 0.0, 0.0, 0.0, 0.0, 0.0, 0.4883, 0.0, 0.0, 0.0, 0.0, 0.0, 0.0, 0.5615, 0.0, 0.0543, 0.0, 0.0, 0.0, 0.0, 0.0, 0.0326, 0.3147, 0.0, 0.0061, 0.0, 0.0, 0.0122, 0.2502, 0.0, 0.0122, 0.1282], "time": [0.083463, 0.076706, 0.073766, 0.081952, 0.080229, 0.074141, 0.073795, 0.079325, 0.076271, 0.091346, 0.116235, 0.089998, 0.089835, 0.091762, 0.089798, 0.089252, 0.094138, 0.127026, 0.095186, 0.122631, 0.095488, 0.095783, 0.094878, 0.093658, 0.130825, 0.154464, 0.201731, 0.086279, 0.126691, 0.087455, 0.08654, 0.12537, 0.153012, 0.212884, 0.275737, 0.238288], "score": [28.88996365522117, 27.693204415270042, 27.159896907020837, 28.627259736132622, 28.3247241822405, 27.2288449993752, 27.165235136107324, 28.164694211015323, 27.617204782526418, 30.22350078994821, 34.01196356913086, 29.999666664814796, 29.972487384266255, 30.29224323156012, 29.9663144213632, 29.87507322166759, 30.68191649815898, 35.528338240547015, 30.852228444635895, 35.01767676203929, 30.90113266532475, 30.948828733895567, 30.802272643426814, 30.603594560116626, 36.16973873281365, 39.30149066565202, 44.86999274251077, 29.373287184106584, 35.593665969744585, 29.57279154898976, 29.41768175774563, 35.40757359645839, 39.092261231015726, 46.139354135054816, 52.51058742641423, 48.80672904704681], "name": "(32) SquareDual|Star+Noise"}