{"loss": [0.0, 0.0977, 0.0, 0.0, 0.0, 0.0, 0.0, 0.0, 0.0, 0.0, 0.6592, 0.0, 0.0, 0.0, 0.0, 0.0, 0.0, 0.5615, 0.0, 0.0326, 0.0, 0.0, 0.0, 0.0, 0.0, 0.0326, 0.293, 0.0, 0.0061, 0.0, 0.0, 0.0122, 0.238, 0.0, 0.0122, 0.1343], "time": [0.080475, 0.087827, 0.092902, 0.073529, 0.074992, 0.077121, 0.075495, 0.072576, 0.07808, 0.090579, 0.122707, 0.099435, 0.100709, 0.103524, 0.089735, 0.089475, 0.09435, 0.12668, 0.09393, 0.118458, 0.09499, 0.094614, 0.092643, 0.091488, 0.130622, 0.153837, 0.203434, 0.088403, 0.128087, 0.086809, 0.088504, 0.124959, 0.155519, 0.210879, 0.276677, 0.234835], "score": [28.36811590500857, 29.632791653254287, 30.479829395848, 27.116231301565485, 27.384667242820388, 27.770667979002596, 27.476353469847485, 26.93993318477238, 27.94279871451677, 30.09634529307504, 34.877339875876785, 31.533315715287536, 31.73468134391773, 32.175145687315855, 29.95580077380673, 29.912372022292043, 30.71644510681534, 35.47991828165635, 30.648001566170674, 34.41736221224656, 30.820447757941484, 30.759388810572947, 30.437312627760026, 30.246983320655303, 36.141665705941115, 39.221643282908595, 45.06493734851647, 29.73264199495228, 35.78923087713291, 29.463367085246723, 29.749621846336133, 35.34948769392926, 39.41355928284272, 45.92156356223076, 52.600016766966846, 48.45103669241259], "name": "(33) SquareDual(1/3)|Star+Noise"}