{"loss": [0.0, 2.0485, 0.0, 0.0, 0.0, 0.0, 0.0, 0.0, 0.0, 0.0, 4.7956, 0.0, 0.0, 0.0, 0.0, 0.0, 2.8809, 3.9551, 0.0, 0.3689, 0.0, 0.0, 0.0, 12.4349, 6.6623, 1.8012, 10.728, 0.0, 0.3967, 0.0, 0.0, 0.5371, 0.7935, 1.6296, 3.6255, 11.2244], "time": [0.143635, 0.160139, 0.103952, 0.108929, 0.113806, 0.106744, 0.104265, 0.100568, 0.106449, 0.135303, 0.256032, 0.132885, 0.135135, 0.136483, 0.137311, 0.132995, 0.199537, 0.27277, 0.119847, 0.221846, 0.11722, 0.121907, 0.118894, 0.17204, 0.234805, 0.280962, 0.469833, 0.126404, 0.252334, 0.121414, 0.121528, 0.246562, 0.298037, 0.415286, 0.532879, 0.567764], "score": [37.899208435005605, 38.33810137008821, 32.24158805021862, 33.00439364690707, 33.735144878894474, 32.671700292454936, 32.2900913594248, 31.712458119798914, 32.62652295295961, 36.78355610867443, 38.96281928604794, 36.453394903630034, 36.760712724320236, 36.94360567134724, 37.055498917164776, 36.468479540556665, 40.96217618581891, 44.05755332555854, 34.61892545992726, 47.036432984334674, 34.237406443829826, 34.915182943814, 34.481009265971316, -22.657917163448445, 26.948582031619626, 51.286168618962186, -10.343333740843, 35.55334020876238, 50.153805877228365, 34.84451176297352, 34.86086631166816, 49.511766828034084, 54.24902597398543, 62.731350175145614, 63.403448010161355, -19.581351741256235], "name": "(34) Square|Special(1.51/0.06/0.45/1.02/0.55)+LNoise"}