{"loss": [0.0, 0.1953, 0.0, 0.0, 0.0, 0.0, 0.0, 0.0, 0.0, 0.0, 0.5615, 0.0, 0.0, 0.0, 0.0, 0.0, 0.0, 0.5615, 0.0, 0.0543, 0.0, 0.0, 0.0, 0.0, 0.0, 0.0326, 0.2387, 0.0, 0.0061, 0.0, 0.0, 0.0061, 0.1892, 0.0, 0.0061, 0.1221], "time": [0.068414, 0.104784, 0.06984, 0.069035, 0.070326, 0.064946, 0.067972, 0.082338, 0.068286, 0.096193, 0.143972, 0.096888, 0.095606, 0.097345, 0.097058, 0.097392, 0.120694, 0.161492, 0.08357, 0.149599, 0.084045, 0.08323, 0.082959, 0.115446, 0.165329, 0.196369, 0.33657, 0.082449, 0.171459, 0.083449, 0.082645, 0.169652, 0.206903, 0.283489, 0.363331, 0.404921], "score": [26.156070041196937, 32.35801007926855, 26.42725865465429, 26.27451236464723, 26.519049756731484, 25.484505096234457, 26.0714403131089, 28.69459879489518, 26.131590077911447, 31.014996372722663, 37.82401284917441, 31.126837295170223, 30.92021992159823, 31.20016025599869, 31.154132952146174, 31.207691359663247, 34.74104201085512, 40.05936770031785, 28.908476265621474, 38.67688952164394, 28.990515690480567, 28.849610049357686, 28.802604048939745, 33.97734539365899, 40.660668956621954, 44.313071001659345, 57.98159791205676, 28.713933899763717, 41.40759258882795, 28.88754056682569, 28.748043411682822, 41.18881811183772, 45.47030875949935, 53.24368507156506, 60.27692175361314, 63.623916449248064], "name": "(35) Circle15(1/4)Dual|Special(1.58/0.59/0.57/1.22/0.96)+Noise"}