{"loss": [0.0, 0.1953, 0.0, 0.0, 0.0, 0.0, 0.0, 0.0, 0.0, 0.0, 0.4883, 0.0, 0.0, 0.0, 0.0, 0.0, 0.0, 0.5615, 0.0, 0.0434, 0.0, 0.0, 0.0, 0.0, 0.0109, 0.0326, 0.2279, 0.0, 0.0061, 0.0, 0.0, 0.0122, 0.2258, 0.0, 0.0122, 0.0793], "time": [0.076216, 0.13391, 0.074666, 0.073455, 0.078003, 0.073277, 0.072232, 0.075064, 0.075436, 0.086844, 0.160403, 0.086111, 0.088872, 0.086592, 0.085727, 0.08641, 0.130723, 0.177589, 0.091562, 0.159348, 0.090128, 0.090571, 0.089839, 0.128298, 0.178322, 0.211877, 0.370944, 0.085786, 0.180844, 0.087072, 0.086525, 0.177375, 0.213938, 0.297881, 0.385632, 0.415142], "score": [27.607245425793568, 36.57975769958621, 27.325080054777516, 27.102582902741943, 27.929017168529224, 27.069724786188722, 26.876011608867863, 27.397810131468535, 27.465614866592738, 29.46930606580345, 39.95484852633238, 29.34467583736443, 29.811407212676162, 29.426518652399235, 29.279173485602357, 29.395577898724834, 36.15563579858609, 42.008445828928906, 30.259213472924245, 39.91766491494158, 30.02132575353727, 30.095016198699742, 29.97315465545794, 35.81871019453381, 42.228139465469624, 46.02960965899236, 60.87353901611229, 29.28924717366426, 42.52574107713119, 29.507965026412787, 29.41513216016546, 42.115848797156275, 46.22984969659061, 54.57847561081199, 62.09918292952949, 64.42746225914628], "name": "(35) SquareDual|Special(1.8/0.52/0.68/1.72/0.67)+Noise"}