{"loss": [0.0, 2.2097, 0.0, 0.0, 0.0, 0.0, 0.0, 0.0, 0.0, 0.0, 6.6895, 0.0, 0.0, 0.0, 0.0, 0.0, 7.959, 13.208, 0.0, 1.5516, 0.0, 0.0, 0.0, 3.8551, 0.1411, 0.2387, 8.9084, 0.0, 0.0061, 0.0, 0.0, 0.0061, 0.8118, 3.7354, 6.366, 6.3538], "time": [0.167352, 0.246105, 0.152081, 0.146723, 0.138298, 0.149068, 0.135239, 0.153894, 0.143024, 0.147239, 0.265759, 0.144953, 0.14569, 0.157785, 0.146199, 0.143466, 0.214215, 0.240645, 0.128709, 0.230175, 0.126232, 0.127743, 0.126575, 0.181305, 0.25311, 0.300167, 0.428374, 0.108962, 0.218128, 0.109016, 0.109496, 0.219769, 0.268811, 0.360278, 0.470538, 0.511528], "score": [40.9086787858029, 47.18667698242846, 38.9975640264876, 38.30443838512712, 37.18843906377357, 38.60932529843017, 36.77485554016494, 39.22932576529961, 37.81851398455524, 38.371734388739846, 28.482683798166654, 38.07269362679767, 38.169359439215114, 39.72216006211143, 38.23597782194147, 37.87690589264123, 16.9648527431421, -36.522499910276814, 35.876036570390546, 46.82153913321934, 35.52914296742887, 35.74115275141528, 35.57738045444043, 36.25178327526581, 50.300022428407246, 54.75628192293976, 13.509207108629736, 33.00939260271234, 46.704158023582075, 33.01757107965393, 33.09017981214366, 46.87950900424839, 51.505304796126175, 51.64800242936709, 40.7966798976703, 42.647529127840514], "name": "(36) Square|Special(1.23/0.8/0.85/1.3/0.85)+LNoise"}