{"loss": [0.0, 0.293, 0.0, 0.0, 0.0, 0.0, 0.0, 0.0, 0.0, 0.0, 6.5829, 0.0, 0.0, 0.0, 0.0, 0.0, 12.2559, 5.6641, 0.0, 0.8247, 0.0, 0.0, 0.0, 2.4197, 1.7687, 4.8177, 5.5881, 0.0, 0.8362, 0.0, 0.0, 0.8545, 1.9287, 4.8889, 3.9795, 2.5085], "time": [0.11227, 0.125869, 0.088744, 0.096824, 0.092075, 0.091294, 0.092015, 0.09402, 0.093444, 0.13698, 0.239824, 0.134175, 0.133782, 0.133271, 0.13258, 0.129991, 0.204214, 0.263182, 0.125365, 0.222536, 0.119937, 0.121951, 0.122412, 0.173834, 0.233234, 0.284824, 0.484785, 0.12564, 0.253285, 0.123155, 0.124823, 0.244324, 0.303193, 0.413354, 0.525449, 0.567672], "score": [33.5067157447578, 35.44756383878481, 29.78993118488191, 31.116555079250013, 30.343862641397518, 30.214896988075267, 30.3339743522012, 30.662680900404, 30.56861135216973, 37.01080923189872, 27.750096095499043, 36.62990581478473, 36.5762217841045, 36.5063008260218, 36.41153663332543, 36.05426465759633, -22.68860329055793, 34.84277976893196, 35.40692022754874, 46.85287882382598, 34.63192169083315, 34.92148335910146, 34.98742631289132, 39.25227754891569, 46.78351545513182, 40.98185749482887, 47.884331659360484, 35.44573317058063, 49.97552321402663, 35.093446681681186, 35.33029861181476, 49.06822431844133, 53.01468574389455, 48.92581439705557, 61.00837874618424, 70.60293471177458], "name": "(37) Circle9(3/4)Dual|Factor3+LNoise"}