{"loss": [0.0, 0.4784, 0.0, 0.0, 0.0, 0.0, 0.0, 0.0, 0.0, 0.0, 4.5893, 0.0, 0.0, 0.0, 0.0, 0.0, 11.6943, 8.9111, 0.0, 0.4015, 0.0, 0.0, 0.0, 0.0434, 0.651, 0.4991, 14.8329, 0.0, 0.2284, 0.0, 0.0, 0.238, 0.9705, 1.7883, 1.5015, 4.0771], "time": [0.178639, 0.100191, 0.133706, 0.167679, 0.125622, 0.151966, 0.154689, 0.117864, 0.155172, 0.173849, 0.211523, 0.163301, 0.152841, 0.154445, 0.153598, 0.155466, 0.175333, 0.232981, 0.165749, 0.224477, 0.162523, 0.162514, 0.161558, 0.17445, 0.238417, 0.287745, 0.391763, 0.174855, 0.247911, 0.169111, 0.166765, 0.238553, 0.300345, 0.40512, 0.52172, 0.473855], "score": [42.26570713947656, 31.580518901566485, 36.565831044842945, 40.94862635058715, 35.44319398699841, 38.98281672737362, 39.33052249843625, 34.331326802207926, 39.39187733530861, 41.695203561081215, 36.30502233881208, 40.41051843270512, 39.09488457586235, 39.29949109085256, 39.19158072851872, 39.42917701398293, -15.391033527597004, 9.939511521212696, 40.712283158771626, 47.30262776846337, 40.31414143945025, 40.31302519037737, 40.19427819976371, 41.766425310415464, 48.621029902988354, 53.50824564879464, -75.11850862991922, 41.81566692042589, 49.76468769962656, 41.12310785920734, 40.836870595088456, 48.814221761502, 54.28756061824248, 61.613530722997176, 70.60175639043133, 57.39450699490901], "name": "(37) Circle16(3/4)Dual(1/4)|Star+LNoise"}