{"loss": [0.0, 0.0977, 0.0, 0.0, 0.0, 0.0, 0.0, 0.0, 0.0, 0.0, 0.5127, 0.0, 0.0, 0.0, 0.0, 0.0, 0.0, 0.5127, 0.0, 0.0326, 0.0, 0.0, 0.0, 0.0, 0.0109, 0.0326, 0.2821, 0.0, 0.0061, 0.0, 0.0, 0.0122, 0.1892, 0.0, 0.0122, 0.1038], "time": [0.08367, 0.109049, 0.075623, 0.070979, 0.072247, 0.094359, 0.090245, 0.071841, 0.080566, 0.101625, 0.187455, 0.103036, 0.109732, 0.101886, 0.100859, 0.109784, 0.153438, 0.208289, 0.092773, 0.161423, 0.088498, 0.092167, 0.094573, 0.131161, 0.18306, 0.219214, 0.376006, 0.094754, 0.216425, 0.096867, 0.096612, 0.19195, 0.237596, 0.320738, 0.414177, 0.459098], "score": [28.925767059837842, 33.01941594077478, 27.49963636123212, 26.641884317742992, 26.878802056639355, 30.717910085160415, 30.040805581741648, 26.80317145413953, 28.38415050692904, 31.87867625859016, 43.18226510707979, 32.09922117435251, 33.1258207445491, 31.91958646348665, 31.758306000163174, 33.13366867704209, 39.171162862493624, 45.51872327847319, 30.458660508958697, 40.177054264851535, 29.74861341306515, 30.359018429455194, 30.752723456630633, 36.216156615521754, 42.785460732950675, 46.81979715754293, 61.27052993840651, 30.78213767755579, 46.521483095076086, 31.12346381751234, 31.08247094424766, 43.81203357568161, 48.726371471307935, 56.63373552927619, 64.35648895634566, 67.74947046674978], "name": "(37) Square|Default+Noise"}