{"loss": [0.0, 3.9062, 0.0, 0.0, 0.0, 0.0, 0.0, 0.0, 0.0, 0.0, 0.5371, 0.0, 0.0, 0.0, 0.0, 0.0, 0.0732, 0.4639, 0.0, 0.0434, 0.0, 0.0, 0.0, 0.0, 0.0, 0.0326, 0.3038, 0.0, 0.0061, 0.0, 0.0, 0.0061, 0.1953, 0.0, 0.0122, 0.1221], "time": [0.201651, 0.239765, 0.134872, 0.140177, 0.141774, 0.138115, 0.1374, 0.148856, 0.142529, 0.109696, 0.197864, 0.109689, 0.109817, 0.109244, 0.109202, 0.110367, 0.165021, 0.219535, 0.078805, 0.14455, 0.080532, 0.080164, 0.079594, 0.110351, 0.156657, 0.188626, 0.319679, 0.077196, 0.159393, 0.077941, 0.077461, 0.155737, 0.147147, 0.202783, 0.262234, 0.31553], "score": [44.90556758354135, 41.49440686063239, 36.724923417210825, 37.44021901645341, 37.65288833542521, 37.163826498357245, 37.067505985701274, 38.58186102302479, 37.753013124782505, 33.120386471175124, 44.353586627184555, 33.119329703362055, 33.138648131750934, 33.05208011608347, 33.045725896097366, 33.22152916408274, 40.62060019636916, 46.75372968925586, 28.072228269234344, 38.01901559474199, 28.378160616925125, 28.31324778261936, 28.21240861748603, 33.21912099980973, 39.579919151003836, 43.43063328319648, 56.48797928987242, 27.784168153824577, 39.92403804473584, 27.91791539495741, 27.831816325924546, 39.46351278086457, 38.345113316416345, 45.03143346596908, 51.20871208909767, 56.163682749695596], "name": "(37) Circle15(1/3)|Special(1.01/0.92/0.44/1.4/0.91)+Noise"}