{"loss": [0.0, 2.6367, 0.0, 0.0, 0.0, 0.0, 0.0, 0.0, 0.0, 0.0, 0.5615, 0.0, 0.0, 0.0, 0.0, 0.0, 0.0, 0.4639, 0.0, 0.0326, 0.0, 0.0, 0.0, 0.0, 0.0, 0.0326, 0.2713, 0.0, 0.0061, 0.0, 0.0, 0.0122, 0.1892, 0.0, 0.0122, 0.531], "time": [0.17711, 0.227804, 0.144019, 0.147007, 0.14519, 0.142945, 0.13478, 0.143345, 0.143401, 0.109209, 0.198943, 0.10925, 0.110199, 0.10944, 0.109058, 0.109524, 0.163764, 0.221318, 0.079145, 0.146792, 0.079534, 0.07881, 0.078485, 0.111553, 0.154963, 0.18231, 0.320994, 0.076328, 0.158088, 0.076964, 0.07605, 0.169622, 0.187578, 0.26207, 0.333555, 0.369401], "score": [42.0844389293715, 44.41062071256585, 37.949835309260564, 38.34149188542355, 38.10380558421954, 37.80806792207187, 36.712395726784166, 37.8609297297359, 37.868324494226044, 33.046785017607995, 44.4624013766488, 33.05298776207682, 33.19623472624569, 33.08171700501653, 33.02393071698159, 33.094410404175505, 40.46776494940139, 46.943205908484416, 28.13272116237603, 38.3130369356517, 28.20177299390944, 28.073118814980287, 28.015174459567444, 33.399550895184206, 39.365340084902094, 42.69732134280547, 56.61463123974618, 27.627522509266004, 39.76026689434218, 27.74238634292299, 27.577164466275356, 41.18513021341637, 43.29477229337001, 51.19277292743577, 57.75413466360785, 60.60699656845026], "name": "(38) Circle16(2/3)|Special(1.18/0.52/0.39/1.19/0.45)+Noise"}