{"loss": [0.0, 0.7813, 0.0, 0.0, 0.0, 0.0, 0.0, 0.0, 0.0, 0.0, 0.5615, 0.0, 0.0, 0.0, 0.0, 0.0, 0.0, 0.5859, 0.0, 0.0434, 0.0, 0.0, 0.0, 0.0, 0.0, 0.0326, 0.2604, 0.0, 0.0061, 0.0, 0.0, 0.0061, 0.2258, 0.0, 0.0122, 0.1587], "time": [0.114798, 0.130004, 0.086538, 0.086079, 0.085614, 0.087808, 0.087865, 0.08785, 0.087225, 0.110281, 0.201601, 0.109621, 0.109768, 0.109935, 0.109276, 0.11417, 0.178404, 0.232772, 0.115618, 0.214523, 0.119753, 0.11734, 0.119549, 0.164402, 0.228399, 0.263589, 0.451939, 0.07736, 0.162568, 0.078057, 0.077325, 0.157517, 0.191381, 0.265505, 0.342768, 0.37708], "score": [33.88185355024132, 35.83597050980456, 29.41734182416895, 29.33922289359416, 29.259870129581916, 29.632414683923415, 29.64203096955403, 29.63950067055786, 29.533878851244715, 33.20858322783434, 44.75843826975, 33.109062203572, 33.131254126579634, 33.15644733683028, 33.05692060673528, 33.78905148121207, 42.23789767495536, 48.08083080500672, 34.0026469557886, 46.315755282330315, 34.60534640774457, 34.254926652964826, 34.57585862997476, 40.54651649648833, 47.791107959535736, 51.34037372213592, 67.18082351078262, 27.813665705907948, 40.31970721829673, 27.93868286086515, 27.807373122968666, 39.68839663879991, 43.72480944438676, 51.52717729509351, 58.54630472104768, 61.39137427352446], "name": "(38) Circle15(1/4)|Special(1.73/0.61/0.34/1.62/0.99)+Noise"}