{"loss": [0.0, 0.293, 0.0, 0.0, 0.0, 0.0, 0.0, 0.0, 0.0, 0.0, 0.5859, 0.0, 0.0, 0.0, 0.0, 0.0, 0.0, 0.5127, 0.0, 0.0434, 0.0, 0.0, 0.0, 0.0, 0.0109, 0.0326, 0.3581, 0.0, 0.0061, 0.0, 0.0, 0.0061, 0.2197, 0.0, 0.0183, 0.1587], "time": [0.12829, 0.221248, 0.131418, 0.133008, 0.124483, 0.130255, 0.127347, 0.129288, 0.120119, 0.086686, 0.172365, 0.099993, 0.095974, 0.08872, 0.087546, 0.086645, 0.131799, 0.176444, 0.092737, 0.16644, 0.090595, 0.092977, 0.094536, 0.134045, 0.181445, 0.215027, 0.372473, 0.089162, 0.181074, 0.088217, 0.088321, 0.178319, 0.219609, 0.300535, 0.38818, 0.426538], "score": [35.817593442329425, 46.99662590759681, 36.251620653427345, 36.47026185812216, 35.28214846065925, 36.0908575680878, 35.68571142628377, 35.95664055497954, 34.65818806573708, 29.442486308054892, 41.374345446584584, 31.621669785133104, 30.97967075357645, 29.78590270581034, 29.588173312997878, 29.435522757375992, 36.304131996234254, 41.89482225877402, 30.45275028630419, 40.79629028043133, 30.09900330575748, 30.492130132216083, 30.746707140765494, 36.612156451102415, 42.59631073821383, 46.37051105847293, 60.952303193659084, 29.86000669792289, 42.55277490890039, 29.701346770811586, 29.718849237478896, 42.22781870935614, 46.83983870864155, 54.821072590747434, 62.303884313287355, 65.29342799848163], "name": "(38) SquareDual(1/4)|Special(1.9/0.1/0.97/1.65/0.34)+Noise"}