{"loss": [0.0, 0.0977, 0.0, 0.0, 0.0, 0.0, 0.0, 0.0, 0.0, 0.0, 0.5859, 0.0, 0.0, 0.0, 0.0, 0.0, 0.0, 0.5371, 0.0, 0.0543, 0.0, 0.0, 0.0, 0.0, 0.0, 0.0326, 0.2713, 0.0, 0.0061, 0.0, 0.0, 0.0061, 0.2563, 0.0, 0.0244, 0.116], "time": [0.148992, 0.115744, 0.102712, 0.102577, 0.095004, 0.100346, 0.099389, 0.1, 0.099553, 0.13391, 0.173206, 0.134552, 0.135643, 0.150851, 0.149191, 0.155002, 0.140333, 0.190476, 0.138248, 0.178538, 0.138097, 0.134681, 0.141531, 0.13731, 0.194619, 0.23134, 0.307202, 0.131937, 0.195452, 0.131441, 0.131943, 0.191184, 0.235444, 0.324086, 0.414542, 0.353164], "score": [38.59948186180742, 34.017922460617434, 32.04871292267445, 32.027644309252594, 30.822718893699175, 31.677436764990947, 31.526020998533895, 31.622776601683793, 31.552020537518672, 36.593715307413106, 41.47515908036037, 36.681330401172744, 36.82974341479995, 38.83954170687394, 38.62525080824719, 39.3702933694937, 37.461046434930246, 43.51765486120862, 37.181715936734285, 42.252511381580774, 37.16140470972538, 36.69891006555916, 37.620606055724295, 37.05536398417913, 44.11564348391622, 48.097305833919734, 55.38501082524708, 36.32313312477326, 44.2099371798523, 36.254792786609606, 36.32395903532543, 43.72457635253813, 48.49069773985791, 56.92855171177289, 64.38455280423956, 59.41960643582607], "name": "(40) Circle12(1/4)|Star+Noise"}