{"loss": [0.0, 2.4898, 0.0, 0.0, 0.0, 0.0, 0.0, 0.0, 0.0, 0.0, 1.2658, 0.0, 0.0, 0.0, 0.0, 0.0, 1.3102, 2.5142, 0.0, 0.3798, 0.0, 0.0, 0.0, 0.1572, 0.1845, 0.7487, 4.4488, 0.0, 0.0244, 0.0, 0.0, 0.2105, 0.4618, 2.3451, 2.5146, 1.7968], "time": [0.176532, 0.224736, 0.175337, 0.135775, 0.136088, 0.133408, 0.132812, 0.135789, 0.143868, 0.095461, 0.195393, 0.115717, 0.103553, 0.103539, 0.10367, 0.126311, 0.171809, 0.194763, 0.106344, 0.171808, 0.104947, 0.105913, 0.113547, 0.155008, 0.204626, 0.241102, 0.400642, 0.105331, 0.202584, 0.124165, 0.15291, 0.224566, 0.238022, 0.338699, 0.431945, 0.454099], "score": [42.01571134706635, 44.46756105430488, 41.8732611579275, 36.84765935578541, 36.89010707493271, 36.525059890436864, 36.44338074328451, 36.84955902042791, 37.92993540727429, 30.89676358455688, 43.49503351983608, 34.01720153099017, 32.17965195585558, 32.17747659466168, 32.19782601356806, 35.54025886230994, 40.73831113946896, 41.34229095167205, 32.610427780082865, 41.38993816669926, 32.39552438223527, 32.544277530773364, 33.696735746953294, 39.361326045759334, 45.22020713208586, 48.82689557941705, 50.76879922836483, 32.454737712697664, 45.009064398071615, 35.237054360431436, 39.103708264050866, 47.367397287503486, 48.68345455036766, 54.99726479868558, 61.566747566445805, 65.21128969544567], "name": "(40) Circle16(2/3)|Special(1.91/0.53/0.07/1.98/0.84)+LNoise"}