{"loss": [0.0, 3.8546, 0.0, 0.0, 0.0, 0.0, 0.0, 0.0, 0.0, 0.0, 3.2715, 0.0, 0.0, 0.0, 0.0, 0.0, 3.1982, 3.8086, 0.0, 0.6402, 0.0, 0.0, 0.0, 1.378, 0.3038, 0.4557, 3.125, 0.0, 0.0427, 0.0, 0.0, 0.1892, 0.5859, 1.8372, 1.2512, 2.0996], "time": [0.131979, 0.140321, 0.118941, 0.107845, 0.113539, 0.109784, 0.090214, 0.090467, 0.092593, 0.131233, 0.234061, 0.126483, 0.126211, 0.12613, 0.125468, 0.128773, 0.188384, 0.253589, 0.11657, 0.210755, 0.114945, 0.116677, 0.114497, 0.165884, 0.227888, 0.26781, 0.456651, 0.120769, 0.239963, 0.118658, 0.123476, 0.228756, 0.29169, 0.401273, 0.511221, 0.559102], "score": [36.32891410433293, 31.893742479064308, 34.48782393831191, 32.83976248391575, 33.69554866744271, 33.13366867704209, 30.035645489984063, 30.077732627310855, 30.429097916303725, 36.22609556659398, 43.20189491939033, 35.56444854064239, 35.526187524134926, 35.5147856533022, 35.42146242040269, 35.88495506476217, 38.96373402160674, 43.05302960330967, 34.142349069740355, 45.71990333649876, 33.90353963821477, 34.15801516481893, 33.83740533788015, 39.95546574968854, 47.69355702966098, 51.64289622659953, 60.976742686463034, 34.75183448395207, 48.98512525624565, 34.4467705307769, 35.13915195334116, 47.81132244449886, 53.82293352866788, 61.207988969772785, 70.38039112860669, 71.47688483561559], "name": "(40) Circle9(1/4)Dual(1/4)|Factor3+LNoise"}