{"loss": [0.0, 0.3906, 0.0, 0.0, 0.0, 0.0, 0.0, 0.0, 0.0, 0.0, 0.6348, 0.0, 0.0, 0.0, 0.0, 0.0, 0.0, 0.5859, 0.0, 0.0434, 0.0, 0.0, 0.0, 0.0, 0.0, 0.0326, 0.3581, 0.0, 0.0061, 0.0, 0.0, 0.0122, 0.1831, 0.0, 0.0183, 0.1465], "time": [0.139054, 0.179095, 0.163106, 0.166667, 0.124341, 0.132258, 0.133705, 0.130388, 0.131598, 0.15399, 0.277836, 0.153477, 0.152313, 0.152045, 0.150696, 0.154155, 0.227775, 0.309949, 0.090065, 0.163212, 0.091699, 0.089304, 0.089728, 0.126139, 0.176126, 0.212259, 0.355267, 0.087836, 0.178851, 0.086186, 0.090935, 0.174341, 0.212646, 0.29889, 0.383627, 0.418321], "score": [37.28994502543548, 42.255050854616016, 40.38638384406309, 40.824869871194934, 35.262019227491784, 36.367292997967276, 36.565694304908256, 36.109278585981194, 36.27643863446355, 39.241559602034165, 52.49774418208927, 39.17614069813411, 39.027298138610625, 38.99294808039013, 38.81958268709235, 39.26257760259762, 47.7257791974107, 55.48194967482521, 30.010831378020836, 40.39874399854653, 30.281842744456622, 29.88377486195477, 29.95463236295849, 35.51605270859925, 41.967368275840215, 46.07108512033084, 59.52784445997534, 29.637138863257363, 42.29076340042948, 29.35745220553037, 30.155430688351974, 41.75409932235366, 46.09809563999552, 54.67083317455478, 61.93742249620836, 64.66385830364585], "name": "(40) SquareDual(2/3)|Special(1.85/0.83/0.6/1.73/0.83)+Noise"}