{"loss": [0.0, 4.5898, 0.0, 0.0, 0.0, 0.0, 0.0, 0.0, 0.0, 0.0, 3.54, 0.0, 0.0, 0.0, 0.0, 0.0, 0.3418, 8.5938, 0.0, 3.3529, 0.0, 0.0, 0.0, 0.2713, 3.5482, 8.7348, 0.3255, 0.0, 2.9541, 0.0, 0.0, 3.0396, 7.843, 1.1536, 0.0122, 0.1099], "time": [0.119882, 0.200029, 0.164799, 0.123765, 0.134678, 0.131551, 0.134701, 0.129306, 0.131621, 0.152174, 0.273035, 0.151889, 0.152371, 0.152361, 0.149342, 0.151324, 0.229355, 0.301164, 0.155957, 0.282104, 0.157518, 0.157337, 0.157764, 0.212354, 0.295709, 0.368671, 0.363594, 0.14793, 0.317837, 0.151448, 0.152195, 0.303052, 0.37274, 0.518094, 0.379191, 0.429204], "score": [34.62398012938432, 35.30279903953941, 40.595443094022265, 35.18025014123691, 36.698501331798276, 36.269960022034766, 36.70163484097132, 35.95914348256922, 36.279608597668194, 39.00948602583736, 45.70464536392149, 38.9729393297452, 39.03472812765577, 39.033447195962594, 38.644792663436554, 38.900385602201936, 47.835072363795284, 14.348839481196741, 39.491391467002025, 47.142480604420086, 39.688537388016705, 39.66572828021692, 39.719516613372825, 46.047965675274064, 47.532949804406954, 14.392218141179887, 60.23486952313052, 38.461669230546924, 51.45717583709448, 38.91632048382786, 39.01217758597949, 49.963982188797765, 23.49746552165439, 71.02085876727146, 61.578394849579446, 65.50574995044903], "name": "(41) SquareDual(1/3)|Special(1.17/0.98/0.69/1.11/0.8)+Noise"}