{"loss": [0.0, 3.1735, 0.0, 0.0, 0.0, 0.0, 0.0, 0.0, 0.0, 0.0, 4.8828, 0.0, 0.0, 0.0, 0.0, 0.0, 6.9336, 5.1758, 0.0, 0.4015, 0.0, 0.0, 0.0, 1.3889, 0.6836, 0.944, 11.5234, 0.0, 0.47, 0.0, 0.0, 0.3052, 0.8667, 1.8311, 1.1841, 3.8696], "time": [0.123316, 0.154694, 0.121927, 0.131318, 0.123108, 0.130952, 0.128931, 0.121133, 0.129149, 0.164455, 0.227292, 0.164, 0.162244, 0.164209, 0.163143, 0.164067, 0.189843, 0.251671, 0.173533, 0.240932, 0.171983, 0.174885, 0.170666, 0.187027, 0.259463, 0.305982, 0.430268, 0.174279, 0.267997, 0.177281, 0.17467, 0.2626, 0.332624, 0.440698, 0.561892, 0.509908], "score": [35.116377945340545, 35.3700769803669, 34.91804690987169, 36.23782554182853, 35.08674963572431, 36.18729058661342, 35.906963113023075, 34.804166417255274, 35.93730652121831, 40.5530516730862, 36.30856725456908, 40.496913462633174, 40.2795233338231, 40.52270968234972, 40.39096433609874, 40.50518485329995, 22.624312826354778, 36.72767917599726, 41.65729227878355, 49.00569869718626, 41.47083312401621, 41.81925393882583, 41.31174167231394, 42.41237240978515, 50.69947518452399, 54.82270216203093, -21.507718915426654, 41.746736399388155, 51.654070216573345, 42.104750325824284, 41.79354017070102, 51.19677915527733, 57.240338263171495, 64.1592449851703, 73.90845456884247, 60.7153721847702], "name": "(41) Circle12(3/4)Dual|Star+LNoise"}