{"loss": [0.0, 0.0977, 0.0, 0.0, 0.0, 0.0, 0.0, 0.0, 0.0, 0.0, 0.5859, 0.0, 0.0, 0.0, 0.0, 0.0, 0.0, 0.4395, 0.0, 0.0434, 0.0, 0.0, 0.0, 0.0, 0.0109, 0.0326, 0.2496, 0.0, 0.0061, 0.0, 0.0, 0.0122, 0.1953, 0.0, 0.0183, 0.116], "time": [0.082637, 0.150213, 0.077701, 0.08544, 0.078903, 0.083701, 0.085235, 0.084919, 0.080392, 0.141151, 0.25325, 0.138559, 0.135103, 0.140068, 0.13867, 0.137748, 0.210539, 0.273902, 0.123173, 0.216955, 0.120747, 0.12322, 0.122747, 0.1683, 0.240873, 0.283855, 0.491246, 0.120671, 0.257331, 0.123459, 0.120579, 0.243702, 0.30134, 0.417654, 0.53499, 0.582221], "score": [28.746651978969656, 38.75362239013196, 27.87489910295641, 29.230121450312176, 28.08967781944108, 28.93112510774512, 29.195033824265387, 29.14086477783389, 28.35348303119037, 37.57006787324186, 50.15119910171598, 37.22351407376794, 36.756359993884054, 37.425659646825196, 37.23842101915708, 37.11441768369807, 45.88452898308971, 52.234555839656096, 35.09601116936225, 46.57755115093271, 34.74866903925962, 35.10270644836378, 35.035267945314764, 41.02438299353203, 49.07875585606438, 53.27747804065657, 70.04527796931146, 34.737731647302475, 50.72778415171565, 35.13673291585317, 34.72448703724794, 49.36610928039867, 54.87350627502353, 64.62615569566242, 73.14276565388938, 76.29314013896679], "name": "(42) Square|Factor3+Noise"}