{"loss": [0.0, 0.0977, 0.0, 0.0, 0.0, 0.0, 0.0, 0.0, 0.0, 0.0, 0.6836, 0.0, 0.0, 0.0, 0.0, 0.0, 0.0, 0.5127, 0.0, 0.0543, 0.0, 0.0, 0.0, 0.0, 0.0109, 0.0326, 0.2713, 0.0, 0.0061, 0.0, 0.0, 0.0061, 0.2625, 0.0183, 0.0305, 0.1038], "time": [0.103161, 0.129262, 0.135171, 0.10451, 0.10497, 0.139166, 0.176601, 0.118913, 0.156489, 0.163707, 0.1918, 0.164233, 0.162224, 0.155535, 0.141509, 0.159159, 0.165066, 0.211828, 0.147386, 0.189899, 0.146304, 0.147816, 0.146043, 0.145013, 0.210345, 0.247376, 0.329298, 0.142215, 0.212884, 0.140996, 0.140983, 0.203468, 0.254351, 0.348896, 0.442457, 0.386706], "score": [32.118686149965725, 35.94959308701832, 36.76560893008573, 32.32800643405034, 32.399074060843155, 37.30495945581499, 42.02392175892203, 34.483764295679784, 39.55869057489137, 40.46072169400837, 43.59031902992193, 40.52567087661844, 40.27704060628089, 39.43792590895216, 37.61768201258552, 39.89473649493126, 40.62831524934304, 45.90379461669921, 38.39088433469591, 43.57611752543362, 38.24970588122215, 38.446846424641905, 38.21557274201186, 38.08057247468846, 45.86332959767617, 49.73637924111333, 57.342255574672315, 37.711404110693096, 46.13933696660114, 37.54943408361836, 37.547702992326975, 45.10741054185471, 50.39847153394565, 59.06722129644191, 66.51682254330882, 62.17898951232011], "name": "(42) Circle11|Star+Noise"}