{"loss": [0.0, 0.1953, 0.0, 0.0, 0.0, 0.0, 0.0, 0.0, 0.0, 0.0, 0.5615, 0.0, 0.0, 0.0, 0.0, 0.0, 0.0, 0.4639, 0.0, 0.0434, 0.0, 0.0, 0.0, 0.0, 0.0, 0.0326, 0.2604, 0.0, 0.0061, 0.0, 0.0, 0.0061, 0.2014, 0.0, 0.0061, 0.1282], "time": [0.106473, 0.172957, 0.100604, 0.113987, 0.108864, 0.103823, 0.106887, 0.108745, 0.111812, 0.149734, 0.255483, 0.157592, 0.141798, 0.142399, 0.141835, 0.139591, 0.210019, 0.282424, 0.121845, 0.223737, 0.12314, 0.120952, 0.122294, 0.172228, 0.235778, 0.286319, 0.498562, 0.120684, 0.258, 0.123573, 0.122537, 0.249867, 0.306086, 0.424932, 0.546522, 0.61262], "score": [32.63020073490202, 41.57223668903453, 31.7181336147006, 33.761960843529216, 32.99454500368205, 32.22157662188491, 32.69357735091099, 32.976506788924745, 33.43830139226572, 38.69547777195677, 50.38596575173514, 39.69785888432776, 37.6560752070632, 37.7357920282588, 37.66098777249476, 37.3618789677393, 45.8278299726269, 53.02921241601792, 34.90630315573392, 47.29995471859387, 35.09130946545028, 34.7781540625721, 34.970559046146235, 41.50036144420913, 48.55697684164449, 53.508215655610286, 70.56104433742637, 34.73960276111401, 50.79368149646526, 35.152951511928556, 35.00528531522061, 49.986679630578905, 55.30259861866526, 65.18680848147116, 73.92709877158734, 78.25718148600411], "name": "(43) Square|Special(1.04/0.06/0.22/1.59/0.55)+Noise"}