{"loss": [0.0, 8.6413, 0.0, 0.0, 0.0, 0.0, 0.0, 0.0, 0.0, 0.0, 10.6934, 0.0, 0.0, 0.0, 0.0, 0.0, 2.8076, 16.04, 0.0, 0.3472, 0.0, 0.0, 0.0, 2.1593, 0.6076, 1.2478, 5.7726, 0.0, 0.3845, 0.0, 0.0, 0.0854, 0.9033, 3.064, 3.1128, 7.3853], "time": [0.260223, 0.31488, 0.195, 0.207168, 0.204929, 0.218484, 0.216696, 0.19263, 0.207836, 0.250435, 0.446376, 0.248055, 0.245161, 0.253422, 0.244255, 0.246121, 0.365833, 0.487254, 0.187684, 0.325236, 0.182436, 0.182832, 0.182383, 0.260212, 0.355134, 0.423758, 0.722932, 0.186799, 0.367233, 0.18445, 0.182957, 0.346956, 0.437247, 0.603779, 0.755449, 0.905052], "score": [51.01205739822694, 14.21255994741653, 44.15880433163923, 45.51571157303816, 45.26908437333364, 46.74227208854957, 46.5506176113701, 43.88963431153192, 45.589033769098464, 50.0434810939447, -9.586633137690313, 49.80512021870844, 49.51373546804967, 50.341036938068726, 49.42216102114516, 49.61058354827123, 55.7163973647983, -109.7881899506051, 43.32251146921194, 56.9607182784813, 42.71252743633886, 42.75885873126175, 42.70632271689989, 48.63255328638101, 59.37311586127807, 64.08313857713888, 56.69246714700794, 43.22024988359045, 60.51016164918397, 42.94764254298482, 42.77347308788474, 58.898675174662976, 65.58511029750014, 70.40836478856593, 78.49476749867142, 43.24549000346245], "name": "(43) Circle10(1/4)Dual|Special(1.24/0.16/0.11/1.66/0.31)+LNoise"}