{"loss": [0.0, 0.1953, 0.0, 0.0, 0.0, 0.0, 0.0, 0.0, 0.0, 0.0, 0.6836, 0.0, 0.0, 0.0, 0.0, 0.0, 0.0, 0.4395, 0.0, 0.0543, 0.0, 0.0, 0.0, 0.0, 0.0109, 0.0543, 0.3038, 0.0, 0.0122, 0.0, 0.0, 0.0061, 0.2563, 0.0427, 0.1709, 0.1099], "time": [0.152967, 0.138498, 0.14358, 0.118318, 0.120057, 0.114091, 0.11492, 0.117562, 0.117619, 0.165589, 0.213335, 0.182249, 0.192881, 0.175565, 0.165528, 0.158321, 0.171949, 0.23397, 0.167582, 0.229491, 0.164969, 0.165126, 0.165578, 0.169086, 0.23671, 0.283815, 0.378334, 0.157255, 0.240321, 0.16176, 0.158215, 0.238348, 0.289706, 0.402713, 0.515827, 0.44563], "score": [39.110995896294945, 37.201124725649926, 37.891951652032915, 34.3973836214326, 34.64924241596055, 33.777359281033206, 33.89985250705377, 34.28731543880331, 34.2956265433364, 40.692628325041866, 45.972360350569886, 42.69063129071764, 43.91821945388952, 41.90047732425014, 40.68513241959524, 39.78957149806969, 41.46673365482263, 48.277013048536915, 40.93678052802883, 47.90380644177855, 40.61637600771393, 40.63569859126332, 40.69127670643918, 41.12006809332883, 48.65279411606615, 53.27271944747614, 61.452091891295034, 39.655390554122654, 49.02247286836718, 40.21939830479814, 39.776249194714175, 48.8208789987902, 53.78898689001662, 63.458515179774096, 71.8001205276393, 66.74746137710781], "name": "(44) Circle9(1/4)|Star+Noise"}