{"loss": [0.0, 5.0781, 0.0, 0.0, 0.0, 0.0, 0.0, 0.0, 0.0, 0.0, 2.3438, 0.0, 0.0, 0.0, 0.0, 0.0, 1.4648, 3.6133, 0.0, 0.3364, 0.0, 0.0, 0.0, 0.2062, 0.8898, 0.9332, 8.9193, 0.0, 0.0244, 0.0, 0.0, 0.0122, 0.2197, 2.5757, 0.8789, 1.987], "time": [0.218655, 0.332079, 0.21051, 0.180524, 0.247252, 0.205896, 0.216963, 0.220365, 0.170996, 0.13078, 0.234365, 0.129036, 0.128865, 0.129882, 0.131114, 0.130732, 0.194869, 0.258766, 0.137141, 0.248069, 0.132287, 0.135948, 0.133738, 0.191992, 0.262416, 0.310165, 0.535408, 0.134097, 0.273709, 0.134874, 0.134609, 0.262254, 0.325805, 0.446792, 0.571301, 0.607332], "score": [46.76056030459858, 42.76614570894193, 45.88136876772532, 42.48811598553176, 49.72444067055958, 45.37576445637032, 46.57928724229258, 46.94305060389664, 41.351662602608855, 36.16351752802816, 45.751835673172096, 35.92158125695471, 35.897771518577585, 36.03914538387391, 36.20966721747108, 36.15688039640588, 43.19679877760538, 44.22761681691473, 37.0325532471095, 49.750162142003255, 36.37127987849754, 36.87112691524359, 36.57020645279433, 43.79826146115902, 50.820972412310034, 55.20745449778481, 14.960725112017851, 36.619257228949905, 52.31689410715212, 36.7251957108468, 36.68909919853579, 51.21066483876906, 57.05177965717434, 62.40801583787414, 75.00059244664462, 74.85464073487942], "name": "(44) Circle10|Special(1.87/0.67/0.88/1.76/0.66)+LNoise"}