{"loss": [0.0, 0.6836, 0.0, 0.0, 0.0, 0.0, 0.0, 0.0, 0.0, 0.0, 0.4883, 0.0, 0.0, 0.0, 0.0, 0.0, 0.0, 0.6104, 0.0, 0.0434, 0.0, 0.0, 0.0, 0.0, 0.0109, 0.0326, 0.293, 0.0, 0.0061, 0.0, 0.0, 0.0061, 0.2014, 0.0061, 0.0427, 0.708], "time": [0.105691, 0.151741, 0.099792, 0.104656, 0.104856, 0.098306, 0.105757, 0.106719, 0.101505, 0.137554, 0.251963, 0.134349, 0.13791, 0.138802, 0.138936, 0.137016, 0.206905, 0.271372, 0.144107, 0.257977, 0.144971, 0.141078, 0.142679, 0.202051, 0.278949, 0.326466, 0.570851, 0.137351, 0.288026, 0.136019, 0.140833, 0.275819, 0.343058, 0.466949, 0.610343, 0.66246], "score": [32.51015226048626, 38.771911883027585, 31.58987179461164, 32.350579592953196, 32.38147618623957, 31.353787649979388, 32.52030135161727, 32.66787412734413, 31.85984934051007, 37.088273079236245, 50.07623058712972, 36.65364920441074, 37.13623567353051, 37.25614043349096, 37.274119707915304, 37.01567235644924, 45.48681127535761, 51.899283940682416, 37.961427791904775, 50.79047959887391, 38.07505745235324, 37.56035143605555, 37.77287386471937, 44.950083425951505, 52.81555993850486, 57.13659606038408, 75.48981924538613, 37.06089583374908, 53.66803384241784, 36.88075378839212, 37.52772308574023, 52.51845339835688, 58.54739570168079, 68.33364123889629, 78.1230275627572, 80.98365874372341], "name": "(44) Circle11(1/4)|Special(1.82/0.19/0.58/1.79/0.88)+Noise"}