{"loss": [0.0, 0.1953, 0.0, 0.0, 0.0, 0.0, 0.0, 0.0, 0.0, 0.0, 0.6104, 0.0, 0.0, 0.0, 0.0, 0.0, 0.0, 0.4883, 0.0, 0.0651, 0.0, 0.0, 0.0, 0.0, 0.0, 0.0326, 0.2604, 0.0, 0.0122, 0.0, 0.0, 0.0061, 0.238, 0.0244, 0.0977, 0.116], "time": [0.159755, 0.138275, 0.121555, 0.116103, 0.115385, 0.123601, 0.123562, 0.127451, 0.121183, 0.168785, 0.221267, 0.165985, 0.165939, 0.167008, 0.167204, 0.172745, 0.192133, 0.238824, 0.182766, 0.225816, 0.183955, 0.178624, 0.172147, 0.179535, 0.249559, 0.296853, 0.405969, 0.168226, 0.252033, 0.175876, 0.168272, 0.25388, 0.308581, 0.421112, 0.539467, 0.469583], "score": [39.96936326738268, 37.17116330794816, 34.86473863375431, 34.073890297411005, 33.9683676381424, 35.156933882237226, 35.151386885868384, 35.70028011094591, 34.811348724230726, 41.083451656354285, 46.86376450770663, 40.741256730739174, 40.73561095650831, 40.86661228925148, 40.890585713584485, 41.56260338333007, 43.83297845230232, 48.75309925834995, 42.75114033566824, 47.51808710336084, 42.88997551876196, 42.26393261399133, 41.49060134536495, 42.37157065769453, 49.95588053472784, 54.48363886192282, 63.672492211647885, 41.01536297535351, 50.202813641142065, 41.93757265269415, 41.020970246935896, 50.386487381294906, 55.518601726471154, 64.89275658732028, 73.44140640919218, 68.51690552889079], "name": "(45) Circle14(1/4)Dual(1/3)|Star+Noise"}