{"loss": [0.0, 5.8586, 0.0, 0.0, 0.0, 0.0, 0.0, 0.0, 0.0, 0.0, 2.5879, 0.0, 0.0, 0.0, 0.0, 0.0, 1.0986, 3.5645, 0.0, 0.076, 0.0, 0.0, 0.0, 1.3672, 0.1302, 0.5534, 2.7778, 0.0, 0.0244, 0.0, 0.0, 0.1038, 0.2258, 2.2888, 1.3367, 2.2095], "time": [0.168843, 0.259205, 0.22859, 0.22108, 0.259731, 0.256725, 0.213893, 0.209669, 0.24146, 0.153733, 0.238793, 0.136288, 0.140663, 0.138432, 0.13769, 0.139816, 0.206535, 0.277738, 0.144375, 0.2569, 0.140768, 0.144773, 0.143303, 0.206826, 0.279881, 0.331156, 0.572233, 0.109392, 0.216427, 0.106686, 0.106905, 0.21055, 0.260709, 0.35991, 0.455364, 0.493971], "score": [41.09050985324957, 33.43749324266202, 47.81108658041563, 47.019145036888965, 50.96381068954715, 50.668037262163615, 46.24856754538458, 45.789627646444124, 49.13857954804961, 39.20880003264573, 45.593753819754866, 36.91720466124162, 37.505066324431425, 37.20645105354715, 37.106603185956, 37.39197774924455, 44.89762272101855, 46.00486243979931, 37.996710383926654, 50.682376006761395, 37.51906182195925, 38.049047294249036, 37.85538270840754, 44.628033168528745, 52.894812313197775, 57.36991938992532, 69.8091012622117, 33.07446144686259, 46.521438387919275, 32.66282290311111, 32.69633006929065, 45.88078369834201, 51.033637874234934, 56.84972918715843, 66.27494173748265, 66.8519281412494], "name": "(45) Circle9(1/4)|Special(1.61/0.62/0.94/1.68/0.49)+LNoise"}