{"loss": [0.0, 0.1953, 0.0, 0.0, 0.0, 0.0, 0.0, 0.0, 0.0, 0.0, 0.6836, 0.0, 0.0, 0.0, 0.0, 0.0, 0.0, 0.5615, 0.0, 0.0543, 0.0, 0.0, 0.0, 0.0, 0.0217, 0.076, 0.3038, 0.0, 0.0122, 0.0, 0.0, 0.0061, 0.2563, 0.0854, 0.2625, 0.1221], "time": [0.139526, 0.159951, 0.137635, 0.135596, 0.141295, 0.17381, 0.178263, 0.129659, 0.139619, 0.188368, 0.219532, 0.178899, 0.176488, 0.164758, 0.166618, 0.166091, 0.180776, 0.241601, 0.173275, 0.225779, 0.175777, 0.175728, 0.170627, 0.175954, 0.245891, 0.292028, 0.395536, 0.163157, 0.248452, 0.164909, 0.165745, 0.245574, 0.296831, 0.421198, 0.529074, 0.468136], "score": [37.35317924889393, 39.97862003136478, 37.09919136585055, 36.82336214959194, 37.58922718013766, 41.69052650183252, 42.221203204077455, 36.00819351203279, 37.36562591473613, 43.401382466460674, 46.63528799915372, 42.29645375205822, 42.010474884247614, 40.59039295202746, 40.81886818617097, 40.75426358063656, 42.51776099467139, 48.997954186505666, 41.626313793080456, 47.51480675050767, 41.925767732982536, 41.91992366405263, 41.307021194949414, 41.94687115864543, 49.587164090437, 54.03649377038716, 62.83360736545344, 40.39269735979512, 49.84488543558274, 40.60898915264944, 40.71179190357506, 49.55540507793909, 54.446409740142364, 64.8950356307974, 72.68735248321106, 68.41026437139003], "name": "(45) Circle16(2/3)Dual|Star+Noise"}