{"loss": [0.0, 1.5625, 0.0, 0.0, 0.0, 0.0, 0.0, 0.0, 0.0, 0.0, 0.6348, 0.0, 0.0, 0.0, 0.0, 0.0, 0.0, 1.1719, 0.0, 0.0434, 0.0, 0.0, 0.0, 0.0, 0.0, 0.0326, 0.293, 0.0, 0.0061, 0.0, 0.0, 0.0061, 0.2319, 0.0244, 0.0305, 0.5066], "time": [0.164468, 0.258973, 0.169242, 0.167693, 0.16712, 0.165301, 0.167864, 0.165746, 0.155716, 0.128539, 0.234728, 0.12888, 0.129213, 0.129338, 0.127917, 0.129759, 0.193649, 0.260107, 0.133457, 0.243268, 0.133411, 0.135629, 0.133831, 0.188297, 0.26384, 0.31087, 0.534627, 0.129082, 0.264853, 0.134318, 0.130561, 0.258843, 0.316708, 0.431952, 0.568281, 0.611511], "score": [40.55465448009636, 49.64697311227434, 41.139032560331316, 40.95033577395917, 40.88031311034689, 40.65722568006824, 40.971209403677605, 40.711914717929936, 39.46086669093825, 35.852336046623236, 48.25350141912564, 35.89986072396382, 35.94620981410975, 35.96359270150856, 35.76548615634911, 36.022076564240436, 44.005567829537206, 50.300268543907585, 36.531766998052525, 49.32127693894644, 36.5254705650728, 36.82784272802305, 36.58291951170655, 43.39320223260781, 51.36535797597443, 55.75512464617827, 73.05542075413398, 35.92798352259698, 51.46385167245394, 36.6494201864095, 36.13322570709679, 50.87659652227881, 56.246551503784524, 65.72266402668537, 75.38371357137908, 77.99847566285428], "name": "(45) Circle12(2/3)|Special(1.95/0.5/0.01/1.9/0.4)+Noise"}