{"loss": [0.0, 0.5859, 0.0, 0.0, 0.0, 0.0, 0.0, 0.0, 0.0, 0.0, 0.6348, 0.0, 0.0, 0.0, 0.0, 0.0, 0.0, 0.4395, 0.0, 0.0651, 0.0, 0.0, 0.0, 0.0, 0.0217, 0.0868, 0.4449, 0.0, 0.0183, 0.0, 0.0, 0.0061, 0.238, 0.061, 0.1587, 0.2014], "time": [0.164091, 0.147539, 0.135887, 0.163585, 0.112656, 0.122499, 0.120238, 0.121078, 0.186157, 0.161089, 0.226412, 0.176975, 0.186501, 0.163973, 0.185191, 0.169647, 0.187702, 0.249412, 0.174901, 0.230976, 0.178527, 0.176471, 0.174548, 0.183031, 0.255705, 0.305096, 0.403998, 0.169113, 0.25786, 0.16981, 0.168306, 0.252354, 0.313148, 0.424293, 0.545593, 0.475704], "score": [40.50814732865476, 38.278949614329946, 36.86285393183767, 40.44564253414699, 33.564266713277085, 34.999857142565595, 34.67535147622876, 34.79626416729245, 43.1459152180134, 40.13589415971693, 47.391025207734714, 42.068396689201265, 43.18576154243433, 40.493579738027606, 43.033823906318155, 41.18822647310758, 43.32458886129215, 49.844698904970286, 41.82116688950704, 48.05792576078316, 42.252455549944074, 42.00845153061464, 41.77894206415476, 42.782122434493594, 50.56704379604575, 55.23133425892676, 63.435027214216, 41.12335103077083, 50.779747233339386, 41.208008930303826, 41.025114259438695, 50.234829769611856, 55.92793053284146, 65.13535328087269, 73.84566418448114, 68.94332226792372], "name": "(45) Circle15(1/3)Dual(1/4)|Star+Noise"}