{"loss": [0.0, 0.6836, 0.0, 0.0, 0.0, 0.0, 0.0, 0.0, 0.0, 0.0, 0.5127, 0.0, 0.0, 0.0, 0.0, 0.0, 0.0, 0.5859, 0.0, 0.0651, 0.0, 0.0, 0.0, 0.0, 0.0109, 0.076, 0.7378, 0.0, 0.0061, 0.0, 0.0, 0.0061, 0.238, 0.0, 0.0671, 1.6174], "time": [0.18775, 0.219534, 0.152926, 0.141148, 0.137483, 0.152652, 0.139723, 0.148145, 0.144045, 0.164553, 0.244812, 0.170188, 0.17003, 0.167439, 0.167988, 0.173345, 0.256259, 0.274888, 0.143718, 0.265492, 0.145088, 0.147833, 0.14649, 0.209397, 0.280536, 0.339571, 0.49098, 0.120517, 0.248857, 0.118714, 0.120471, 0.239551, 0.298242, 0.408376, 0.525544, 0.574631], "score": [43.33012808658659, 46.63550042914927, 39.10575405231307, 37.56966861711719, 37.07870008508928, 39.07070513824904, 37.379539858056035, 38.48960898736177, 37.953260729481464, 40.56513281131963, 49.348420399427184, 41.25384830533995, 41.23469413006479, 40.91931084463667, 40.98633918758786, 41.63472108709268, 50.622030777123115, 52.24978227505938, 37.910156950347755, 51.52373213596087, 38.090418742775725, 38.449057205606486, 38.2740120708556, 45.75991695796661, 52.965586317037285, 58.26935505829482, 69.68853999310012, 34.71555847167088, 49.88555049316937, 34.45489805528381, 34.70893256785636, 48.94392931980216, 54.58060308344534, 63.90430345446229, 72.49114958214872, 73.82138885350955], "name": "(45) Square|Special(1.91/0.81/0.08/1.0/0.87)+Noise"}