{"loss": [0.0, 0.1953, 0.0, 0.0, 0.0, 0.0, 0.0, 0.0, 0.0, 0.0, 0.6348, 0.0, 0.0, 0.0, 0.0, 0.0, 0.0, 0.5615, 0.0, 0.0543, 0.0, 0.0, 0.0, 0.0, 0.0109, 0.0434, 0.2821, 0.0, 0.0122, 0.0, 0.0, 0.0061, 0.2563, 0.1282, 0.1587, 0.1343], "time": [0.131578, 0.123923, 0.191406, 0.135847, 0.166079, 0.167679, 0.160211, 0.148533, 0.132281, 0.179114, 0.224373, 0.175044, 0.170833, 0.171617, 0.171084, 0.199684, 0.189078, 0.253396, 0.1886, 0.229098, 0.184615, 0.179941, 0.178142, 0.182302, 0.257072, 0.304966, 0.413616, 0.172861, 0.272286, 0.179341, 0.176591, 0.252242, 0.292431, 0.399266, 0.546928, 0.479221], "score": [36.27368191954051, 35.18927171513677, 43.7499714285621, 36.85742801661559, 40.75279131544243, 40.94862635058715, 40.026366310221064, 38.539979242340024, 36.37045504252043, 42.321861962820115, 47.17714775954456, 41.838260002060316, 41.331948901545886, 41.42668222293453, 41.362301676768425, 44.68601570961546, 43.48310016546658, 50.179746273694235, 43.42810150121693, 47.862771580418126, 42.96684768516303, 42.41945308464031, 42.206871478469, 42.69683829044019, 50.702207954474375, 55.222686612751524, 64.26180415514993, 41.57655589391695, 52.180953369945094, 42.348671761933694, 42.02273194355645, 50.223680896718285, 54.04136676225051, 63.17711374652858, 73.93595468454266, 69.21330408919161], "name": "(46) Circle16(1/4)Dual|Star+Noise"}