{"loss": [0.0, 1.5625, 0.0, 0.0, 0.0, 0.0, 0.0, 0.0, 0.0, 0.0, 0.6104, 0.0, 0.0, 0.0, 0.0, 0.0, 0.0, 0.5615, 0.0, 0.076, 0.0, 0.0, 0.0, 0.0, 0.0, 0.0543, 0.4883, 0.0, 0.0122, 0.0, 0.0, 0.0122, 0.2563, 0.0977, 0.2075, 0.177], "time": [0.127233, 0.122826, 0.163284, 0.13327, 0.095763, 0.111775, 0.145003, 0.141835, 0.183581, 0.179062, 0.237472, 0.180704, 0.179142, 0.179818, 0.181847, 0.18005, 0.195078, 0.268499, 0.189549, 0.248898, 0.191118, 0.189207, 0.185281, 0.193595, 0.274793, 0.32509, 0.443295, 0.181199, 0.277525, 0.183935, 0.188905, 0.274231, 0.341341, 0.469971, 0.601284, 0.518035], "score": [35.6697350705048, 34.1909120556533, 40.40841496520248, 36.506163863106735, 30.945597425158883, 33.43276835680826, 38.07925944658063, 37.66098777249476, 42.84635340376121, 42.315718119866524, 48.54953259524454, 42.50929310162662, 42.325169816552425, 42.404952540947384, 42.64352236858489, 42.43229901855425, 44.16763520950607, 51.65351968462493, 43.53722545133073, 49.886796663387585, 43.71704473085984, 43.497930985277904, 43.044279527017295, 43.99943181451324, 52.42070201742819, 57.014983100088536, 66.42165028094041, 42.567475847177036, 52.68056319594494, 42.88764390824005, 43.463202827219256, 52.36699186221859, 58.386016785166674, 68.54788720976703, 77.50911757877088, 71.95209937695762], "name": "(46) Circle13(1/4)Dual(1/4)|Star+Noise"}