{"loss": [0.0, 0.0977, 0.0, 0.0, 0.0, 0.0, 0.0, 0.0, 0.0, 0.0, 0.5371, 0.0, 0.0, 0.0, 0.0, 0.0, 0.0, 0.6104, 0.0, 0.0651, 0.0, 0.0, 0.0, 0.0, 0.0, 0.0326, 0.2821, 0.0, 0.0244, 0.0, 0.0, 0.0061, 0.2502, 0.2014, 0.354, 0.1587], "time": [0.139031, 0.182663, 0.127943, 0.129815, 0.124035, 0.132642, 0.124668, 0.123225, 0.125, 0.182456, 0.242263, 0.184472, 0.17678, 0.179559, 0.184008, 0.180255, 0.200972, 0.269507, 0.189409, 0.239246, 0.19978, 0.207101, 0.200676, 0.199846, 0.269078, 0.320509, 0.43183, 0.18985, 0.280693, 0.191834, 0.183645, 0.274383, 0.336723, 0.466826, 0.609468, 0.528836], "score": [37.28686095664262, 42.73501260537359, 35.76912076079031, 36.029848736845956, 35.21860303873508, 36.420049423360204, 35.30835595153079, 35.1034186369362, 35.35533905932738, 42.71486860567407, 49.07823070052551, 42.95020372477877, 42.045213758524284, 42.37440265065692, 42.89615367372697, 42.45644827349551, 44.82990073600431, 51.72063795078656, 43.521144286427024, 48.910706587708795, 44.69675603441485, 45.50835088200846, 44.796874891001046, 44.70413851088062, 51.872728865946506, 56.61291262188366, 65.66147799971698, 43.57177985806868, 52.980152674587465, 43.79885843261215, 42.8538212998561, 52.381561240975756, 57.99151269698459, 68.29695229326293, 77.97059928440163, 72.70279578901588], "name": "(46) Circle13(1/4)Dual(2/3)|Star+Noise"}