{"loss": [0.0, 0.1953, 0.0, 0.0, 0.0, 0.0, 0.0, 0.0, 0.0, 0.0, 0.708, 0.0, 0.0, 0.0, 0.0, 0.0, 0.0244, 0.9277, 0.0, 0.1085, 0.0, 0.0, 0.0, 0.0, 0.0651, 0.3255, 0.3038, 0.0, 0.0732, 0.0, 0.0, 0.0427, 0.3601, 0.6226, 0.9277, 0.2747], "time": [0.161978, 0.165929, 0.135928, 0.134312, 0.13795, 0.168713, 0.138045, 0.146634, 0.186478, 0.186459, 0.262583, 0.19787, 0.196058, 0.20028, 0.199444, 0.196897, 0.218122, 0.298795, 0.207366, 0.281267, 0.20973, 0.206103, 0.204971, 0.216491, 0.30316, 0.363697, 0.490173, 0.197231, 0.31043, 0.202984, 0.197876, 0.30786, 0.365678, 0.502608, 0.652367, 0.576411], "score": [40.246490530231334, 40.71884656551982, 36.8684146662153, 36.64860161042983, 37.141620858546275, 41.07468806941813, 37.15440754473149, 38.292819170178625, 43.18309854561157, 43.18089855480083, 50.98599118475622, 44.48258086037725, 44.27843719012676, 44.75265355261071, 44.6591535969951, 44.37307742314026, 46.703255002778235, 54.19170679225727, 45.53745710950492, 53.028367973109276, 45.79628805918663, 45.39856825936254, 45.27372306316325, 46.5285933593527, 55.057633861460616, 60.24340067633656, 69.94773854039333, 44.41069690964103, 55.71325997663422, 45.05374568224045, 44.483255276564456, 55.48412148904915, 60.392901143751274, 70.62004146466123, 80.07411707970863, 75.8644454077576], "name": "(49) Circle10(1/4)Dual(2/3)|Star+Noise"}