{"loss": [0.0, 0.7813, 0.0, 0.0, 0.0, 0.0, 0.0, 0.0, 0.0, 0.0, 0.8545, 0.0, 0.0, 0.0, 0.0, 0.0, 0.0, 0.6104, 0.0, 0.0977, 0.0, 0.0, 0.0, 0.0326, 0.0977, 0.2604, 0.4883, 0.0, 0.1099, 0.0, 0.0, 0.0916, 0.3418, 0.5005, 1.0071, 0.6226], "time": [0.194133, 0.163684, 0.148678, 0.136377, 0.139773, 0.144144, 0.145551, 0.136389, 0.169933, 0.203214, 0.247528, 0.200398, 0.20735, 0.212712, 0.194107, 0.198379, 0.219043, 0.295385, 0.205512, 0.280493, 0.209031, 0.203526, 0.207778, 0.221528, 0.310222, 0.362867, 0.492947, 0.205672, 0.316027, 0.195786, 0.201728, 0.308012, 0.372221, 0.508639, 0.667796, 0.572488], "score": [44.06052655155179, 40.210912424088946, 38.558786287952586, 36.92925669438799, 37.3862274106388, 37.9663008469353, 38.15114677175511, 36.93088138672025, 41.222930512034196, 45.07926352548364, 49.38891022159501, 44.765835187115634, 45.53570028010989, 46.12071118272137, 44.05757596600158, 44.539757520669106, 46.80202987050882, 54.14683384270527, 45.33343137244301, 52.95653451795011, 45.71990813639065, 45.11385596465902, 45.5826721463321, 47.06626088856805, 55.692259753705855, 60.197596295235336, 70.04277746616044, 45.35107495969638, 56.209488973377404, 44.2477118052448, 44.91414031237824, 55.4941721539403, 60.938641024205836, 71.14027746611737, 80.88995296689477, 75.3696439488089], "name": "(49) Circle10Dual(1/4)|Star+Noise"}