{"loss": [0.0, 0.293, 0.0, 0.0, 0.0, 0.0, 0.0, 0.0, 0.0, 0.0, 0.6592, 0.0, 0.0, 0.0, 0.0, 0.0, 0.0244, 0.6104, 0.0, 0.1085, 0.0, 0.0, 0.0, 0.0109, 0.0326, 0.1628, 0.3472, 0.0, 0.0671, 0.0, 0.0, 0.0244, 0.3479, 0.2747, 0.8362, 0.3601], "time": [0.144845, 0.154672, 0.161179, 0.135678, 0.138968, 0.138253, 0.135698, 0.13415, 0.135196, 0.199788, 0.273316, 0.205634, 0.201757, 0.202318, 0.18467, 0.19833, 0.226361, 0.297228, 0.211981, 0.285267, 0.212569, 0.210004, 0.219935, 0.245607, 0.301908, 0.366012, 0.460143, 0.20715, 0.314876, 0.212379, 0.210289, 0.314593, 0.381872, 0.523766, 0.699057, 0.58992], "score": [38.058507590287874, 39.294598262800676, 40.147104503313805, 36.834494702656094, 37.278411983345, 37.18238830414206, 36.83720944914259, 36.62649314362487, 36.76900868938405, 44.69765094498815, 52.052454403551266, 45.346885229307645, 44.917368578312775, 44.979773231976175, 42.97324749189896, 44.53425647745789, 47.57712734942329, 54.31549074658707, 46.04139441850127, 53.40410464230091, 46.10520577982491, 45.82619338326063, 46.89722806307426, 49.55869413019206, 54.94557151574435, 60.48289107184946, 67.7520688816911, 45.513734190901104, 56.111286442326715, 46.08459612495264, 45.85727859347957, 56.08825671113172, 61.72099856390233, 72.31706780934746, 83.0250046579472, 76.70665353785667], "name": "(49) Circle13(2/3)Dual(1/4)|Star+Noise"}