{"loss": [0.0, 0.293, 0.0, 0.0, 0.0, 0.0, 0.0, 0.0, 0.0, 0.0, 0.6592, 0.0, 0.0, 0.0, 0.0, 0.0, 0.0244, 1.0254, 0.0, 0.1628, 0.0, 0.0, 0.0, 0.0, 0.1194, 0.2062, 0.2713, 0.0, 0.0732, 0.0, 0.0, 0.0854, 0.4333, 0.7629, 1.3245, 0.2991], "time": [0.175778, 0.178669, 0.175907, 0.139072, 0.137041, 0.129784, 0.134345, 0.137912, 0.187275, 0.208115, 0.263881, 0.210808, 0.20014, 0.198302, 0.199555, 0.197982, 0.221255, 0.297853, 0.207348, 0.280288, 0.209689, 0.208659, 0.207557, 0.220318, 0.305957, 0.361475, 0.489561, 0.200668, 0.314611, 0.201475, 0.201711, 0.309881, 0.369207, 0.521348, 0.665968, 0.580233], "score": [41.92588699121343, 42.23296823340039, 41.94126845959716, 37.29235846658133, 37.01904915040363, 36.025546491344166, 36.653103552086826, 37.13650495132788, 43.27528162819972, 45.61962297082254, 51.146126085632645, 45.913832338414096, 44.73700928761332, 44.53111271908664, 44.671579331830216, 44.495168277016326, 47.0374707526145, 54.002074667935425, 45.535480671669646, 52.928200944563685, 45.79181149506972, 45.67920752377388, 45.55842402893234, 46.938044271145344, 55.305494261931685, 60.09722774688628, 69.91713633282086, 44.79598196267161, 56.087189774348516, 44.88596662655267, 44.91224777274012, 55.66289620689742, 60.648325397572954, 71.78419035396547, 80.17523306444392, 76.1048817153551], "name": "(49) Circle10(1/4)Dual(3/4)|Star+Noise"}