{"loss": [0.0, 4.9805, 0.0, 0.0, 0.0, 0.0, 0.0, 0.0, 0.0, 0.0, 0.9766, 0.0, 0.0, 0.0, 0.0, 0.0, 0.0, 2.002, 0.0, 0.0651, 0.0, 0.0, 0.0, 0.0, 0.0326, 0.0434, 0.7487, 0.0, 0.0061, 0.0, 0.0, 0.0122, 0.2441, 0.0549, 0.1648, 2.5391], "time": [0.211563, 0.254464, 0.18124, 0.180607, 0.178571, 0.178195, 0.181543, 0.172439, 0.171471, 0.160594, 0.289699, 0.157866, 0.158567, 0.158805, 0.159154, 0.159509, 0.239378, 0.31978, 0.164607, 0.301386, 0.167689, 0.166545, 0.166618, 0.233997, 0.328304, 0.388419, 0.664056, 0.15902, 0.331191, 0.164169, 0.164344, 0.321697, 0.405346, 0.549715, 0.704101, 0.758252], "score": [45.99597808504565, 37.931493462604635, 42.57229145817735, 42.49788230018056, 42.25766202714012, 42.213149610044496, 42.607863124076054, 41.52577512822609, 41.409056980327385, 40.07418121434298, 53.310351502325844, 39.73235457407477, 39.82047212176169, 39.8503450424209, 39.89410984092764, 39.93857784148054, 48.92627106166993, 54.28260377704216, 40.57178822778212, 54.89630725319091, 40.94984737456295, 40.809925263347395, 40.81886818617097, 48.37323640196095, 57.2972095193038, 62.32209623624437, 81.03283973715969, 39.877311845208425, 57.54917493133187, 40.517773877645354, 40.53936358651921, 56.71825476626402, 63.62885309544051, 74.14053301462245, 83.88793702261226, 81.46374423709604], "name": "(49) Circle16(2/3)Dual(1/3)|Special(1.97/0.4/0.15/1.88/0.95)+Noise"}