{"loss": [0.0, 0.3906, 0.0, 0.0, 0.0, 0.0, 0.0, 0.0, 0.0, 0.0, 0.6592, 0.0, 0.0, 0.0, 0.0, 0.0, 0.0, 0.708, 0.0, 0.1194, 0.0, 0.0, 0.0, 0.0, 0.0977, 0.1845, 0.2387, 0.0, 0.061, 0.0, 0.0, 0.0549, 0.3296, 0.3967, 0.9277, 0.2563], "time": [0.187898, 0.153846, 0.139548, 0.166074, 0.156251, 0.189796, 0.13933, 0.175298, 0.152172, 0.219072, 0.270062, 0.19965, 0.201748, 0.201822, 0.200348, 0.203372, 0.2264, 0.301746, 0.209064, 0.284467, 0.207978, 0.212793, 0.212234, 0.222222, 0.311847, 0.36651, 0.497977, 0.210997, 0.316916, 0.201147, 0.206165, 0.308331, 0.379812, 0.532084, 0.683355, 0.591588], "score": [43.34720290860761, 39.16336521172437, 37.35612399593941, 40.752177855913416, 39.52859724300876, 43.56558274601638, 37.326933975348155, 41.868603989146806, 39.009229677090524, 46.805127924192234, 51.74166789576643, 44.68221122549778, 44.91636672750814, 44.92460350409339, 44.76025022271435, 45.09678480778868, 47.58150901348127, 54.65606038675164, 45.72351692510102, 53.327844181291724, 45.6046050306326, 46.12949165122026, 46.06886150101823, 47.14042850887124, 55.83793239727858, 60.519461384614054, 70.52727770752513, 45.934409760004534, 56.29319812819989, 44.84941471190009, 45.40539615508271, 55.52588711814964, 61.56193807078098, 72.82929541641175, 81.95384893080697, 76.86423294560846], "name": "(49) Circle10(2/3)Dual(1/3)|Star+Noise"}