{"loss": [0.0, 0.4883, 0.0, 0.0, 0.0, 0.0, 0.0, 0.0, 0.0, 0.0, 0.6592, 0.0, 0.0, 0.0, 0.0, 0.0, 0.0, 0.6348, 0.0, 0.1736, 0.0, 0.0, 0.0, 0.0109, 0.0543, 0.1953, 0.3581, 0.0, 0.1221, 0.0, 0.0, 0.0305, 0.3906, 0.6592, 1.5625, 0.4089], "time": [0.135845, 0.157644, 0.215484, 0.140923, 0.206943, 0.149689, 0.153054, 0.132666, 0.14698, 0.215094, 0.283001, 0.216056, 0.221248, 0.202207, 0.200769, 0.199514, 0.226321, 0.304325, 0.208783, 0.287051, 0.217942, 0.211362, 0.213381, 0.222695, 0.313734, 0.372715, 0.505097, 0.210455, 0.322711, 0.201527, 0.21639, 0.311581, 0.384558, 0.530931, 0.693001, 0.591806], "score": [36.85715669988666, 39.60973786056888, 46.42025420007952, 37.53971230577027, 45.49098811852738, 38.689662702070684, 39.12211650716254, 36.423344162775614, 38.33797073398643, 46.37822765048272, 52.966669947009095, 46.481824404814404, 47.03700670748512, 44.967432659648246, 44.807253877023086, 44.666990048580615, 47.57320674497358, 54.943357975883664, 45.69277842285365, 53.560994126408474, 46.68425858895052, 45.974123156401795, 46.193181314994966, 47.19051502499791, 56.010311500786564, 61.02710312982261, 70.97903931177122, 45.875374657870644, 56.799188815915905, 44.89175870914393, 46.51773855208355, 55.818921797402915, 61.9181288050581, 72.54838117519421, 81.21429192766597, 76.80030367871507], "name": "(50) Circle12(2/3)Dual(1/3)|Star+Noise"}