{"loss": [0.0, 0.3906, 0.0, 0.0, 0.0, 0.0, 0.0, 0.0, 0.0, 0.0, 0.6836, 0.0, 0.0, 0.0, 0.0, 0.0, 0.0244, 0.5859, 0.0, 0.1845, 0.0, 0.0, 0.0, 0.0109, 0.0651, 0.1845, 0.3689, 0.0, 0.116, 0.0, 0.0, 0.0488, 0.3967, 0.8057, 1.3306, 0.4517], "time": [0.149404, 0.155586, 0.158009, 0.137846, 0.167342, 0.157555, 0.194872, 0.161658, 0.191662, 0.209865, 0.259034, 0.203031, 0.20169, 0.201202, 0.204716, 0.200632, 0.22487, 0.301994, 0.215609, 0.291725, 0.215635, 0.223388, 0.214726, 0.22631, 0.316683, 0.380486, 0.515045, 0.20488, 0.32984, 0.20261, 0.211335, 0.317189, 0.388809, 0.542796, 0.680202, 0.61443], "score": [38.65281361039582, 39.384211575449676, 39.75034591044461, 37.12761775282654, 40.90745653300875, 39.69319840980316, 44.144308806458845, 40.20671585693116, 43.77921881441011, 45.81102487393182, 50.65754421022513, 45.05896137285013, 44.90990981954874, 44.85554592243862, 45.24555226759864, 44.79196356490749, 47.42017739695904, 54.76533537637317, 46.433716198469405, 53.99318715955536, 46.43651580383696, 47.26393974268332, 46.338536878067266, 47.57199409763033, 56.27220970020363, 61.66255000542487, 71.66897048987651, 45.26367196770496, 57.4239705551099, 45.012220562864925, 45.971186628147855, 56.31819358328558, 62.25642284465925, 73.19642927544292, 81.0141541163837, 78.22565303430912], "name": "(50) Circle13(2/3)Dual|Star+Noise"}