{"loss": [0.0, 0.0977, 0.0, 0.0, 0.0, 0.0, 0.0, 0.0, 0.0, 0.0, 0.5371, 0.0, 0.0, 0.0, 0.0, 0.0, 0.0, 0.5127, 0.0, 0.0326, 0.0, 0.0, 0.0, 0.0, 0.0, 0.0326, 0.293, 0.0, 0.0061, 0.0, 0.0, 0.0061, 0.1953, 0.0, 0.0122, 0.116], "time": [0.147398, 0.265442, 0.134553, 0.198622, 0.164188, 0.151534, 0.159439, 0.163526, 0.153125, 0.170564, 0.309601, 0.169907, 0.170805, 0.170797, 0.173485, 0.176065, 0.256753, 0.346074, 0.179395, 0.328825, 0.180483, 0.177967, 0.180354, 0.250464, 0.34953, 0.415319, 0.69682, 0.178078, 0.364703, 0.175317, 0.177533, 0.344292, 0.422989, 0.595347, 0.7634, 0.824896], "score": [38.39244717389086, 51.51614581867965, 36.6814667100431, 44.56702817105938, 40.520118459846586, 38.927368264499975, 39.92981342305521, 40.438348136391525, 39.131189606246316, 41.299394668687334, 55.48128736404203, 41.2197768067708, 41.32856155251475, 41.32759368751101, 41.651530584121396, 41.9601000952095, 50.67080026997798, 58.673418348806024, 42.355046924776275, 57.34265522244322, 42.48329083298515, 42.1861351631078, 42.46810567943901, 50.046378490356325, 59.1210622367359, 64.44456318096196, 83.40408188789563, 42.199289093538056, 60.39062249953033, 41.87087293095285, 42.13466506334185, 58.67637887412116, 65.01279780528635, 77.15873249347737, 87.37263458958824, 90.81156418234252], "name": "(50) Square|Special(1.33/0.21/0.41/1.89/0.97)+Noise"}