{"loss": [0.0, 0.3906, 0.0, 0.0, 0.0, 0.0, 0.0, 0.0, 0.0, 0.0, 0.6836, 0.0, 0.0, 0.0, 0.0, 0.0, 0.0, 0.6104, 0.0, 0.076, 0.0, 0.0, 0.0, 0.0, 0.0326, 0.1411, 0.3364, 0.0, 0.0427, 0.0, 0.0, 0.0061, 0.3418, 0.3479, 0.9583, 0.3235], "time": [0.154585, 0.156746, 0.189719, 0.142052, 0.1766, 0.149337, 0.139016, 0.145091, 0.143646, 0.216063, 0.28669, 0.217013, 0.211517, 0.214742, 0.216518, 0.213592, 0.240581, 0.319715, 0.225768, 0.309379, 0.228401, 0.222741, 0.220144, 0.239488, 0.330408, 0.390509, 0.551615, 0.217653, 0.342832, 0.219357, 0.223071, 0.331371, 0.415593, 0.570352, 0.724962, 0.641475], "score": [39.31729899166523, 39.53075704513772, 43.556744598282364, 37.689786414889646, 42.023802778901384, 38.644145740331744, 37.2848494699925, 38.09081254055891, 37.90065962486669, 46.48257738120811, 53.29322701379641, 46.58465412558088, 45.99097737600278, 46.34026327072387, 46.531494710572105, 46.216014540416616, 49.04905707554427, 56.332672391257084, 47.515050247263765, 55.61863550736172, 47.7913172030234, 47.19544469543644, 46.91950553874156, 48.937511174966794, 57.480516451159055, 62.47827790241236, 74.18673982774551, 46.65329570351917, 58.550789787228744, 46.835563410724546, 47.230392757206666, 57.56481159473622, 64.39118849371877, 75.43024533773763, 84.36278346734505, 80.00831622450495], "name": "(51) Circle9(1/3)Dual(1/3)|Star+Noise"}