{"loss": [0.0, 0.4883, 0.0, 0.0, 0.0, 0.0, 0.0, 0.0, 0.0, 0.0, 0.6348, 0.0, 0.0, 0.0, 0.0, 0.0, 0.0, 0.6104, 0.0, 0.1085, 0.0, 0.0, 0.0, 0.0, 0.076, 0.1628, 0.3798, 0.0, 0.0671, 0.0, 0.0, 0.0122, 0.3357, 0.5615, 1.4526, 0.4028], "time": [0.153373, 0.167328, 0.166145, 0.142857, 0.142166, 0.152268, 0.155852, 0.150776, 0.145457, 0.218175, 0.292325, 0.21911, 0.217687, 0.216895, 0.219784, 0.220814, 0.246571, 0.33115, 0.227115, 0.307497, 0.224642, 0.223954, 0.230195, 0.238893, 0.339532, 0.407457, 0.560779, 0.221879, 0.344309, 0.218972, 0.219741, 0.346567, 0.414549, 0.572317, 0.724934, 0.66276], "score": [39.162865063730976, 40.8082109307754, 40.7608881159378, 37.796428402694346, 37.704906842478735, 39.021532517316636, 39.47809519214422, 38.82988539771911, 38.13882536209, 46.70920680122924, 53.849213248980625, 46.80918713244228, 46.6569394624208, 46.571987288497795, 46.88112626633452, 46.99085017319861, 49.655916062439125, 57.33122584637126, 47.65658401522291, 55.44588403392166, 47.39641336641413, 47.32377837831633, 47.97864108121446, 48.876681556750555, 58.26600882127698, 63.81544053904693, 74.77715837127508, 47.10403379754222, 58.675207395652116, 46.7944441146596, 46.87653997470376, 58.869853774246984, 64.31292084150142, 75.41311962565432, 83.34649779162537, 81.27798700168579], "name": "(51) Circle9(2/3)Dual(1/3)|Star+Noise"}