{"loss": [0.0, 0.0977, 0.0, 0.0, 0.0, 0.0, 0.0, 0.0, 0.0, 0.0, 0.6348, 0.0, 0.0, 0.0, 0.0, 0.0, 0.0, 0.6104, 0.0, 0.0543, 0.0, 0.0, 0.0, 0.0, 0.0, 0.0326, 0.3147, 0.0, 0.0061, 0.0, 0.0, 0.0061, 0.2197, 0.0, 0.0122, 0.1099], "time": [0.154528, 0.247093, 0.134124, 0.151438, 0.159477, 0.153326, 0.141646, 0.152553, 0.14029, 0.224951, 0.397348, 0.222611, 0.222955, 0.222482, 0.217491, 0.220418, 0.33244, 0.442125, 0.174285, 0.31448, 0.17695, 0.17463, 0.173721, 0.245513, 0.340515, 0.411036, 0.702997, 0.175495, 0.360004, 0.174685, 0.167999, 0.349115, 0.419915, 0.582333, 0.760688, 0.805882], "score": [39.310049605667, 49.70370517018708, 36.62294362827762, 38.91503565461555, 39.93457148887415, 39.15686402152246, 37.635887129174996, 39.05803374467281, 37.45530670011928, 47.42899956777499, 62.78153053451691, 47.181670169675, 47.21811093214128, 47.16799762550876, 46.63593035418078, 46.94869540253489, 57.6576100788092, 66.24473766723575, 41.74745501225195, 56.07686291606299, 42.06542523260641, 41.788754468158054, 41.67985124733533, 49.54926841034084, 58.35366312409188, 64.11140798594566, 83.76187963665606, 41.89212336466129, 60.000311006283376, 41.795334667878905, 40.987681076147744, 59.08593235184373, 64.76957062787334, 76.31074629434572, 87.21729963634776, 89.76008816500658], "name": "(51) Square|Special(1.41/0.76/0.65/1.6/0.97)+Noise"}