{"loss": [0.0, 0.0977, 0.0, 0.0, 0.0, 0.0, 0.0, 0.0, 0.0, 0.0, 0.5859, 0.0, 0.0, 0.0, 0.0, 0.0, 0.0, 0.5371, 0.0, 0.0543, 0.0, 0.0, 0.0, 0.0, 0.0109, 0.0326, 0.3472, 0.0, 0.0061, 0.0, 0.0, 0.0061, 0.1892, 0.0, 0.0183, 0.1465], "time": [0.192834, 0.224931, 0.152595, 0.144936, 0.148244, 0.152964, 0.147992, 0.148843, 0.150329, 0.222915, 0.40361, 0.221359, 0.220849, 0.22093, 0.222741, 0.219776, 0.321733, 0.446275, 0.177008, 0.314509, 0.172377, 0.173533, 0.180407, 0.244112, 0.343065, 0.407905, 0.700974, 0.171712, 0.346376, 0.176622, 0.171111, 0.351752, 0.420011, 0.588837, 0.768903, 0.820706], "score": [43.912868273434384, 47.42236407191275, 39.06340998940057, 38.070460990116736, 38.50246745339836, 39.110612370557426, 38.46972835880181, 38.58017625672542, 38.772283915188694, 47.21387507926033, 63.31222164352923, 47.048804448147244, 46.994574154895794, 47.00319138101157, 47.19544469543644, 46.88027303674755, 56.721512673764266, 66.61110400243811, 42.07231869055947, 56.079448440635815, 41.51830921412865, 41.65729227878355, 42.47434519801335, 49.40769170888274, 58.571681281096176, 63.86676208668444, 83.62326235014952, 41.43814667670358, 58.85369506046573, 42.026420261545, 41.36556538958461, 59.30866194968576, 64.78505646898249, 76.73571528304144, 87.68682056330415, 90.5733820643273], "name": "(52) Square|Special(1.52/0.7/0.65/1.54/0.84)+Noise"}