{"loss": [0.0, 0.0977, 0.0, 0.0, 0.0, 0.0, 0.0, 0.0, 0.0, 0.0, 0.6836, 0.0, 0.0, 0.0, 0.0, 0.0, 0.0, 0.5859, 0.0, 0.0326, 0.0, 0.0, 0.0, 0.0, 0.0, 0.0326, 0.293, 0.0, 0.0061, 0.0, 0.0, 0.0061, 0.1953, 0.0, 0.0122, 0.1221], "time": [0.138772, 0.253737, 0.154688, 0.154088, 0.1537, 0.155547, 0.149001, 0.161248, 0.143876, 0.224009, 0.399166, 0.224178, 0.220769, 0.218035, 0.230368, 0.250725, 0.335012, 0.339738, 0.17621, 0.320264, 0.180693, 0.175322, 0.170692, 0.251589, 0.347839, 0.412384, 0.708681, 0.172288, 0.362544, 0.17446, 0.17395, 0.355553, 0.428994, 0.596725, 0.752854, 0.828136], "score": [37.25211403397128, 50.36750564072914, 39.33039537050193, 39.25404437761796, 39.20459156782532, 39.439447257790015, 38.60064766296027, 40.155696980627795, 37.930989968625916, 47.32958905378326, 62.88434144740005, 47.3474392126966, 46.98606176303777, 46.69421805748545, 47.99666655091789, 50.072447513577764, 57.88022114677863, 58.0869612182592, 41.97737485836864, 56.591270772160584, 42.507999247200516, 41.87147000046691, 41.31488835758848, 50.15864830714639, 58.97787720832278, 64.21644919661786, 84.11092266751788, 41.50758966743311, 60.2116043794554, 41.768409115023765, 41.70731350734545, 59.62824292208404, 65.47265137870272, 77.24797731979783, 86.76703054189885, 90.98841105249242], "name": "(52) Square|Special(1.57/0.26/0.7/1.76/0.82)+Noise"}