{"loss": [0.0, 5.7617, 0.0, 0.0, 0.0, 0.0, 0.0, 0.0, 0.0, 0.0, 0.6348, 0.0, 0.0, 0.0, 0.0, 0.0, 0.0, 0.6104, 0.0, 0.0543, 0.0, 0.0, 0.0, 0.0, 0.0, 0.0326, 0.293, 0.0, 0.0061, 0.0, 0.0, 0.0061, 0.2197, 0.0, 0.0122, 0.1099], "time": [0.225815, 0.30923, 0.236204, 0.220742, 0.250127, 0.219101, 0.210938, 0.211572, 0.207235, 0.214021, 0.398946, 0.222431, 0.217123, 0.218629, 0.217723, 0.217822, 0.329282, 0.442374, 0.175474, 0.314474, 0.17287, 0.174756, 0.173339, 0.242523, 0.343569, 0.412387, 0.563808, 0.181131, 0.287283, 0.175616, 0.178611, 0.280454, 0.344162, 0.470239, 0.613631, 0.677971], "score": [47.519995791245606, 37.14801066033855, 48.60082303829844, 46.983188482690274, 50.012698387509545, 46.808225772827576, 45.92798711025773, 45.99695642105029, 45.523071073907126, 46.26240374213169, 62.90764696127474, 47.16259110778372, 46.59645909293967, 46.75778010128368, 46.66079724993991, 46.67140452139832, 57.383098556979306, 66.26338920004905, 41.88961685191212, 56.07632796506077, 41.57763822056275, 41.803827575952894, 41.63400052841427, 49.24662424978995, 58.61475923348999, 64.21668277623931, 75.02268779972631, 42.55948777887252, 53.5987673556054, 41.90656273186814, 42.2623946316344, 52.95788810802146, 58.637005323886065, 68.57397465511241, 78.3344862333697, 82.32904949528893], "name": "(52) Square|Special(1.4/0.91/0.56/1.21/0.9)+Noise"}