{"loss": [0.0, 0.0977, 0.0, 0.0, 0.0, 0.0, 0.0, 0.0, 0.0, 0.0, 0.6348, 0.0, 0.0, 0.0, 0.0, 0.0, 0.0, 0.6104, 0.0, 0.0326, 0.0, 0.0, 0.0, 0.0, 0.0, 0.0326, 0.3147, 0.0, 0.0061, 0.0, 0.0, 0.0061, 0.2197, 0.0, 0.0061, 0.1221], "time": [0.220073, 0.195604, 0.191387, 0.173294, 0.187798, 0.147734, 0.158466, 0.154827, 0.152079, 0.221624, 0.394568, 0.219578, 0.221198, 0.219037, 0.219633, 0.218822, 0.326807, 0.44121, 0.176839, 0.313081, 0.174033, 0.175084, 0.180366, 0.246023, 0.337653, 0.397964, 0.704984, 0.172234, 0.358709, 0.167942, 0.169856, 0.349209, 0.425243, 0.590106, 0.743, 0.813061], "score": [46.9119387789505, 44.22291937944565, 43.74779994468293, 41.62859594077129, 43.33566660384954, 38.4361808716735, 39.8077881827162, 39.348062214040475, 38.997307599371524, 47.07695827047453, 62.56152313301353, 46.85915065384775, 47.031691443110994, 46.8013888682804, 46.86501893736948, 46.77841382518223, 57.167035956047265, 66.17615375051719, 42.05222942960337, 55.953046872899606, 41.71726261393477, 41.843040042520805, 42.46951848090581, 49.600705640141854, 58.10791684443696, 63.0837174903743, 83.88017133275467, 41.501084323183655, 59.89229775595623, 40.98072717754042, 41.21358999165203, 59.09388632665062, 65.1791826985855, 76.8183571810801, 86.19741568396948, 90.15645230022584], "name": "(52) Square|Special(1.15/0.71/0.64/1.93/0.71)+Noise"}