{"loss": [0.0, 0.0977, 0.0, 0.0, 0.0, 0.0, 0.0, 0.0, 0.0, 0.0, 0.5859, 0.0, 0.0, 0.0, 0.0, 0.0, 0.0, 0.4395, 0.0, 0.0434, 0.0, 0.0, 0.0, 0.0, 0.0109, 0.0326, 0.2496, 0.0, 0.0061, 0.0, 0.0, 0.0122, 0.1953, 0.0, 0.0183, 0.116], "time": [0.143803, 0.162174, 0.149815, 0.13503, 0.142028, 0.144324, 0.151134, 0.135472, 0.136061, 0.234619, 0.319964, 0.232653, 0.234723, 0.232107, 0.232049, 0.231422, 0.262791, 0.35239, 0.246358, 0.341921, 0.24464, 0.245765, 0.245513, 0.262026, 0.356015, 0.428617, 0.591983, 0.237783, 0.381757, 0.244372, 0.23264, 0.361484, 0.438655, 0.621986, 0.802134, 0.70077], "score": [37.92136600915109, 40.26698914997242, 38.70594269618039, 36.746428397872904, 37.686602393954274, 37.98999868386415, 38.8759565798708, 36.8065211613377, 36.88644737569613, 48.43748548386879, 56.37118352877138, 48.23411655664484, 48.44821978153583, 48.17748436770023, 48.17146458226073, 48.10634053843631, 51.263144655785595, 59.24778139206793, 49.63446383310693, 58.472909928182254, 49.46109582287882, 49.57469112359652, 49.54926841034084, 51.1884752654345, 59.66692165996663, 65.46815177690235, 76.89249749192729, 48.76299826712873, 61.78646420507436, 49.43399639923926, 48.23276894394515, 60.12344999542439, 66.20577312036959, 78.86608903705064, 89.56163394422249, 83.7007420197705], "name": "(52) Square|Star+Noise"}