{"loss": [0.0, 4.73, 0.0, 0.0, 0.0, 0.0, 0.0, 0.0, 0.0, 0.0, 4.1504, 0.0, 0.0, 0.0, 0.0, 0.0, 3.9795, 4.9805, 0.0, 0.0977, 0.0, 0.0, 0.0, 1.0308, 0.0543, 0.3364, 2.9188, 0.0, 0.0244, 0.0, 0.0, 0.061, 0.3906, 1.2634, 0.8484, 2.8442], "time": [0.268649, 0.359032, 0.217779, 0.219467, 0.231683, 0.207713, 0.270709, 0.284226, 0.215545, 0.188161, 0.332167, 0.185937, 0.183997, 0.192282, 0.190415, 0.187397, 0.278846, 0.369724, 0.208326, 0.36056, 0.194829, 0.195887, 0.196907, 0.280576, 0.379391, 0.455825, 0.782267, 0.201534, 0.394913, 0.200043, 0.198961, 0.384177, 0.477425, 0.652077, 0.83808, 0.911821], "score": [51.831361162909865, 46.513598655297905, 46.66679761886389, 46.84730515195084, 48.13346029530808, 45.57554168630363, 52.02970305508191, 53.31285023331617, 46.42682414294564, 43.377528744731414, 47.7060136767573, 43.12041279950831, 42.89487148832596, 43.84997149371935, 43.636567234373516, 43.28937513986544, 44.44331125559032, 45.72203891830245, 45.64274312527677, 60.04091690588232, 44.139438147760785, 44.25912335327034, 44.37420421821669, 52.40659923671514, 61.59290768574214, 67.43841007806324, 80.91080842358097, 44.89253835549957, 62.84172958360743, 44.72616683776959, 44.605044557762746, 61.97970716932966, 68.99052922841659, 79.4623493167737, 90.88777214081341, 87.76473550313426], "name": "(53) Square|Special(1.93/0.79/0.68/1.7/0.83)+LNoise"}