{"loss": [0.0, 0.293, 0.0, 0.0, 0.0, 0.0, 0.0, 0.0, 0.0, 0.0, 0.7813, 0.0, 0.0, 0.0, 0.0, 0.0, 0.0244, 0.9521, 0.0, 0.2062, 0.0, 0.0, 0.0, 0.0326, 0.1411, 0.5208, 0.3689, 0.0, 0.1526, 0.0, 0.0, 0.116, 0.5859, 1.532, 3.4424, 0.708], "time": [0.162336, 0.204548, 0.155689, 0.157942, 0.152393, 0.154253, 0.146584, 0.157318, 0.158422, 0.241147, 0.332382, 0.238731, 0.239697, 0.242424, 0.243851, 0.242411, 0.277477, 0.366345, 0.249229, 0.355824, 0.248427, 0.245508, 0.251683, 0.272743, 0.377478, 0.452448, 0.624766, 0.246215, 0.385549, 0.23915, 0.242388, 0.385926, 0.45645, 0.639543, 0.81406, 0.729434], "score": [40.29094191006212, 45.18815618365891, 39.457445431755964, 39.74191741725605, 39.03754602943172, 39.27505569696878, 38.28628997434983, 39.663333193265544, 39.802261242296275, 49.106720517664385, 57.300651701365, 48.860106426408855, 48.95886028085213, 49.23657177342874, 49.38127175357071, 49.235251598829066, 52.67577204329338, 59.97777170356958, 49.92284046406014, 59.62562223562977, 49.8424517856014, 49.54876385945466, 50.1680177005231, 52.22424751241435, 61.427006209557256, 67.08181238016067, 78.93457441532364, 49.62005642882724, 62.07813279784306, 48.90296514527519, 49.23291581858625, 62.11458335870957, 67.32916058929392, 78.09448368777022, 79.53347244770588, 84.97879430042997], "name": "(53) Circle9(1/4)Dual(3/4)|Star+Noise"}