{"loss": [0.0, 0.5859, 0.0, 0.0, 0.0, 0.0, 0.0, 0.0, 0.0, 0.0, 0.6104, 0.0, 0.0, 0.0, 0.0, 0.0, 0.0, 0.708, 0.0, 0.1085, 0.0, 0.0, 0.0, 0.0109, 0.0543, 0.1845, 0.3906, 0.0, 0.0488, 0.0, 0.0, 0.0427, 0.3601, 0.6714, 1.6052, 0.6775], "time": [0.129053, 0.18883, 0.167933, 0.158098, 0.159613, 0.207641, 0.249796, 0.152905, 0.153576, 0.242174, 0.320096, 0.2476, 0.235632, 0.238254, 0.233904, 0.235632, 0.26833, 0.345869, 0.23969, 0.339981, 0.248054, 0.248322, 0.245206, 0.260185, 0.367755, 0.445624, 0.612317, 0.236433, 0.373597, 0.241437, 0.234812, 0.371768, 0.451708, 0.631735, 0.803749, 0.720579], "score": [35.923947444566835, 43.30540363803581, 40.9796290856811, 39.761539205619286, 39.95159571281227, 45.56764202808831, 49.9795958367012, 39.103068933269164, 39.18877390273903, 49.21117759208776, 56.36622783559376, 49.759421218498915, 48.541940628697574, 48.81126919062851, 48.36362269309444, 48.541940628697574, 51.80057914734159, 58.51583178335423, 48.958145389710175, 58.301025538588185, 49.805019827322624, 49.831917482673695, 49.5182794531474, 51.00827204961664, 60.64101861619017, 66.73235111914265, 78.13130110825466, 48.62437660268767, 61.121126154144356, 49.13623917232576, 48.45740397503771, 60.971669101809546, 67.12207400352506, 79.12347266219946, 87.34201480095987, 84.49728849800387], "name": "(53) Circle9(1/4)Dual(1/3)|Star+Noise"}