{"loss": [0.0, 3.0273, 0.0, 0.0, 0.0, 0.0, 0.0, 0.0, 0.0, 0.0, 0.7324, 0.0, 0.0, 0.0, 0.0, 0.0, 0.0732, 0.7324, 0.0, 0.0868, 0.0, 0.0, 0.0, 0.0, 0.076, 0.1736, 1.1719, 0.0, 0.0427, 0.0, 0.0, 0.0427, 0.2991, 0.5554, 1.3611, 0.5554], "time": [0.13514, 0.153887, 0.160764, 0.174591, 0.208545, 0.170324, 0.185895, 0.194144, 0.188425, 0.250555, 0.315734, 0.236123, 0.253135, 0.236191, 0.239472, 0.234836, 0.267841, 0.3583, 0.242818, 0.33798, 0.245103, 0.243249, 0.24886, 0.261705, 0.372326, 0.441368, 0.614137, 0.24222, 0.388146, 0.237057, 0.239083, 0.377146, 0.454966, 0.623011, 0.817649, 0.712884], "score": [36.76139279189514, 35.63332600479922, 40.095386268247864, 41.78408788043602, 45.66672749387676, 41.27032832435429, 43.11554244121255, 44.061774816727485, 43.407948580876294, 50.055469231643414, 55.88880288595994, 48.59248913155201, 50.31252329192007, 48.599485593985456, 48.93587640984884, 48.45988031351295, 51.750584309918125, 59.53708064898037, 49.27656643882566, 58.13166722792593, 49.50787816095536, 49.3202798045591, 49.885869742844015, 51.157110942663685, 61.0149973484094, 66.41551101146636, 77.29064209363116, 49.21585110510637, 62.300228416485595, 48.68849966881296, 48.8961143650495, 61.41109404617142, 67.39082516058114, 78.68756792236152, 88.74875806077459, 84.17201011903246], "name": "(53) Circle9(1/4)Dual(1/4)|Star+Noise"}