{"loss": [0.0, 0.293, 0.0, 0.0, 0.0, 0.0, 0.0, 0.0, 0.0, 0.0, 0.708, 0.0, 0.0, 0.0, 0.0, 0.0, 0.0244, 0.8301, 0.0, 0.217, 0.0, 0.0, 0.0, 0.0, 0.1194, 0.3906, 0.3689, 0.0, 0.1587, 0.0, 0.0, 0.0916, 0.5005, 1.3794, 2.7588, 0.647], "time": [0.180061, 0.207876, 0.09607, 0.122863, 0.138268, 0.280507, 0.240461, 0.141781, 0.185629, 0.249241, 0.315308, 0.249755, 0.249939, 0.248453, 0.221085, 0.255619, 0.288213, 0.364312, 0.242846, 0.335447, 0.245226, 0.253565, 0.239705, 0.263423, 0.362937, 0.435453, 0.603659, 0.235048, 0.374135, 0.238242, 0.234187, 0.373182, 0.459165, 0.632865, 0.827803, 0.727157], "score": [42.43359518117691, 45.554279082341765, 30.995160912632798, 35.051818783053186, 37.18440533341901, 52.962911551386604, 49.03682289871561, 37.6538178675151, 43.08468405361701, 49.92404230428462, 55.87082168888048, 49.97549399455698, 49.993899627854596, 49.84505993576495, 47.01967673219373, 50.55877767509812, 53.685153273543165, 59.942355446295096, 49.27940746397018, 57.89051365340292, 49.5202988682419, 50.35523805921287, 48.959677286518136, 51.32475036471196, 60.235664200362486, 65.88818457107129, 77.58976173298024, 48.48174914336322, 61.15117061590319, 48.8100399508134, 48.392871375854526, 61.08349846791839, 67.5919715892191, 78.03912599083768, 84.05893250737178, 84.91653860903563], "name": "(53) Circle9(1/4)Dual(2/3)|Star+Noise"}