{"loss": [0.0, 0.4883, 0.0, 0.0, 0.0, 0.0, 0.0, 0.0, 0.0, 0.0, 0.6592, 0.0, 0.0, 0.0, 0.0, 0.0, 0.0732, 0.9277, 0.0, 0.1085, 0.0, 0.0, 0.0, 0.0109, 0.076, 0.2496, 0.4991, 0.0, 0.1404, 0.0, 0.0, 0.0305, 0.4578, 1.0132, 2.5085, 0.8545], "time": [0.142442, 0.178592, 0.153194, 0.149425, 0.162852, 0.158315, 0.151803, 0.151104, 0.162376, 0.256303, 0.320147, 0.236961, 0.250142, 0.243554, 0.260663, 0.239266, 0.272899, 0.36606, 0.25658, 0.353189, 0.256663, 0.250657, 0.257825, 0.277145, 0.361027, 0.451494, 0.626733, 0.24203, 0.391652, 0.250573, 0.24721, 0.381603, 0.478602, 0.654716, 0.820577, 0.761055], "score": [37.741489106817184, 42.159382931056854, 39.1400051098617, 38.65553000542096, 40.35492534994954, 39.78881752452566, 38.961904470905935, 38.87209796242029, 40.295905499194326, 50.62637652449561, 56.33566206657718, 48.67864007960781, 50.01419798417245, 49.35119046183182, 51.055166242017066, 48.91482392894817, 52.23693670352023, 59.98218808880599, 50.6537264177079, 59.42271016291628, 50.66191863717757, 50.065656891725695, 50.776470928964734, 52.644500325147185, 60.08205184291101, 67.15144170232192, 78.96926585673992, 49.19654459410742, 62.56976978386816, 50.057267204672684, 49.720217215937424, 61.77344901405519, 69.03607651321597, 80.08387515281154, 84.8855343215236, 86.60147695900137], "name": "(53) Circle9(3/4)Dual(1/4)|Star+Noise"}