{"loss": [0.0, 0.3906, 0.0, 0.0, 0.0, 0.0, 0.0, 0.0, 0.0, 0.0, 0.6592, 0.0, 0.0, 0.0, 0.0, 0.0, 0.0244, 0.7324, 0.0, 0.1953, 0.0, 0.0, 0.0, 0.0, 0.0868, 0.3147, 0.4557, 0.0, 0.116, 0.0, 0.0, 0.0549, 0.4639, 1.0803, 2.3621, 0.5493], "time": [0.155009, 0.183119, 0.15251, 0.157495, 0.156489, 0.161288, 0.193044, 0.212258, 0.170091, 0.251585, 0.320024, 0.237484, 0.231361, 0.236168, 0.236679, 0.2418, 0.274889, 0.356532, 0.251467, 0.342558, 0.254842, 0.252077, 0.249129, 0.269749, 0.378717, 0.442157, 0.607613, 0.245647, 0.388457, 0.236366, 0.240123, 0.374863, 0.464404, 0.635947, 0.808456, 0.751622], "score": [39.37118235461059, 42.7271181964935, 39.05252872734364, 39.6856397201809, 39.55869057489137, 40.16067728512556, 43.93677275358308, 46.071466223683395, 41.242090150718596, 50.158249570733624, 56.32483898824526, 48.73233013103314, 48.1, 48.59711925618637, 48.64966598035386, 49.17316341257699, 52.429545759184556, 59.3900087386598, 50.146485420216635, 58.5061306424092, 50.48187793654273, 50.2072703898549, 49.912824003456265, 51.93736612497788, 61.53535043000706, 66.4290330853286, 77.78766301168443, 49.56278846069902, 62.317932048946815, 48.617486566049465, 49.00234688257288, 61.22421118511226, 68.00053868438448, 78.81560768189959, 84.89740480549136, 86.43454733938543], "name": "(53) Circle9(1/4)Dual|Star+Noise"}