{"loss": [0.0, 4.4922, 0.0, 0.0, 0.0, 0.0, 0.0, 0.0, 0.0, 0.0, 5.0293, 0.0, 0.0, 0.0, 0.0, 0.0, 1.2939, 9.2285, 0.0, 0.0651, 0.0, 0.0, 0.0, 0.0, 0.7595, 0.0651, 2.2461, 0.0, 0.061, 0.0, 0.0, 0.0061, 0.531, 1.4221, 0.8484, 2.2461], "time": [0.236507, 0.359917, 0.233371, 0.221943, 0.231857, 0.206815, 0.231132, 0.221432, 0.199591, 0.261763, 0.465899, 0.252072, 0.252543, 0.257833, 0.259915, 0.249454, 0.387919, 0.501508, 0.209212, 0.358275, 0.196707, 0.19854, 0.192855, 0.28524, 0.382928, 0.456895, 0.790117, 0.19538, 0.397859, 0.199202, 0.203692, 0.379168, 0.469918, 0.666151, 0.813669, 0.931512], "score": [48.63198535943191, 47.886562284786606, 48.308487867040505, 47.11082678111264, 48.15153164749798, 45.47691722181705, 48.076189532865435, 47.05656171035024, 44.67560855769063, 51.162779439745066, 50.99201751444974, 50.20677245153288, 50.253656583377094, 50.77725868929909, 50.98185951885239, 49.94537015580123, 61.240413588108744, 10.505585692981468, 45.739698293714184, 59.85354067913051, 44.351662877506634, 44.55782759515998, 43.91525930698804, 53.407864589402934, 61.52422092641347, 67.59114396938683, 84.40413049677325, 44.20180991769455, 63.07371813077847, 44.632051263637884, 45.13225011009311, 61.57659602667453, 68.35727941912135, 79.96745583374909, 89.55433322913366, 91.64572774103407], "name": "(54) Square|Special(1.8/0.82/0.1/1.82/0.75)+LNoise"}