{"loss": [0.0, 5.7617, 0.0, 0.0, 0.0, 0.0, 0.0, 0.0, 0.0, 0.0, 0.4883, 0.0, 0.0, 0.0, 0.0, 0.0, 0.0, 0.4639, 0.0, 0.0326, 0.0, 0.0, 0.0, 0.0, 0.0109, 0.0326, 0.2496, 0.0, 0.0061, 0.0, 0.0, 0.0122, 0.2563, 0.0, 0.0122, 0.1099], "time": [0.228238, 0.351102, 0.233282, 0.21539, 0.215042, 0.246507, 0.275631, 0.255523, 0.227062, 0.220956, 0.404125, 0.22192, 0.222309, 0.216063, 0.222547, 0.24025, 0.34445, 0.447373, 0.176934, 0.321548, 0.17412, 0.181636, 0.175387, 0.24744, 0.344654, 0.414496, 0.706016, 0.17369, 0.355873, 0.172411, 0.171097, 0.345931, 0.437353, 0.585775, 0.77228, 0.805048], "score": [47.77426085247159, 39.58324577960206, 48.299275356882944, 46.41012820495112, 46.37262123279209, 49.649471296278676, 52.50057142546165, 50.549282883142865, 47.65102307401175, 47.0059570692907, 63.41925034042169, 47.108385665399325, 47.1496553539896, 46.48257738120811, 47.17488738725298, 49.01530373260988, 58.68986283848344, 66.74200699554608, 42.06352339022493, 56.70459994297359, 41.727688649145186, 42.61877520530124, 41.8792311295229, 49.74334126292684, 58.70717000790037, 64.38067954374483, 83.97241069729034, 41.676132258164266, 59.65506978952943, 41.52240359131441, 41.36387312619552, 58.81581166942827, 66.08922734182393, 76.5359392703846, 87.87933210252608, 89.71363019006732], "name": "(54) Square|Special(1.84/0.65/0.84/1.26/0.52)+Noise"}