{"loss": [0.0, 5.0781, 0.0, 0.0, 0.0, 0.0, 0.0, 0.0, 0.0, 0.0, 5.2246, 0.0, 0.0, 0.0, 0.0, 0.0, 1.2207, 7.8857, 0.0, 0.1302, 0.0, 0.0, 0.0, 0.217, 0.2062, 0.51, 2.3763, 0.0, 0.0244, 0.0, 0.0, 0.0488, 0.3113, 1.2634, 0.6104, 2.5513], "time": [0.237659, 0.33832, 0.232561, 0.222919, 0.223164, 0.226728, 0.213032, 0.202645, 0.221746, 0.263303, 0.461269, 0.257207, 0.25625, 0.26083, 0.254919, 0.252061, 0.387299, 0.50043, 0.200559, 0.352186, 0.194283, 0.202558, 0.189538, 0.277351, 0.382075, 0.459533, 0.778552, 0.200043, 0.388883, 0.199204, 0.198462, 0.381337, 0.478945, 0.636309, 0.82508, 0.930314], "score": [48.75028205046613, 43.16614259994798, 48.224578795464865, 47.214298681649396, 47.24023708661929, 47.61596370966359, 46.155389717778355, 45.01610822805543, 47.08991399440012, 51.31305876675059, 49.377918715457575, 50.71557946035913, 50.621141828291464, 51.07151848143934, 50.48950385971326, 50.20567696984077, 61.30600673763217, 26.75125864174558, 44.78381404034275, 59.33520074101365, 44.07754530370311, 45.00644398305647, 43.5359621462533, 52.639325401671655, 61.78593403137451, 67.61254455847016, 83.25310472733774, 44.72616683776959, 62.36011301353827, 44.63227531730821, 44.549074064451666, 61.751019229852425, 69.1387865608239, 78.49572279596812, 90.49547796101855, 90.17454749359338], "name": "(54) Square|Special(1.13/0.93/0.32/1.96/0.88)+LNoise"}