{"loss": [0.0, 4.9795, 0.0, 0.0, 0.0, 0.0, 0.0, 0.0, 0.0, 0.0, 5.2002, 0.0, 0.0, 0.0, 0.0, 0.0, 0.9766, 8.2031, 0.0, 3.4397, 0.0, 0.0, 0.0, 0.6727, 3.2661, 7.8342, 2.7127, 0.0, 0.0549, 0.0, 0.0, 0.0854, 0.3113, 1.9348, 0.6592, 2.9175], "time": [0.216236, 0.316532, 0.246196, 0.196623, 0.197999, 0.222852, 0.249213, 0.238885, 0.226882, 0.262797, 0.464223, 0.261008, 0.257935, 0.266151, 0.26311, 0.262035, 0.378814, 0.489094, 0.28536, 0.492131, 0.270622, 0.269231, 0.265178, 0.385513, 0.516974, 0.617694, 0.77437, 0.199722, 0.394965, 0.197969, 0.198346, 0.384032, 0.478243, 0.639379, 0.83082, 0.927884], "score": [46.50118278065624, 42.310981475120585, 49.618141843483016, 44.34219209736929, 44.497078555788356, 47.20720284024462, 49.92123796541909, 48.875863163733484, 47.632132011909775, 51.263729868202134, 49.709085173052436, 51.088942052072284, 50.7873015624969, 51.58982457810842, 51.29424919033322, 51.18935436201555, 60.9608562653933, 22.875227986340057, 53.41909770859107, 61.85198413729502, 52.02134177431412, 51.887474403751824, 51.49543669103118, 61.80872162239815, 64.2309403693726, 30.356987617077284, 81.52272853714176, 44.69026739682814, 62.84434674571797, 44.49370742026338, 44.5360528111776, 61.965795880166894, 69.08809887636427, 76.96787052792027, 90.75324350889892, 88.12759053984479], "name": "(54) Square|Special(1.49/0.91/0.49/1.97/0.95)+LNoise"}