{"loss": [0.0, 4.9795, 0.0, 0.0, 0.0, 0.0, 0.0, 0.0, 0.0, 0.0, 4.248, 0.0, 0.0, 0.0, 0.0, 0.0, 1.0254, 9.2285, 0.0, 0.0977, 0.0, 0.0, 0.0, 0.7704, 0.2062, 0.3581, 2.9839, 0.0, 0.0427, 0.0, 0.0, 0.1282, 0.2869, 1.8188, 0.4761, 5.4321], "time": [0.24669, 0.353453, 0.231782, 0.235812, 0.231291, 0.200993, 0.241655, 0.280647, 0.209706, 0.260312, 0.462011, 0.252889, 0.255793, 0.26682, 0.25209, 0.263504, 0.390717, 0.513693, 0.275621, 0.36144, 0.270725, 0.2664, 0.269185, 0.387906, 0.381025, 0.454051, 0.775311, 0.206139, 0.390979, 0.198649, 0.196279, 0.388025, 0.475346, 0.645907, 0.821372, 0.921106], "score": [49.66789707648191, 44.7105615820292, 48.143743103335865, 48.56047775712261, 48.0927229422498, 44.83224286158345, 49.158417387055906, 52.97612669873101, 45.79366768451726, 51.02078008027709, 55.7056109515481, 50.28807015585307, 50.57598244226206, 51.65462225203085, 50.208565006381136, 51.33264068796773, 61.85012895988642, 10.632445391594127, 52.4996190462369, 60.114141622485164, 52.03124061561477, 51.61395160225576, 51.88304154538359, 61.912445828047524, 61.70097706765716, 67.29689714386674, 80.21191874401843, 45.402532968987536, 62.52717351423766, 44.5700572133355, 44.30338587512246, 62.281414948698725, 68.88859064933285, 77.70972799033721, 90.42414459058938, 67.65445849659388], "name": "(54) Square|Special(1.23/0.94/0.71/1.85/0.76)+LNoise"}