{"loss": [0.0, 4.9795, 0.0, 0.0, 0.0, 0.0, 0.0, 0.0, 0.0, 0.0, 2.0264, 0.0, 0.0, 0.0, 0.0, 0.0, 3.54, 1.7822, 0.0, 0.0868, 0.0, 0.0, 0.0, 0.1736, 0.217, 0.5317, 2.2027, 0.0, 0.061, 0.0, 0.0, 0.1038, 0.3662, 1.2878, 0.6653, 1.9409], "time": [0.23105, 0.323805, 0.259979, 0.221462, 0.221562, 0.228517, 0.223853, 0.232536, 0.225826, 0.25297, 0.334823, 0.255556, 0.251708, 0.261503, 0.255939, 0.263495, 0.28044, 0.371656, 0.201023, 0.355274, 0.200344, 0.198197, 0.186856, 0.277509, 0.384073, 0.457118, 0.779743, 0.201246, 0.391067, 0.200691, 0.199892, 0.381572, 0.477013, 0.672636, 0.815133, 0.733426], "score": [48.067660646218265, 42.79431351315515, 50.98813587492683, 47.059749255600586, 47.070372847471695, 47.80345175821512, 47.313106006686986, 48.221986686572755, 47.52115318466083, 50.296123111031136, 55.487828783512505, 50.55254691902279, 50.17050926590241, 51.13736403061855, 50.59041411176628, 51.331764045277076, 46.3202784624204, 59.02724750904311, 44.83558854303131, 59.6003747995824, 44.7598033954574, 44.519321648021545, 43.2268435118735, 52.66324711330699, 61.94444066204855, 67.41936394707722, 84.01869287124657, 44.860450287530554, 62.53302306264469, 44.798549083647785, 44.70928315238346, 61.764858935904705, 68.97350837027189, 80.65423870162833, 89.88509441056041, 82.41414488719082], "name": "(54) Square|Special(1.08/0.91/0.15/1.93/0.93)+LNoise"}