{"loss": [0.0, 5.0781, 0.0, 0.0, 0.0, 0.0, 0.0, 0.0, 0.0, 0.0, 4.2236, 0.0, 0.0, 0.0, 0.0, 0.0, 1.3184, 7.8613, 0.0, 3.1576, 0.0, 0.0, 0.0, 0.9006, 3.4505, 7.5846, 2.6259, 0.0, 2.6062, 0.0, 0.0, 2.8442, 7.1045, 0.7935, 0.6531, 2.594], "time": [0.218609, 0.291452, 0.2629, 0.266358, 0.207912, 0.206061, 0.215693, 0.210668, 0.232645, 0.258062, 0.465075, 0.259025, 0.257117, 0.261208, 0.282513, 0.261987, 0.398202, 0.509007, 0.271421, 0.48866, 0.273792, 0.272403, 0.267055, 0.392729, 0.521639, 0.620069, 0.765137, 0.269572, 0.526655, 0.27136, 0.279562, 0.521481, 0.662419, 0.632635, 0.83428, 0.911208], "score": [46.75564137085492, 40.064795003871616, 51.273774973177076, 51.609882774522944, 45.597368345113956, 45.393942327143165, 46.44276046920553, 45.898583856149635, 48.23328726097776, 50.7998031492249, 56.03098885672216, 50.894498720392164, 50.70670567094652, 51.108512011210024, 53.15195198673328, 51.1846656724453, 62.00640158772973, 27.253658634886484, 52.09808057884666, 62.934463421947186, 52.32513736245706, 52.192240802632725, 51.6773644838821, 62.15980535331891, 63.62555770419201, 33.44579823768029, 81.4406010063631, 51.92032357372207, 67.64177535001258, 52.092225907519065, 52.873622913509536, 66.37193788743079, 40.308843964645256, 79.03754843602502, 90.94933255627758, 89.03405606274222], "name": "(54) Square|Special(1.25/0.96/0.24/1.89/0.89)+LNoise"}