{"loss": [0.0, 5.7617, 0.0, 0.0, 0.0, 0.0, 0.0, 0.0, 0.0, 0.0, 0.5859, 0.0, 0.0, 0.0, 0.0, 0.0, 0.0, 0.5127, 0.0, 0.0326, 0.0, 0.0, 0.0, 0.0, 0.0, 0.0326, 0.3038, 0.0, 0.0061, 0.0, 0.0, 0.0122, 0.177, 0.0, 0.0122, 0.1343], "time": [0.240888, 0.395922, 0.268774, 0.289784, 0.24375, 0.266146, 0.268012, 0.241147, 0.234315, 0.211189, 0.397874, 0.22098, 0.218942, 0.222265, 0.221495, 0.220077, 0.333974, 0.445166, 0.230723, 0.313661, 0.232445, 0.229292, 0.232287, 0.245864, 0.343911, 0.407196, 0.702057, 0.173734, 0.352027, 0.173302, 0.172594, 0.339231, 0.416697, 0.575442, 0.740209, 0.812128], "score": [49.08034229709487, 42.03388857066073, 51.84341809718954, 53.83158923903324, 49.371044145328746, 51.589339984147884, 51.769875410319464, 49.106720517664385, 48.40609465759451, 45.955304372836004, 62.860723372850266, 47.0085098678952, 46.791238496111646, 47.144989129280745, 47.06325530602404, 46.91236510771974, 57.79048364566609, 66.54537833246445, 48.033634049486615, 56.00485096026411, 48.21255023331581, 47.88444423818658, 48.19616167289673, 49.58467505187465, 58.6439255166296, 63.81123294636861, 83.71150929695396, 41.681410724686366, 59.33184120028261, 41.62955680763368, 41.54443404356353, 58.24345372468143, 64.53184848528753, 75.85789345875615, 86.03527163596851, 90.10189052671011], "name": "(54) Square|Special(1.78/0.87/0.66/1.32/0.75)+Noise"}