{"loss": [0.0, 5.0781, 0.0, 0.0, 0.0, 0.0, 0.0, 0.0, 0.0, 0.0, 4.126, 0.0, 0.0, 0.0, 0.0, 0.0, 2.124, 8.3008, 0.0, 3.1901, 0.0, 0.0, 0.0, 0.9115, 3.4288, 7.5412, 3.3312, 0.0, 2.7161, 0.0, 0.0, 2.7954, 0.2258, 0.9949, 1.1353, 3.0273], "time": [0.23322, 0.346961, 0.240641, 0.239923, 0.228281, 0.197338, 0.216071, 0.219203, 0.198145, 0.259711, 0.463084, 0.25859, 0.257181, 0.260082, 0.256387, 0.260474, 0.384206, 0.506103, 0.279029, 0.493737, 0.27791, 0.272662, 0.265354, 0.391889, 0.522885, 0.627298, 0.776132, 0.276646, 0.532595, 0.272396, 0.271512, 0.501795, 0.469484, 0.655141, 0.825455, 0.896243], "score": [48.29285661461745, 43.71391821973805, 49.05517301977438, 48.98193544563138, 47.778760971795826, 44.422741923478796, 46.48343791072257, 46.81912002590395, 44.51348110404307, 50.961848475109306, 56.465481007889096, 50.851745299448666, 50.71301608068682, 50.99823526358534, 50.63467191559554, 51.03665349530668, 59.188005645378006, 22.122491153131627, 52.82319566251174, 63.11559193620214, 52.71716987851301, 52.21704702489408, 51.51252274932766, 62.080928714765996, 63.80944731207481, 34.160125391671585, 78.32217364770668, 52.59714821166638, 67.59529252358837, 52.191570200560164, 52.10681337406846, 65.30206360053236, 68.48396770046524, 80.13960792026776, 89.68352421530672, 85.99402620069019], "name": "(55) Square|Special(1.29/0.97/0.17/1.72/0.78)+LNoise"}