{"loss": [0.0, 4.5898, 0.0, 0.0, 0.0, 0.0, 0.0, 0.0, 0.0, 0.0, 0.6592, 0.0, 0.0, 0.0, 0.0, 0.0, 0.0, 0.4883, 0.0, 0.0326, 0.0, 0.0, 0.0, 0.0, 0.0, 0.0326, 0.2821, 0.0, 0.0061, 0.0, 0.0, 0.0122, 0.177, 0.0, 0.0122, 0.1343], "time": [0.255509, 0.325161, 0.236893, 0.233493, 0.240157, 0.233019, 0.227426, 0.230072, 0.235351, 0.21893, 0.396219, 0.219954, 0.219662, 0.220645, 0.218905, 0.212639, 0.331811, 0.42344, 0.229292, 0.412902, 0.228231, 0.224824, 0.230042, 0.327327, 0.453131, 0.525689, 0.693618, 0.173521, 0.353649, 0.171597, 0.168179, 0.347138, 0.415953, 0.574728, 0.757958, 0.806665], "score": [50.547898076972494, 45.01029754043249, 48.67165499548993, 48.32111339776848, 49.00581598137103, 48.2720415975956, 47.68920213213889, 47.965821164658486, 48.51298795168156, 46.789956187198975, 62.67240101601193, 46.89925372540591, 46.86811282737977, 46.97286450707472, 46.78728459742027, 46.1127964886104, 57.60303811432171, 64.9171112275823, 47.88444423818658, 64.25676802734831, 47.77352823478709, 47.41560924421408, 47.96269383593878, 57.21249863447672, 67.31500575651762, 72.50364311084938, 83.21745436954323, 41.65585192983094, 59.46837283922128, 41.42426824942114, 41.00963301469546, 58.91833047875429, 64.47421290681311, 75.81081717011102, 87.06065378299803, 89.79833172937586], "name": "(55) Square|Special(1.1/0.91/0.5/1.72/0.8)+Noise"}