{"loss": [0.0, 0.0977, 0.0, 0.0, 0.0, 0.0, 0.0, 0.0, 0.0, 0.0, 0.6836, 0.0, 0.0, 0.0, 0.0, 0.0, 0.0, 0.5859, 0.0, 0.0434, 0.0, 0.0, 0.0, 0.0, 0.0109, 0.0326, 0.5642, 0.0, 0.0061, 0.0, 0.0, 0.0061, 0.2502, 0.0305, 0.116, 3.1311], "time": [0.148888, 0.223198, 0.151099, 0.140964, 0.153125, 0.149606, 0.143367, 0.147423, 0.152253, 0.220169, 0.408863, 0.221277, 0.222612, 0.219691, 0.221707, 0.221663, 0.334232, 0.450019, 0.23202, 0.420514, 0.233008, 0.227511, 0.232426, 0.320983, 0.449871, 0.533898, 0.921835, 0.224338, 0.470703, 0.221436, 0.231597, 0.456677, 0.556454, 0.761446, 0.974274, 1.096999], "score": [38.586007826672095, 47.23932601560544, 38.87145482227286, 37.5451727922512, 39.131189606246316, 38.678934835385526, 37.8638349880199, 38.3957028845677, 39.01961045423186, 46.92216960030727, 63.643587405836726, 47.04008928562955, 47.181776142913485, 46.87120651316754, 47.08577279816059, 47.08110024202918, 57.81280135056595, 66.85317219873053, 48.16845440742312, 64.84582938649125, 48.270902208266214, 47.69811317022928, 48.21057975175159, 56.65536161741447, 67.07234385476363, 73.06754764952304, 95.70661107002691, 47.364332572094796, 68.6077728616002, 47.056986728858874, 48.1245259716914, 67.5778558509398, 74.54914735985135, 87.26006150370644, 98.69203721788848, 94.46945684221477], "name": "(55) Square|Special(1.81/0.59/0.52/1.74/0.91)+Noise"}