{"loss": [0.0, 0.0977, 0.0, 0.0, 0.0, 0.0, 0.0, 0.0, 0.0, 0.0, 0.5859, 0.0, 0.0, 0.0, 0.0, 0.0, 0.0, 0.6104, 0.0, 0.0326, 0.0, 0.0, 0.0, 0.0, 0.0, 0.0326, 0.5317, 0.0, 0.0061, 0.0, 0.0, 0.0122, 0.2197, 0.0732, 0.0977, 2.9297], "time": [0.135476, 0.194884, 0.160023, 0.139166, 0.152691, 0.156371, 0.168634, 0.184242, 0.176278, 0.222544, 0.399771, 0.219738, 0.22218, 0.221705, 0.22085, 0.222611, 0.333717, 0.429306, 0.238576, 0.435012, 0.233483, 0.233211, 0.236284, 0.32323, 0.464424, 0.542927, 0.931337, 0.224238, 0.463041, 0.230846, 0.2278, 0.453644, 0.553717, 0.758157, 0.981492, 1.08351], "score": [36.80706453929734, 44.14145413210929, 40.00287489668711, 37.30495945581499, 39.07569577115678, 39.543773213996666, 41.065070315293504, 42.92342018059605, 41.98547367840453, 47.17456942039853, 63.01040014569514, 46.87621998412415, 47.13597352341415, 47.08556041930477, 46.99468055003672, 47.181670169675, 57.76824387152513, 65.27732171717129, 48.844242240002046, 65.95473855471421, 48.320078642320105, 48.29192479079706, 48.60905265482963, 56.85332004377581, 68.14866102866586, 73.6827971808448, 96.23297631030223, 47.353774928721364, 68.04709070966605, 48.04643587197702, 47.7283982551269, 67.35299916065696, 74.37624565448618, 87.06754587292849, 99.06082154046429, 95.15744048708268], "name": "(56) Square|Special(1.91/0.46/0.62/1.8/0.82)+Noise"}