{"loss": [0.0, 0.0977, 0.0, 0.0, 0.0, 0.0, 0.0, 0.0, 0.0, 0.0, 0.5859, 0.0, 0.0, 0.0, 0.0, 0.0, 0.0, 0.5127, 0.0, 0.0651, 0.0, 0.0, 0.0, 0.0, 0.0109, 0.0434, 0.4666, 0.0, 0.0061, 0.0, 0.0, 0.0122, 0.1892, 0.0, 0.0244, 0.1465], "time": [0.211986, 0.223658, 0.197276, 0.244618, 0.226236, 0.233779, 0.236364, 0.234568, 0.236205, 0.21821, 0.40222, 0.220378, 0.224601, 0.221964, 0.228063, 0.217031, 0.330913, 0.449618, 0.234646, 0.416866, 0.231645, 0.239505, 0.231987, 0.328232, 0.450369, 0.534141, 0.906631, 0.229523, 0.348705, 0.224771, 0.225325, 0.345251, 0.420344, 0.572042, 0.772829, 0.83765], "score": [46.04193740493551, 47.2879799133341, 44.415762967667234, 49.458871802741314, 47.56427230600716, 48.35069803012155, 48.61728087830499, 48.43222068003903, 48.600925917105734, 46.71295323569255, 63.20310654667598, 46.9444352399728, 47.39208794725128, 47.11305551543011, 47.75594203866153, 46.58658605221035, 57.52503802693224, 66.8773028263989, 48.440272501297926, 64.56242460620486, 48.129512775427095, 48.93924805307086, 48.16502880721655, 57.2915351513642, 67.10945759234073, 73.08357397234096, 95.00987021984989, 47.9085587343222, 59.05122695539757, 47.41002003796244, 47.468410548490034, 58.75797582095456, 64.81073335536122, 75.63345820468611, 87.91016993487865, 91.50357815464207], "name": "(56) Square|Special(1.36/0.77/0.02/1.86/0.75)+Noise"}