{"loss": [0.0, 4.6834, 0.0, 0.0, 0.0, 0.0, 0.0, 0.0, 0.0, 0.0, 3.8574, 0.0, 0.0, 0.0, 0.0, 0.0, 1.3184, 8.5449, 0.0, 3.0924, 0.0, 0.0, 0.0, 0.7378, 3.7326, 0.3457, 2.691, 0.0, 0.0183, 0.0, 0.0, 0.1404, 0.2319, 1.3062, 0.6531, 2.7161], "time": [0.295491, 0.355889, 0.258325, 0.266722, 0.215035, 0.207575, 0.215482, 0.208983, 0.199784, 0.260082, 0.4635, 0.253001, 0.256422, 0.268326, 0.258605, 0.258722, 0.385676, 0.51255, 0.289851, 0.494207, 0.270882, 0.279062, 0.277746, 0.389935, 0.51662, 0.456875, 0.7798, 0.274585, 0.389851, 0.275806, 0.280018, 0.386133, 0.469191, 0.653882, 0.829388, 0.896048], "score": [54.359083877490065, 46.571250470317466, 50.825682484350374, 51.64513529849641, 46.37186647095413, 45.56039947147084, 46.42003877637329, 45.71465848062304, 44.69720349194119, 50.99823526358534, 57.950722901784594, 50.299204765085506, 50.638127927481676, 51.80019304983332, 50.853220153693314, 50.864722549130256, 61.02336010435357, 19.319036163951992, 53.837811991201875, 63.57712611012009, 52.046325518714575, 52.82631919791497, 52.701612878544815, 62.10485819049625, 61.862261293169475, 67.51175036201143, 81.9116023048494, 52.40085877158885, 62.43784019809978, 52.517235266148575, 52.9167270340863, 62.12735184235648, 68.46068187501767, 79.48332011562539, 90.68228894748793, 87.67656905841915], "name": "(56) Square|Special(1.34/0.95/0.22/1.75/0.82)+LNoise"}