{"loss": [0.0, 5.7617, 0.0, 0.0, 0.0, 0.0, 0.0, 0.0, 0.0, 0.0, 0.6348, 0.0, 0.0, 0.0, 0.0, 0.0, 0.0, 0.6104, 0.0, 0.0326, 0.0, 0.0, 0.0, 0.0, 0.0, 0.0326, 0.3581, 0.0, 0.0061, 0.0, 0.0, 0.0122, 0.177, 0.0183, 0.3418, 5.4688], "time": [0.205486, 0.34257, 0.21875, 0.224074, 0.216582, 0.238835, 0.236275, 0.226843, 0.230914, 0.221158, 0.396903, 0.219946, 0.213992, 0.218654, 0.220892, 0.220679, 0.3313, 0.435562, 0.231193, 0.416434, 0.2275, 0.23353, 0.23021, 0.325446, 0.454839, 0.537107, 0.926131, 0.223466, 0.458274, 0.228288, 0.227547, 0.447875, 0.55117, 0.751525, 0.978681, 1.080271], "score": [45.330563640881415, 39.09933897275684, 46.770717334674266, 47.336455296103445, 46.53837126501098, 48.8707478968759, 48.60812689252693, 47.62803796084823, 48.0535118383662, 47.027438799067085, 62.746365380135146, 46.89840082561451, 46.259269341397946, 46.76045337675844, 46.99914892846465, 46.97648347843844, 57.55866572463264, 65.7512236899917, 48.08253321113604, 64.53101182060279, 47.69696007084728, 48.32494180027535, 47.98020425133682, 57.047874631751185, 67.44175264626506, 73.28680534338754, 96.11229179921473, 47.272190556393724, 67.69591265006719, 47.77949350924516, 47.7018867551379, 66.92336413889339, 74.2175654410113, 86.69025126531146, 98.8127321634987, 72.85111696775954], "name": "(56) Square|Special(1.88/0.86/0.63/1.56/0.76)+Noise"}