{"loss": [0.0, 5.7617, 0.0, 0.0, 0.0, 0.0, 0.0, 0.0, 0.0, 0.0, 5.2734, 0.0, 0.0, 0.0, 0.0, 0.0, 0.4395, 11.3281, 0.0, 0.0326, 0.0, 0.0, 0.0, 0.0, 0.0, 0.0326, 0.3581, 0.0, 0.0061, 0.0, 0.0, 0.0122, 0.177, 0.0, 0.0244, 1.2024], "time": [0.203122, 0.385712, 0.21398, 0.207106, 0.257341, 0.222611, 0.234226, 0.234728, 0.231137, 0.323729, 0.58692, 0.329128, 0.327822, 0.329702, 0.328955, 0.327439, 0.511573, 0.648634, 0.238724, 0.41853, 0.231984, 0.238662, 0.232692, 0.326017, 0.45036, 0.525669, 0.897431, 0.221354, 0.457659, 0.22331, 0.221544, 0.458586, 0.537951, 0.765786, 0.981652, 1.045997], "score": [45.06905812195325, 41.48836560591837, 46.25797228586657, 45.50890022841686, 50.72878867073409, 47.181670169675, 48.39690072721599, 48.44873579362004, 48.07670953798731, 56.89718797972356, 55.30622687441306, 57.36967840244531, 57.25574207011904, 57.41968303639441, 57.35459876940994, 57.22228586835727, 71.38617494673097, -22.81302098040825, 48.85939009033985, 64.69320707063574, 48.164717376934746, 48.85304494092462, 48.23815916885718, 57.09789838514199, 67.1088667763061, 72.50226388600865, 94.61135362812082, 47.048273082016514, 67.65047371676236, 47.25568748838599, 47.068460777892454, 67.71887734466743, 73.3221646886292, 87.50919951639369, 99.0777629596117, 100.79535234229125], "name": "(57) Square|Special(1.97/0.84/0.61/1.72/0.75)+Noise"}