{"loss": [0.0, 7.7148, 0.0, 0.0, 0.0, 0.0, 0.0, 0.0, 0.0, 0.0, 0.6348, 0.0, 0.0, 0.0, 0.0, 0.0, 0.0, 0.6104, 0.0, 0.0326, 0.0, 0.0, 0.0, 0.0, 0.0, 0.0326, 0.4991, 0.0, 0.0061, 0.0, 0.0, 0.0061, 0.2441, 0.0488, 0.1221, 1.77], "time": [0.273473, 0.369744, 0.216912, 0.240809, 0.207401, 0.240869, 0.231063, 0.229121, 0.238506, 0.220469, 0.393258, 0.217541, 0.222563, 0.220854, 0.217803, 0.218224, 0.326308, 0.443216, 0.233442, 0.412727, 0.230597, 0.228189, 0.233943, 0.328626, 0.454346, 0.535374, 0.919126, 0.22563, 0.464801, 0.224334, 0.230598, 0.456073, 0.556397, 0.775296, 0.943787, 1.035607], "score": [52.29464599746326, 24.61563459992995, 46.57381238421437, 49.07229360851192, 45.54129993752923, 49.07840665710329, 48.06901288772217, 47.866585422400874, 48.83707607955251, 46.95412654921823, 62.45758194494768, 46.64129071970458, 47.176583174282555, 46.995106128191686, 46.669368969378624, 46.714451725349406, 57.12337525041741, 66.32642098982203, 48.31583591329038, 64.24314963104513, 48.020516448701386, 47.76913229272644, 48.367654481068236, 57.32591037218685, 67.40519267830929, 73.1684782251909, 95.63224365592018, 47.50052631287363, 68.17629016712189, 47.36391031154417, 48.020620570750644, 67.53315190264235, 74.54757818667179, 88.04879749443292, 97.134217127936, 98.57658907305138], "name": "(57) Square|Special(1.78/0.72/0.62/1.7/0.92)+Noise"}