{"loss": [0.0, 4.5898, 0.0, 0.0, 0.0, 0.0, 0.0, 0.0, 0.0, 0.0, 0.6592, 0.0, 0.0, 0.0, 0.0, 0.0, 0.0, 0.4883, 0.0, 0.0326, 0.0, 0.0, 0.0, 0.0, 0.0109, 0.0326, 0.2821, 0.0, 0.0061, 0.0, 0.0, 0.0122, 0.2197, 0.0, 0.0183, 0.1343], "time": [0.268886, 0.359661, 0.193172, 0.212467, 0.205674, 0.21504, 0.211978, 0.278662, 0.26046, 0.317968, 0.385821, 0.327033, 0.327273, 0.326149, 0.324095, 0.326124, 0.328674, 0.43797, 0.230925, 0.418178, 0.225192, 0.233673, 0.227146, 0.314494, 0.448399, 0.536901, 0.70356, 0.229249, 0.353529, 0.224313, 0.222635, 0.345127, 0.421201, 0.575007, 0.74452, 0.810974], "score": [51.85421872904846, 47.33793754361365, 43.95133672597456, 46.09414279493654, 45.351295461100115, 46.372405587806206, 46.041068623566936, 52.788445705476114, 51.035281913593856, 56.38865134049581, 61.844575871298176, 57.18679917603362, 57.2077791912953, 57.10945630979164, 56.92934217079976, 57.10726748847296, 57.33009680787222, 66.02150603094191, 48.054656382082264, 64.6659965971457, 47.454399163828846, 48.33973520821147, 47.65983634046596, 56.079764621474645, 66.96252194436296, 73.27274992263533, 83.8117326931192, 47.87995405177411, 59.45828259408163, 47.36169338188828, 47.18421346170772, 58.74742314576113, 64.86867400959001, 75.82921600544212, 86.28528341277519, 90.03785225633568], "name": "(57) Square|Special(1.03/0.94/0.0/1.69/0.92)+Noise"}