{"loss": [0.0, 4.5898, 0.0, 0.0, 0.0, 0.0, 0.0, 0.0, 0.0, 0.0, 0.6592, 0.0, 0.0, 0.0, 0.0, 0.0, 0.0, 0.4883, 0.0, 0.0326, 0.0, 0.0, 0.0, 0.0, 0.0109, 0.0326, 0.7921, 0.0, 0.0244, 0.0, 0.0, 0.0183, 0.2808, 0.0061, 0.0366, 0.1343], "time": [0.28039, 0.34087, 0.243814, 0.214175, 0.213102, 0.233436, 0.212914, 0.240705, 0.237911, 0.214579, 0.39871, 0.219376, 0.219709, 0.219861, 0.219215, 0.220729, 0.330547, 0.430037, 0.227904, 0.412416, 0.230053, 0.228102, 0.231727, 0.325493, 0.450883, 0.537987, 0.912993, 0.223428, 0.449739, 0.219087, 0.214644, 0.452014, 0.542093, 0.769631, 0.968233, 0.832961], "score": [52.95186493410784, 46.08473015924237, 49.377525251879526, 46.27904493396552, 46.162972174676966, 48.31521499486471, 46.142605041328125, 49.06169585328253, 48.776121207000465, 46.32267263446702, 62.86910075184243, 46.83759173996887, 46.873126629231805, 46.889337807224365, 46.820401536082535, 46.98180498874006, 57.49321699122427, 65.42084615438158, 47.73929199307422, 64.21894066877914, 47.96384054681193, 47.76002512562153, 48.138030703384615, 57.05199383018966, 67.14774222655977, 73.34681758873258, 94.95116088878389, 47.26817110910893, 67.06218344817893, 46.80673028529124, 46.32968810600823, 67.23176128183019, 73.56891130831038, 87.72858298415154, 98.39751318248811, 91.25023579380661], "name": "(57) Square|Special(1.1/0.89/0.81/1.94/0.76)+Noise"}