{"loss": [0.0, 4.5898, 0.0, 0.0, 0.0, 0.0, 0.0, 0.0, 0.0, 0.0, 0.6592, 0.0, 0.0, 0.0, 0.0, 0.0, 0.2686, 0.4883, 0.0, 0.0326, 0.0, 0.0, 0.0, 0.0, 0.0, 0.0326, 0.293, 0.0, 0.0061, 0.0, 0.0, 0.0122, 0.177, 0.0, 0.0122, 0.1343], "time": [0.299214, 0.351916, 0.266663, 0.232206, 0.232106, 0.223935, 0.234104, 0.235632, 0.235627, 0.325066, 0.396597, 0.313877, 0.324079, 0.324102, 0.328182, 0.31768, 0.494642, 0.440787, 0.230506, 0.415271, 0.227695, 0.223834, 0.229857, 0.324826, 0.448619, 0.531146, 0.686776, 0.22686, 0.350593, 0.226877, 0.220776, 0.341096, 0.430741, 0.581317, 0.755035, 0.819559], "score": [54.70045703648188, 46.82547212622374, 51.63942292473842, 48.18775778141166, 48.17738058466857, 47.32177088824973, 48.384294972645826, 48.541940628697574, 48.54142560741289, 57.01455954403226, 62.70228918400355, 56.02472668384916, 56.92793690271939, 56.92995696467722, 57.28717133879102, 56.36310850192704, 70.28004901991679, 66.23348913806657, 48.01104039697536, 64.4408390214423, 47.717397246706575, 47.31109806377358, 47.943404134458376, 56.99350840227333, 66.97902656802351, 72.87898945824726, 82.80080467609727, 47.629822590473715, 59.21087223548881, 47.631607153233865, 46.98680665889096, 58.403337629469675, 65.61030015033599, 76.24414731636783, 86.89262065408575, 90.51316961124073], "name": "(58) Square|Special(1.15/0.93/0.52/1.63/0.76)+Noise"}