{"loss": [0.0, 0.0977, 0.0, 0.0, 0.0, 0.0, 0.0, 0.0, 0.0, 0.0, 0.5859, 0.0, 0.0, 0.0, 0.0, 0.0, 0.0, 0.5127, 0.0, 0.0651, 0.0, 0.0, 0.0, 0.0, 0.0109, 0.0434, 0.4123, 0.0, 0.0061, 0.0, 0.0, 0.0122, 0.177, 0.0122, 0.0793, 1.9226], "time": [0.259041, 0.226218, 0.24596, 0.284203, 0.231801, 0.249741, 0.217234, 0.237958, 0.232161, 0.220628, 0.437881, 0.224238, 0.223211, 0.221195, 0.21639, 0.223128, 0.334614, 0.443979, 0.229754, 0.419051, 0.228865, 0.234218, 0.229167, 0.319425, 0.450867, 0.563251, 0.918876, 0.222515, 0.45874, 0.224029, 0.223415, 0.447981, 0.554371, 0.764488, 0.965441, 1.096491], "score": [50.89607057524186, 47.55784012472241, 49.59435451742466, 53.31069311123239, 48.14571632035399, 49.97409328842295, 46.608368347325786, 48.780938900353284, 48.18308831945084, 46.9710549168315, 65.94542096556977, 47.353774928721364, 47.24521139755859, 47.03137250814609, 46.51773855208355, 47.23642662183497, 57.845829581742535, 66.45660011363849, 47.9326610986705, 64.73140519918256, 47.8398369562439, 48.39607422095309, 47.87139020333544, 56.51769634371168, 67.14655081614178, 75.0486363539511, 95.69506972397953, 47.17149563030623, 67.73032250076442, 47.331701849817314, 47.266795956569766, 66.93128315303328, 74.4327680951528, 87.43487429360296, 98.2506783944195, 100.84284729426786], "name": "(58) Square|Special(1.84/0.84/0.6/1.39/0.84)+Noise"}