{"loss": [0.0, 0.0977, 0.0, 0.0, 0.0, 0.0, 0.0, 0.0, 0.0, 0.0, 0.5859, 0.0, 0.0, 0.0, 0.0, 0.0, 0.0, 0.5127, 0.0, 0.0434, 0.0, 0.0, 0.0, 0.0, 0.0109, 0.0326, 0.4666, 0.0, 0.0061, 0.0, 0.0, 0.0061, 0.2625, 0.0183, 0.0977, 2.0508], "time": [0.295717, 0.224034, 0.245587, 0.217894, 0.266911, 0.236283, 0.242455, 0.236581, 0.251277, 0.221835, 0.4, 0.220548, 0.220169, 0.221146, 0.219062, 0.212481, 0.334231, 0.426368, 0.231236, 0.422236, 0.229525, 0.230847, 0.232676, 0.318619, 0.453661, 0.541833, 0.925418, 0.229785, 0.478816, 0.22596, 0.229343, 0.455321, 0.541746, 0.753951, 0.995383, 1.091855], "score": [54.37986759822058, 47.32771203546965, 49.556735162841385, 46.67911738668588, 51.66343000614651, 48.60894979322224, 49.23971973925116, 48.639592925928156, 50.12753734226328, 47.09936305301803, 63.02844462095315, 46.96253826189552, 46.92216960030727, 47.02616293086222, 46.80405965298309, 46.09566140104728, 57.81271486446558, 65.12522039770016, 48.087004481460475, 64.97846520294225, 47.90876746483884, 48.04653993785609, 48.236500702269026, 56.446346205932585, 67.35428137923914, 73.60852418656526, 95.98920921255991, 47.935894692808226, 69.19650595696282, 47.535250078231414, 47.88976926233828, 67.47745261568303, 73.55267932024046, 86.83006105004463, 99.75935969528213, 100.09716705362615], "name": "(58) Square|Special(1.91/0.62/0.65/1.68/0.94)+Noise"}