{"loss": [0.0, 4.5898, 0.0, 0.0, 0.0, 0.0, 0.0, 0.0, 0.0, 0.0, 4.8096, 0.0, 0.0, 0.0, 0.0, 0.0, 0.2686, 8.5938, 0.0, 0.0326, 0.0, 0.0, 0.0, 0.0, 0.0, 0.0326, 0.3255, 0.0, 0.0061, 0.0, 0.0, 0.0122, 0.177, 0.0, 0.0854, 1.2024], "time": [0.224074, 0.348615, 0.216392, 0.232426, 0.227463, 0.219643, 0.21792, 0.222118, 0.233779, 0.326087, 0.59301, 0.325143, 0.327596, 0.327044, 0.325714, 0.328955, 0.485698, 0.650447, 0.230381, 0.418484, 0.232846, 0.229577, 0.228954, 0.325858, 0.44314, 0.540513, 0.927258, 0.228709, 0.474622, 0.226017, 0.221344, 0.45757, 0.546761, 0.752135, 1.000601, 1.075887], "score": [47.336455296103445, 46.60534137724445, 46.51795352334408, 48.21057975175159, 47.69308125923508, 46.86608581906537, 46.681902274864505, 47.12939634665396, 48.35069803012155, 57.104027878950895, 59.19365613557689, 57.02131180532416, 57.23600265567119, 57.18776092836648, 57.071358841366305, 57.35459876940994, 69.64175685880764, 21.0873111551212, 47.998020792528514, 64.68965180661813, 48.254118995169726, 47.914194139106634, 47.84913792326879, 57.083973232423126, 66.56876144258656, 73.5188078894871, 96.19221260325854, 47.82352977353303, 68.89278966527436, 47.541245250834564, 47.04721033175081, 67.6438199621102, 73.92012338717743, 86.72571706247231, 100.02275013507835, 102.22535274248797], "name": "(58) Square|Special(1.54/0.89/0.38/1.8/0.81)+Noise"}