{"loss": [0.0, 4.5898, 0.0, 0.0, 0.0, 0.0, 0.0, 0.0, 0.0, 0.0, 4.8096, 0.0, 0.0, 0.0, 0.0, 0.0, 0.2686, 8.5938, 0.0, 0.0326, 0.0, 0.0, 0.0, 0.0, 0.0109, 0.0326, 0.3581, 0.0, 0.0061, 0.0, 0.0, 0.0122, 0.2197, 0.0122, 0.0244, 1.239], "time": [0.268067, 0.357742, 0.219852, 0.228517, 0.222157, 0.220755, 0.216825, 0.231133, 0.264283, 0.334144, 0.587381, 0.329713, 0.325185, 0.325568, 0.325199, 0.330086, 0.488197, 0.647546, 0.233461, 0.407601, 0.23125, 0.228549, 0.231717, 0.328298, 0.453682, 0.539481, 0.897703, 0.23012, 0.459511, 0.22294, 0.222797, 0.440346, 0.538912, 0.726929, 0.955092, 1.061496], "score": [51.77518710733936, 47.21148096434109, 46.88837809095128, 47.80345175821512, 47.133533710087974, 46.98457193590254, 46.56447143477524, 48.07629353433977, 51.40846233841273, 57.8051900784004, 58.912045730419784, 57.42064088809876, 57.02499451994713, 57.05856640330179, 57.02622203863763, 57.45311131696873, 69.82068642485453, 21.04023379779862, 48.31780210233077, 63.84295860979985, 48.088460154178364, 47.80679867968572, 48.13699201238067, 57.297294875063685, 67.35584027844, 73.44858972671844, 94.62569029497759, 47.970824466544244, 67.78721546368293, 47.2165225318426, 47.20137709855508, 66.35847264509655, 73.37519202685706, 85.26000446160928, 97.72822660635929, 101.44730926712081], "name": "(58) Square|Special(1.26/0.92/0.52/1.87/0.91)+Noise"}