{"loss": [0.0, 4.5898, 0.0, 0.0, 0.0, 0.0, 0.0, 0.0, 0.0, 0.0, 0.6592, 0.0, 0.0, 0.0, 0.0, 0.0, 0.2686, 0.4883, 0.0, 0.0326, 0.0, 0.0, 0.0, 0.0, 0.0109, 0.0326, 0.293, 0.0, 0.0061, 0.0, 0.0, 0.0122, 0.2197, 0.0, 0.0122, 0.1282], "time": [0.209415, 0.338823, 0.247503, 0.22744, 0.216474, 0.219303, 0.237633, 0.231298, 0.209319, 0.326472, 0.394076, 0.322562, 0.326682, 0.327784, 0.32631, 0.320519, 0.487238, 0.429668, 0.341233, 0.421158, 0.33928, 0.339084, 0.336092, 0.314815, 0.445474, 0.525767, 0.703921, 0.223673, 0.353293, 0.220644, 0.226081, 0.348723, 0.429993, 0.590674, 0.744437, 0.661853], "score": [45.7618837024876, 45.9461472745579, 49.74967336576191, 47.69066994706617, 46.52676648983894, 46.829798205843254, 48.74761532629058, 48.0934506975742, 45.75139342140302, 57.13772834126327, 62.50268546457724, 56.79454199128645, 57.156102036440515, 57.25242352948913, 57.12355030983281, 56.614397462129716, 69.75207585041008, 65.3927724386977, 58.415152143942926, 64.89599743050772, 58.24774673753483, 58.23091962179543, 57.9734421955433, 56.108377271134835, 66.7437593685964, 72.5090218370545, 83.827972689, 47.29407996779301, 59.43843344835043, 46.972758062519596, 47.54797577184543, 59.05268511440832, 65.54220025019514, 76.85531861881779, 86.28063420962944, 81.34097759553839], "name": "(58) Square|Special(1.35/0.96/0.09/1.28/0.95)+Noise"}