{"loss": [0.0, 4.5898, 0.0, 0.0, 0.0, 0.0, 0.0, 0.0, 0.0, 0.0, 4.8096, 0.0, 0.0, 0.0, 0.0, 0.0, 0.3418, 8.5938, 0.0, 3.3529, 0.0, 0.0, 0.0, 0.3581, 3.5482, 8.7348, 0.434, 0.0, 2.8748, 0.0, 0.0, 3.6133, 0.2197, 0.0061, 4.6204, 1.5198], "time": [0.314824, 0.281418, 0.180004, 0.328244, 0.336627, 0.163024, 0.309743, 0.169081, 0.181699, 0.327843, 0.541724, 0.323305, 0.247214, 0.314911, 0.318079, 0.393959, 0.303669, 0.610489, 0.27483, 0.592511, 0.358948, 0.352484, 0.339955, 0.476995, 0.646625, 0.750095, 0.88883, 0.319879, 0.646212, 0.316106, 0.340098, 0.603857, 0.552467, 0.741361, 0.99187, 1.060219], "score": [56.109179284676756, 41.87343557071225, 42.42687827309476, 57.29258241692374, 58.01956566538568, 40.376230631399956, 55.65455956163879, 41.11946011318729, 42.62616567321062, 57.25757591795168, 56.57612454959288, 56.859915582068886, 49.720619465167566, 56.11693149130661, 56.39849288766501, 62.766153299369876, 55.041791235653086, 20.429332194368836, 52.424231038709564, 68.32128368984223, 59.912269194214296, 59.3703629768254, 58.305660102600676, 68.97625892236165, 70.28922275845612, 20.52893311435635, 94.10020319425136, 56.55784649365639, 73.74372306050242, 56.22330477657819, 58.31792177367091, 67.56269807267883, 74.29224711749346, 86.10229081036384, 78.33153136495073, 100.58861433904076], "name": "(58) Square|Special(1.31/0.97/0.07/1.17/0.79)+Noise"}