{"loss": [0.0, 4.5898, 0.0, 0.0, 0.0, 0.0, 0.0, 0.0, 0.0, 0.0, 0.6592, 0.0, 0.0, 0.0, 0.0, 0.0, 0.2686, 0.4883, 0.0, 0.0326, 0.0, 0.0, 0.0, 0.0, 0.0109, 0.0326, 0.3581, 0.0, 0.0061, 0.0, 0.0, 0.0122, 0.2197, 0.0122, 0.0244, 5.4688], "time": [0.231966, 0.368604, 0.286847, 0.222045, 0.217047, 0.199682, 0.216267, 0.208511, 0.206569, 0.325701, 0.396753, 0.328131, 0.326659, 0.32667, 0.325688, 0.327893, 0.486213, 0.439383, 0.252941, 0.415429, 0.228504, 0.236925, 0.231062, 0.321112, 0.452485, 0.516216, 0.9175, 0.219413, 0.457677, 0.227468, 0.222236, 0.44549, 0.54802, 0.738239, 0.965272, 1.038864], "score": [48.1628487529548, 47.922854698568976, 53.55809929413105, 47.12165107463871, 46.58830325306986, 44.68579192539839, 46.504515909747944, 45.663004719356785, 45.449862486040594, 57.070219904955685, 62.714619831256016, 57.28271990749043, 57.15408996738554, 57.1550522701187, 57.06908094581513, 57.26194198592989, 69.67866868725318, 66.12792115786398, 50.29324010242331, 64.45309690157954, 47.8020920044301, 48.67494221876385, 48.06890887049549, 56.666745097984936, 67.26692536498021, 71.84740968079373, 95.66338825943815, 46.84154139223004, 67.65180407031582, 47.693605441400635, 47.14191341046733, 66.74493792538539, 73.99264085735352, 85.92070777244449, 98.24767205117156, 71.44127627449892], "name": "(58) Square|Special(1.46/0.95/0.21/1.53/0.89)+Noise"}