{"loss": [0.0, 4.5898, 0.0, 0.0, 0.0, 0.0, 0.0, 0.0, 0.0, 0.0, 4.8096, 0.0, 0.0, 0.0, 0.0, 0.0, 0.2686, 8.5938, 0.0, 0.0326, 0.0, 0.0, 0.0, 0.0, 0.0109, 0.0326, 0.3581, 0.0, 0.0061, 0.0, 0.0, 0.0122, 0.2197, 0.0, 0.0244, 1.239], "time": [0.315915, 0.334716, 0.252908, 0.248435, 0.268903, 0.223086, 0.269014, 0.22678, 0.209382, 0.318913, 0.591188, 0.326693, 0.326698, 0.332765, 0.314239, 0.324278, 0.489842, 0.649582, 0.229568, 0.41962, 0.228892, 0.229785, 0.228457, 0.328491, 0.453451, 0.540143, 0.915111, 0.224198, 0.45612, 0.222381, 0.225417, 0.456735, 0.549087, 0.771302, 0.938757, 1.029871], "score": [56.2063163710272, 45.666833079106596, 50.289959236412194, 49.84325430788002, 51.85585791402934, 47.23198069105297, 51.86655955430241, 47.621423750240815, 45.75827793962531, 56.472382630804596, 59.10265108434692, 57.157064305298256, 57.157501694878164, 57.6857868109641, 56.05702453751893, 56.94541245789691, 69.93821934664419, 21.073284960445424, 47.913254951004944, 64.77739427766221, 47.84265878899291, 47.935894692808226, 47.797175648776566, 57.3141343823668, 67.33869040235145, 73.4936404876989, 95.53876221181046, 47.34955121223432, 67.53663158283504, 47.15728999847214, 47.47810021473058, 67.58207161609238, 74.06463800708676, 87.8238008742505, 96.88889627124071, 99.92467998697836], "name": "(58) Square|Special(1.27/0.91/0.54/1.94/0.99)+Noise"}