{"loss": [0.0, 4.5898, 0.0, 0.0, 0.0, 0.0, 0.0, 0.0, 0.0, 0.0, 3.54, 0.0, 0.0, 0.0, 0.0, 0.0, 0.3418, 8.6182, 0.0, 0.0326, 0.0, 0.0, 0.0, 0.0, 0.0109, 0.0326, 0.7921, 0.0, 0.0061, 0.0, 0.0, 0.0122, 0.2197, 0.0122, 0.0183, 0.8545], "time": [0.300986, 0.329305, 0.237123, 0.230038, 0.233493, 0.229917, 0.227955, 0.241447, 0.232602, 0.326531, 0.589916, 0.328547, 0.325171, 0.329509, 0.330075, 0.335141, 0.48786, 0.656058, 0.231513, 0.415639, 0.240017, 0.22852, 0.228841, 0.319318, 0.45268, 0.539059, 0.89892, 0.223879, 0.477372, 0.225764, 0.228733, 0.437252, 0.541819, 0.735879, 0.969435, 1.046328], "score": [54.86219098796548, 45.296205363821926, 48.69527697836824, 47.96227684336931, 48.32111339776848, 47.94966110412043, 47.7446332062568, 49.13725674068507, 48.22882955245752, 57.142891071418504, 67.1809699884314, 57.31901953104222, 57.023766974832526, 57.40287449248513, 57.452154006616674, 57.89136377733729, 69.76537530284396, 20.837902298253876, 48.115797821505566, 64.46938541330077, 48.991529880174184, 47.803765542057455, 47.837328520727404, 56.50822948916379, 67.28141826257998, 73.41985714056027, 94.21652380172749, 47.315853579957746, 69.09208672053724, 47.51462932613491, 47.82603893278221, 66.12493466077792, 73.57282615669578, 85.78326232063124, 98.45956057839834, 101.5432830512863], "name": "(59) Square|Special(1.47/0.87/0.91/1.98/0.81)+Noise"}