{"loss": [0.0, 4.5898, 0.0, 0.0, 0.0, 0.0, 0.0, 0.0, 0.0, 0.0, 0.6592, 0.0, 0.0, 0.0, 0.0, 0.0, 0.3418, 0.4883, 0.0, 0.0326, 0.0, 0.0, 0.0, 0.0, 0.0109, 0.0326, 0.3581, 0.0, 0.0061, 0.0, 0.0, 0.0122, 0.2197, 0.0122, 0.0183, 5.4688], "time": [0.220449, 0.268314, 0.276275, 0.227854, 0.270325, 0.20872, 0.24383, 0.232953, 0.239921, 0.32817, 0.397951, 0.326286, 0.323663, 0.326472, 0.327076, 0.33028, 0.481583, 0.441088, 0.229162, 0.418021, 0.231807, 0.229941, 0.227982, 0.319904, 0.445957, 0.535178, 0.918081, 0.219006, 0.470231, 0.227776, 0.226259, 0.442126, 0.537348, 0.736398, 0.949282, 1.072409], "score": [46.951996762651106, 40.88691331153283, 52.56186830773807, 47.734054929368824, 51.99278796140865, 45.685884034349165, 49.379145395601974, 48.26520485815843, 48.98173128830789, 57.28612397430987, 62.80923220276158, 57.12144956143883, 56.89138774893788, 57.13772834126327, 57.19055866137347, 57.4699921698272, 69.31510780768849, 66.25609969364406, 47.8708679678988, 64.65385641454456, 48.146339424716395, 47.95216366338437, 47.74746066546366, 56.560056577057985, 66.77993263830132, 73.15508353798938, 95.69367252777117, 46.79807688356435, 68.57336582479782, 47.725883962478896, 47.5666900256892, 66.49245700681415, 73.26864199364474, 85.81350755516668, 97.43077757616771, 72.58553481684903], "name": "(59) Square|Special(1.17/0.93/0.66/1.78/0.86)+Noise"}