{"loss": [0.0, 4.5898, 0.0, 0.0, 0.0, 0.0, 0.0, 0.0, 0.0, 0.0, 3.54, 0.0, 0.0, 0.0, 0.0, 0.0, 0.3418, 8.6182, 0.0, 3.3529, 0.0, 0.0, 0.0, 0.3581, 3.5482, 8.7348, 0.7921, 0.0, 2.9541, 0.0, 0.0, 3.0396, 7.843, 0.0122, 0.0183, 0.8545], "time": [0.264166, 0.405244, 0.227919, 0.225092, 0.223431, 0.229717, 0.237859, 0.238004, 0.232688, 0.325329, 0.593115, 0.329121, 0.325714, 0.328596, 0.315211, 0.327794, 0.482202, 0.647715, 0.33343, 0.615385, 0.340065, 0.336707, 0.333038, 0.475745, 0.651986, 0.786445, 0.910536, 0.31898, 0.640615, 0.319579, 0.323856, 0.656858, 0.771171, 0.748674, 0.984489, 1.059319], "score": [51.39708162921315, 50.24825163987627, 47.740863000159514, 47.443861562904004, 47.268488446321186, 47.92880136202031, 48.77079043854016, 48.78565362891021, 48.23774455755576, 57.03761916489852, 67.36287839055657, 57.36906832082948, 57.071358841366305, 57.323293694622954, 56.143655028863236, 57.25329684830385, 69.35964039430749, 20.704981984757982, 57.74339789101435, 69.6275737641574, 58.31509238610533, 58.02645948186051, 57.70944463430574, 68.88582098858743, 70.57999616955658, 21.020470001585284, 94.82331096455201, 56.47831442244004, 73.05370929993305, 56.53131875341314, 56.908347366621, 73.55872863706279, 33.798183951254224, 86.52582107954223, 99.22108677597805, 102.17170905208292], "name": "(59) Square|Special(1.63/0.96/0.65/1.64/1.0)+Noise"}