{"loss": [0.0, 4.5898, 0.0, 0.0, 0.0, 0.0, 0.0, 0.0, 0.0, 0.0, 4.8096, 0.0, 0.0, 0.0, 0.0, 0.0, 0.3418, 0.4883, 0.0, 0.0326, 0.0, 0.0, 0.0, 0.0, 0.0109, 0.0326, 0.3581, 0.0, 0.0061, 0.0, 0.0, 0.0122, 0.2197, 0.0122, 0.0183, 5.4688], "time": [0.267126, 0.369293, 0.236405, 0.255327, 0.28916, 0.218524, 0.223757, 0.243781, 0.240519, 0.324347, 0.585666, 0.323129, 0.328, 0.323766, 0.332171, 0.331246, 0.486502, 0.426794, 0.235459, 0.415938, 0.230274, 0.230521, 0.226467, 0.321599, 0.452414, 0.539626, 0.91428, 0.22274, 0.459155, 0.226631, 0.218387, 0.445176, 0.543181, 0.740287, 0.968887, 1.07969], "score": [51.684233572725056, 47.96762283926084, 48.621497303147706, 50.52989214316611, 53.77359947037207, 46.74655067488937, 47.30295973826585, 49.37418353755331, 49.042736465250385, 56.9514705692487, 58.825978923130656, 56.84443684301921, 57.271284253105414, 56.900439365614744, 57.63427799495713, 57.55397466726342, 69.66820869586248, 65.17370311214941, 48.5241177148024, 64.49257005280538, 47.986873205075575, 48.01260251225713, 47.588549042810705, 56.70969934676078, 67.26164768829945, 73.45845970358985, 95.49537362646407, 47.19533875288957, 67.76095175666532, 47.6057769603648, 46.73189488989292, 66.72141146596567, 73.66524013148168, 86.03980452763119, 98.43172814695055, 72.83152364738744], "name": "(59) Square|Special(1.42/0.94/0.21/1.61/0.87)+Noise"}