{"loss": [0.0, 5.7617, 0.0, 0.0, 0.0, 0.0, 0.0, 0.0, 0.0, 0.0, 0.5859, 0.0, 0.0, 0.0, 0.0, 0.0, 0.0, 0.5127, 0.0, 0.0326, 0.0, 0.0, 0.0, 0.0, 0.0, 0.0326, 0.3472, 0.0, 0.0061, 0.0, 0.0, 0.0061, 0.2441, 0.0488, 0.1221, 1.8738], "time": [0.208076, 0.345061, 0.22007, 0.219013, 0.217926, 0.233941, 0.232395, 0.229341, 0.233019, 0.327044, 0.404395, 0.324586, 0.326322, 0.328196, 0.327408, 0.313957, 0.33244, 0.441913, 0.232208, 0.41445, 0.229814, 0.232092, 0.229005, 0.327583, 0.447593, 0.539191, 0.923274, 0.229174, 0.469909, 0.22148, 0.238337, 0.441456, 0.540816, 0.778926, 0.99468, 1.04707], "score": [45.61534829418712, 39.24123703659852, 46.91161902983097, 46.79882477156879, 46.68254491777414, 48.36744773088611, 48.207364582602935, 47.88956044901644, 48.2720415975956, 57.18776092836648, 63.3737611884514, 56.972449482183926, 57.12460065505929, 57.28839323981778, 57.21957706939121, 56.03186593359175, 57.6576100788092, 66.30179613099956, 48.18796530255246, 64.37710702021103, 47.93891947050955, 48.17592759874998, 47.85446687614438, 57.23486699556486, 66.90239158654944, 73.42884579294136, 95.97131696257279, 47.87212132337567, 68.54988331819298, 47.06166167912051, 48.81977058528645, 66.44213057003108, 73.49637430761375, 88.25468265939662, 99.71877657505883, 98.73362778683551], "name": "(59) Square|Special(1.92/0.82/0.41/1.65/0.99)+Noise"}