{"loss": [0.0, 4.5898, 0.0, 0.0, 0.0, 0.0, 0.0, 0.0, 0.0, 0.0, 3.54, 0.0, 0.0, 0.0, 0.0, 0.0, 0.3418, 8.5938, 0.0, 3.3529, 0.0, 0.0, 0.0, 0.3581, 3.5482, 8.7348, 0.3581, 0.0, 0.0061, 0.0, 0.0, 0.0122, 0.2197, 0.0122, 0.0183, 1.239], "time": [0.226692, 0.364826, 0.273084, 0.215329, 0.205499, 0.245264, 0.229743, 0.284913, 0.235922, 0.327209, 0.588466, 0.325515, 0.326835, 0.325901, 0.326472, 0.314458, 0.49094, 0.65232, 0.342429, 0.613549, 0.343257, 0.3404, 0.329347, 0.470605, 0.656815, 0.785694, 0.918611, 0.228673, 0.461465, 0.223753, 0.221863, 0.455985, 0.543222, 0.753059, 0.977833, 1.111364], "score": [47.612183314777745, 47.676629940328844, 52.25743966173621, 46.40355589822832, 45.33199752933903, 49.524135530062516, 47.93151364186197, 53.37724234165718, 48.571802519568905, 57.20218527294215, 67.09835454866692, 57.05392186344424, 57.16948486736608, 57.087739489315915, 57.13772834126327, 56.07655481571599, 69.98525321526336, 21.11765039991394, 58.51743329982955, 69.52362930847536, 58.5881387313166, 58.34380858325928, 57.38876196608531, 68.5126855038884, 70.84089289776269, 21.010431064665116, 95.72129009574184, 47.819765787799504, 67.93118993347687, 47.30253692985187, 47.10233539857658, 67.52656089457408, 73.66802025252235, 86.7788429454805, 98.88510760883557, 103.80290647899392], "name": "(59) Square|Special(1.31/0.93/0.27/1.96/0.89)+Noise"}