{"loss": [0.0, 4.5898, 0.0, 0.0, 0.0, 0.0, 0.0, 0.0, 0.0, 0.0, 3.54, 0.0, 0.0, 0.0, 0.0, 0.0, 0.3418, 8.6182, 0.0, 3.1141, 0.0, 0.0, 0.0, 0.2713, 2.9405, 8.7348, 0.7921, 0.0, 2.9541, 0.0, 0.0, 3.0396, 7.843, 0.0122, 0.1221, 0.8545], "time": [0.290528, 0.32595, 0.25, 0.235127, 0.240607, 0.29374, 0.239665, 0.204447, 0.205754, 0.330929, 0.589356, 0.325568, 0.329891, 0.330086, 0.328645, 0.324986, 0.476941, 0.639913, 0.348534, 0.594456, 0.336278, 0.334413, 0.346707, 0.475912, 0.6651, 0.778448, 0.91236, 0.333333, 0.645059, 0.314033, 0.31197, 0.650103, 0.804219, 0.761505, 0.969209, 1.064104], "score": [53.90064934673793, 45.0648729781295, 50.0, 48.48989585470358, 49.05170741166916, 54.19778593263751, 48.95559212184038, 45.21581581703464, 45.36011463830311, 57.526428708898656, 67.14907538326442, 57.05856640330179, 57.436138449585904, 57.45311131696873, 57.327567539535465, 57.007543360506254, 68.98023317910918, 20.57990407501769, 59.03676820423015, 69.62401431978114, 57.98948180489286, 57.82845320428345, 58.88183081392765, 68.93559894852382, 74.50209299057926, 20.913323144524504, 94.91823921996635, 57.7349980514419, 73.30666122608642, 56.03864737839414, 55.85427467974139, 73.17951935502931, 34.51478601745493, 87.2641239659004, 98.43373579412457, 102.40220656221355], "name": "(59) Square|Special(1.35/0.97/0.68/1.78/0.85)+Noise"}