{"loss": [0.0, 4.5898, 0.0, 0.0, 0.0, 0.0, 0.0, 0.0, 0.0, 0.0, 4.8096, 0.0, 0.0, 0.0, 0.0, 0.0, 0.2686, 8.5938, 0.0, 3.3529, 0.0, 0.0, 0.0, 0.3581, 3.5482, 8.7999, 0.3581, 0.0, 0.0061, 0.0, 0.0, 0.0122, 0.2197, 0.0, 0.0244, 1.239], "time": [0.232063, 0.337055, 0.234664, 0.230263, 0.228087, 0.236077, 0.230957, 0.232569, 0.238469, 0.326857, 0.589989, 0.312398, 0.325285, 0.329143, 0.323663, 0.322266, 0.465879, 0.64755, 0.337463, 0.615838, 0.344874, 0.346607, 0.342926, 0.462065, 0.636593, 0.806414, 0.89285, 0.321164, 0.451934, 0.329694, 0.326232, 0.450308, 0.541696, 0.738596, 0.993353, 1.057812], "score": [48.1729177027923, 45.82611552460238, 48.44213042383665, 47.98572704461192, 47.75845474887143, 48.587755659219326, 48.057985808812255, 48.2254082408848, 48.83328782705502, 57.17140893838458, 59.042687041318835, 55.89257553557538, 57.03376193098259, 57.37098569834755, 56.89138774893788, 56.768477168231314, 68.20608599955615, 21.04029878222075, 58.09156565285532, 69.65319633252604, 58.7259738105721, 58.87333861774785, 58.559883879666295, 67.8881945623955, 69.74184377651486, 20.260586092902223, 94.36956950987721, 56.67133314119229, 67.22601160791704, 57.41898640693685, 57.116722595050916, 67.10489248364408, 73.56447468576, 85.94160808362851, 99.66650249619317, 101.27111608445031], "name": "(59) Square|Special(1.72/0.92/0.22/1.75/0.79)+Noise"}