{"loss": [0.0, 4.5898, 0.0, 0.0, 0.0, 0.0, 0.0, 0.0, 0.0, 0.0, 0.6592, 0.0, 0.0, 0.0, 0.0, 0.0, 0.0, 0.4883, 0.0, 0.0326, 0.0, 0.0, 0.0, 0.0, 0.0, 0.0326, 0.3255, 0.0, 0.0061, 0.0, 0.0, 0.0122, 0.177, 0.0183, 0.3418, 0.1343], "time": [0.262778, 0.379397, 0.277232, 0.228496, 0.28304, 0.24, 0.225994, 0.234614, 0.218334, 0.328547, 0.400994, 0.326099, 0.324447, 0.326045, 0.322254, 0.328011, 0.329148, 0.445792, 0.231205, 0.41617, 0.231455, 0.226616, 0.22807, 0.323083, 0.451132, 0.539505, 0.914302, 0.226202, 0.4634, 0.220914, 0.225524, 0.453663, 0.547955, 0.775927, 0.974666, 0.796105], "score": [51.2618766726307, 48.61940109854871, 52.652825185359234, 47.80125521364476, 53.20150373814635, 48.98979485566356, 47.53882623708751, 48.436969351932, 46.72622390050367, 57.31901953104222, 63.04891561826658, 57.105078583257374, 56.960249297207255, 57.10035026162274, 56.767420233792556, 57.272244586710585, 57.37142145702858, 66.60845811622204, 48.08378104933097, 64.51055373118577, 48.109770317472936, 47.604201495246194, 47.756674926129435, 56.84039056867925, 67.16636062792148, 73.45022346965726, 95.51783162510176, 47.560698060478465, 68.07346437032452, 47.001489338105024, 47.489367230991824, 67.35440962082488, 74.0007916267269, 88.0864236420597, 98.60983619847416, 89.20862329960363], "name": "(59) Square|Special(1.26/0.9/0.32/1.75/0.73)+Noise"}