{"loss": [0.0, 4.5898, 0.0, 0.0, 0.0, 0.0, 0.0, 0.0, 0.0, 0.0, 4.8096, 0.0, 0.0, 0.0, 0.0, 0.0, 0.3418, 0.4883, 0.0, 0.0326, 0.0, 0.0, 0.0, 0.0, 0.0109, 0.0326, 0.2821, 0.0, 0.0061, 0.0, 0.0, 0.0061, 0.2197, 0.0, 0.0183, 0.1343], "time": [0.20634, 0.341615, 0.224094, 0.235154, 0.247322, 0.214388, 0.225989, 0.246047, 0.237125, 0.325143, 0.591549, 0.32915, 0.332617, 0.357401, 0.343908, 0.322781, 0.460393, 0.438988, 0.334712, 0.412532, 0.341173, 0.340552, 0.33781, 0.324584, 0.452049, 0.536934, 0.69193, 0.226477, 0.469279, 0.223738, 0.226966, 0.44826, 0.535267, 0.579356, 0.755662, 0.809545], "score": [45.42466290463805, 46.135063695428805, 47.33856778568612, 48.492679859954116, 49.73147896453513, 46.30205179039045, 47.538300348245514, 49.6031249015624, 48.69548233666035, 57.02131180532416, 59.12069339990516, 57.37159575957427, 57.67295726768309, 59.78302434638114, 58.643669735104396, 56.81381874157025, 67.77299606053047, 66.09819037400634, 57.85429975377803, 64.22797144519103, 58.41001626433603, 58.356833361655255, 58.121424621218644, 56.972273958479136, 67.2345094309317, 73.27500170051775, 83.11613301521704, 47.589599704137036, 68.50391600212598, 47.300951364639594, 47.640948773088056, 66.95219685753187, 73.12662978644379, 76.11543864420673, 86.92853034162783, 89.95849039027777], "name": "(59) Square|Special(1.17/0.95/0.08/1.57/0.86)+Noise"}