{"loss": [0.0, 4.5898, 0.0, 0.0, 0.0, 0.0, 0.0, 0.0, 0.0, 0.0, 4.8096, 0.0, 0.0, 0.0, 0.0, 0.0, 0.2686, 8.5938, 0.0, 0.0326, 0.0, 0.0, 0.0, 0.0, 0.0109, 0.0326, 0.3581, 0.0, 0.0061, 0.0, 0.0, 0.0122, 0.2197, 0.0122, 0.0244, 1.239], "time": [0.203997, 0.31374, 0.239654, 0.230257, 0.242, 0.22314, 0.233141, 0.231208, 0.228122, 0.325714, 0.596372, 0.325185, 0.328751, 0.324556, 0.325171, 0.325753, 0.498536, 0.660955, 0.352961, 0.418928, 0.34097, 0.340699, 0.341463, 0.32312, 0.460064, 0.536011, 0.918508, 0.227384, 0.451959, 0.220072, 0.225338, 0.457988, 0.557541, 0.775848, 0.958261, 1.027781], "score": [45.1660270557418, 44.21275775364463, 48.954468641789994, 47.985101854638174, 49.19349550499537, 47.23769681091575, 48.28467665833541, 48.08409300381988, 47.76211888097093, 57.071358841366305, 59.36121469620626, 57.02499451994713, 57.336811909976305, 56.96981656982933, 57.023766974832526, 57.0747755142322, 70.55614164080036, 21.256961942597226, 59.410520953783944, 64.72395967869168, 58.39263652208213, 58.36942692882978, 58.434835500752456, 56.843645203311866, 67.82793722328378, 73.21199403373282, 95.71592353183956, 47.684798416266794, 67.22787098013552, 46.911832196152815, 47.46977986045438, 67.67470994857209, 74.63262698800324, 88.08210320248901, 97.89022371149157, 99.82323590122381], "name": "(59) Square|Special(1.39/0.93/0.35/1.76/0.93)+Noise"}