{"loss": [0.0, 4.5898, 0.0, 0.0, 0.0, 0.0, 0.0, 0.0, 0.0, 0.0, 0.6592, 0.0, 0.0, 0.0, 0.0, 0.0, 0.2686, 0.4883, 0.0, 0.0326, 0.0, 0.0, 0.0, 0.0, 0.0, 0.0326, 0.3581, 0.0, 0.0061, 0.0, 0.0, 0.0122, 0.177, 0.0, 0.0244, 1.3306], "time": [0.257125, 0.376311, 0.217252, 0.220898, 0.214478, 0.230365, 0.223545, 0.243043, 0.235922, 0.316777, 0.396597, 0.320044, 0.311341, 0.327635, 0.323632, 0.331042, 0.487093, 0.429412, 0.233171, 0.418734, 0.229122, 0.224434, 0.22915, 0.323646, 0.453141, 0.528261, 0.911747, 0.22919, 0.457119, 0.21944, 0.232047, 0.44598, 0.55589, 0.762186, 0.964444, 1.04272], "score": [50.70749451511089, 48.42126323405768, 46.610299291036526, 46.999787233560966, 46.31176956239094, 47.99635402819676, 47.280545682130196, 49.29939147697464, 48.571802519568905, 56.28294590726395, 62.70228918400355, 56.57243144854214, 55.797939030039444, 57.23940950079761, 56.88866319399675, 57.53624944328575, 69.74169611444412, 65.37328873962147, 48.287783134039195, 64.7089715396851, 47.86668987928871, 47.37446569619546, 47.86961457960571, 56.88989365432141, 67.31574852885467, 72.68079332027533, 95.36299757539295, 47.8737924129685, 67.61055093786054, 46.8444233607374, 48.17125699003505, 66.78163463166531, 74.53467280432312, 87.30326454377293, 98.20552510966927, 100.30574348970944], "name": "(59) Square|Special(1.28/0.91/0.57/1.82/0.98)+Noise"}