{"loss": [0.0, 4.5898, 0.0, 0.0, 0.0, 0.0, 0.0, 0.0, 0.0, 0.0, 3.54, 0.0, 0.0, 0.0, 0.0, 0.0, 0.3418, 8.6182, 0.0, 3.1141, 0.0, 0.0, 0.0, 0.2713, 2.9405, 8.7348, 0.7921, 0.0, 0.0061, 0.0, 0.0, 0.0061, 0.1953, 0.0122, 0.1221, 0.8545], "time": [0.268886, 0.333617, 0.211667, 0.218664, 0.220641, 0.201811, 0.230556, 0.222048, 0.236798, 0.315325, 0.591906, 0.324957, 0.326857, 0.328547, 0.324553, 0.327691, 0.488713, 0.650112, 0.342601, 0.602053, 0.338381, 0.338209, 0.34131, 0.474905, 0.65919, 0.789887, 0.922165, 0.330892, 0.453366, 0.329853, 0.320089, 0.457326, 0.544026, 0.74528, 0.975988, 1.032236], "score": [51.85421872904846, 45.591800642986165, 46.00728203230441, 46.76152264415692, 46.972438727406946, 44.92337921394605, 48.016247250279775, 47.12196939857247, 48.661894743217715, 56.153806638553014, 67.29418744121706, 57.004999780720986, 57.17140893838458, 57.31901953104222, 56.9695532719013, 57.24430102639039, 69.82633938609258, 20.743258086340298, 58.53212792988138, 70.06749074149997, 58.170525182432385, 58.155739183678165, 58.42174252793219, 68.86262862191262, 74.17034598302678, 21.066419473602238, 95.42691245711595, 57.5232127058286, 67.33243368578664, 57.43283033248492, 56.5764085109686, 67.6258574554182, 73.72998530942827, 86.32947245594329, 98.77737661566006, 100.85716995601385], "name": "(59) Square|Special(1.11/0.95/0.07/1.98/0.91)+Noise"}