{"loss": [0.0, 4.5898, 0.0, 0.0, 0.0, 0.0, 0.0, 0.0, 0.0, 0.0, 4.8096, 0.0, 0.0, 0.0, 0.0, 0.0, 0.2686, 8.5938, 0.0, 3.8303, 0.0, 0.0, 0.0, 0.6402, 3.5699, 8.7999, 0.3581, 0.0, 0.0061, 0.0, 0.0, 0.0122, 0.177, 0.0, 0.0244, 1.2024], "time": [0.25613, 0.357315, 0.265526, 0.28007, 0.23692, 0.222723, 0.204909, 0.210605, 0.214223, 0.327408, 0.592551, 0.325329, 0.334291, 0.337692, 0.332184, 0.328547, 0.482514, 0.655001, 0.341348, 0.607735, 0.337778, 0.340787, 0.339763, 0.470981, 0.666861, 0.784548, 0.915068, 0.323218, 0.471024, 0.323236, 0.336035, 0.444484, 0.561163, 0.759843, 0.992669, 1.053384], "score": [50.60928768516704, 47.18329679601818, 51.52921501439741, 52.9216401862225, 48.674428604761246, 47.193537693205414, 45.26687530634294, 45.89172038614373, 46.284230575866765, 57.21957706939121, 59.17074324397912, 57.03761916489852, 57.81790380150426, 58.11127257253966, 57.63540578498601, 57.31901953104222, 69.41311276953198, 21.161002104100998, 58.424994651262054, 66.52008140813871, 58.118671698517, 58.376964635033914, 58.28919282336993, 68.34677925698347, 71.2544568560445, 19.984014435221425, 95.5365175578637, 56.852264686641995, 68.63116270791312, 56.853847714996384, 57.968525942963225, 66.66953403624578, 74.88734482981478, 87.16897383817249, 99.63218255799019, 101.1506427071306], "name": "(59) Square|Special(1.69/0.91/0.06/1.83/0.89)+Noise"}