{"loss": [0.0, 5.7617, 0.0, 0.0, 0.0, 0.0, 0.0, 0.0, 0.0, 0.0, 0.6348, 0.0, 0.0, 0.0, 0.0, 0.0, 0.0, 0.6104, 0.0, 0.0543, 0.0, 0.0, 0.0, 0.0, 0.0, 0.0326, 0.4991, 0.0, 0.0061, 0.0, 0.0, 0.0061, 0.2197, 0.0183, 0.0916, 1.5198], "time": [0.232554, 0.314137, 0.300168, 0.308389, 0.223682, 0.288586, 0.234792, 0.249141, 0.210517, 0.328392, 0.396819, 0.326298, 0.324646, 0.330484, 0.323122, 0.323376, 0.325477, 0.434457, 0.231826, 0.421389, 0.232089, 0.229659, 0.229659, 0.311623, 0.451004, 0.54145, 0.920008, 0.231441, 0.452233, 0.225969, 0.237512, 0.449578, 0.561329, 0.734082, 0.987943, 1.066916], "score": [48.22385301901954, 37.441591204763306, 54.787589835655304, 55.5327831105195, 47.29503145151719, 53.72020104206611, 48.45534026296792, 49.91402608485915, 45.88213159825947, 57.30549711851386, 62.73972525195259, 57.122499945293, 56.977714941896366, 57.48773782294795, 56.8438211241996, 56.86615865345574, 57.050591583260555, 65.6677668671354, 48.14831253533191, 64.91256820842065, 48.17561623892319, 47.92275033843529, 47.92275033843529, 55.8232030610928, 67.15683137254169, 73.58250413196839, 95.67811735193985, 48.108315289562995, 67.24824633016566, 47.53619673469892, 48.73520288251604, 67.05055297490951, 74.885729295045, 85.67829849348159, 99.38698199738762, 100.90580423651346], "name": "(59) Square|Special(1.75/0.91/0.62/1.39/0.75)+Noise"}