{"loss": [0.0, 4.5898, 0.0, 0.0, 0.0, 0.0, 0.0, 0.0, 0.0, 0.0, 4.8096, 0.0, 0.0, 0.0, 0.0, 0.0, 0.2686, 8.5938, 0.0, 0.0326, 0.0, 0.0, 0.0, 0.0, 0.0, 0.0326, 0.3581, 0.0, 0.0061, 0.0, 0.0, 0.0122, 0.2197, 0.0, 0.0244, 1.239], "time": [0.211942, 0.373073, 0.279249, 0.213584, 0.209731, 0.248756, 0.213451, 0.236518, 0.23976, 0.32537, 0.611543, 0.340233, 0.341581, 0.329037, 0.329683, 0.326846, 0.489507, 0.660462, 0.350626, 0.417767, 0.338297, 0.341289, 0.336299, 0.325951, 0.44727, 0.5353, 0.912795, 0.221906, 0.462511, 0.224285, 0.22201, 0.440247, 0.553174, 0.744194, 0.982075, 1.053209], "score": [46.03715890451973, 48.21249072503947, 52.84401574445303, 46.21514903145937, 45.79639723821078, 49.87544486017143, 46.20075756954641, 48.63311628921182, 48.965293831447596, 57.04121317082939, 60.11151261897772, 58.32949511182143, 58.44493134566932, 57.361746835325725, 57.41802852763232, 57.170446910969666, 69.91430009243422, 21.2490327816555, 59.21368085164104, 64.63421078082773, 58.16330458287252, 58.4199452242126, 57.991292449815255, 57.092118545382434, 66.87824758469677, 73.1634213355212, 95.41778893693906, 47.106899706943146, 68.00813596911605, 47.35873731424857, 47.11793713650885, 66.3510127634617, 74.33976834982715, 86.26667954662449, 99.09910727505924, 101.05053853379106], "name": "(59) Square|Special(1.43/0.92/0.39/1.79/0.81)+Noise"}