{"loss": [0.0, 4.5898, 0.0, 0.0, 0.0, 0.0, 0.0, 0.0, 0.0, 0.0, 0.6592, 0.0, 0.0, 0.0, 0.0, 0.0, 0.3418, 0.4883, 0.0, 0.0326, 0.0, 0.0, 0.0, 0.0, 0.0109, 0.0326, 0.3581, 0.0, 0.0061, 0.0, 0.0, 0.0122, 0.2197, 0.0122, 0.0183, 1.239], "time": [0.218033, 0.355045, 0.217134, 0.223247, 0.239087, 0.228087, 0.247289, 0.231649, 0.230769, 0.327775, 0.397963, 0.325753, 0.314068, 0.312977, 0.327044, 0.328955, 0.487064, 0.443432, 0.230536, 0.42565, 0.226255, 0.23012, 0.231534, 0.329106, 0.450288, 0.536798, 0.913537, 0.217005, 0.462033, 0.228997, 0.223951, 0.448366, 0.541451, 0.766529, 0.948703, 1.064352], "score": [46.69400389771689, 47.033181721358496, 46.59763942518977, 47.24902115388212, 48.89652339379559, 47.75845474887143, 49.728161035775294, 48.129928319082296, 48.038422122297064, 57.25163753116587, 62.81017918505913, 57.0747755142322, 56.0417701362118, 55.94434734626904, 57.18776092836648, 57.35459876940994, 69.70843692967867, 66.43191326961396, 48.01416457671632, 65.241164365161, 47.56626956152858, 47.970824466544244, 48.11798000747745, 57.36776098123405, 67.10342241840502, 73.26572120110329, 95.45656304126736, 46.58379546580549, 67.97298405654304, 47.853631001210346, 47.32346141186209, 66.96003773185052, 73.5478368163023, 87.55151159164363, 97.40105983959755, 101.58369173673114], "name": "(59) Square|Special(1.37/0.86/0.89/1.97/0.76)+Noise"}