{"loss": [0.0, 4.7842, 0.0, 0.0, 0.0, 0.0, 0.0, 0.0, 0.0, 0.0, 4.1869, 0.0, 0.0, 0.0, 0.0, 0.0, 1.6602, 8.4229, 0.0, 3.2552, 0.0, 0.0, 0.0, 0.7813, 3.4505, 7.4327, 29.8394, 0.0, 2.5208, 0.0, 0.0, 2.7649, 7.5439, 18.219, 22.5586, 5.7251], "time": [0.201245, 0.321322, 0.237082, 0.261116, 0.210009, 0.230144, 0.231124, 0.219444, 0.287702, 0.284922, 0.449138, 0.255999, 0.286703, 0.266196, 0.283089, 0.2585, 0.388066, 0.516328, 0.283656, 0.492812, 0.267138, 0.271909, 0.268419, 0.393486, 0.52301, 0.629141, 1.054965, 0.272435, 0.523098, 0.26994, 0.278165, 0.524572, 0.644878, 0.882961, 1.09211, 0.91432], "score": [44.86033883064193, 43.71082362289555, 48.691066942510105, 51.099510760867375, 45.826738919543466, 47.973325921807835, 48.07535751297124, 46.8448503039555, 53.637859763417104, 53.37808539091675, 55.26945751366693, 50.59634374142068, 53.54465426165342, 51.59418571893543, 53.20610867184331, 50.84289527554464, 60.57793048543247, 20.877575601812048, 53.25936537361293, 62.76188783849051, 51.685394455300425, 52.14489428505921, 51.80916907266512, 62.34554928050054, 63.70911491399741, 35.4989306978389, -811.8211256913233, 52.195306302387, 67.72963809082586, 51.95575040358863, 52.74135000168274, 66.8905100925794, 34.60277819631516, -217.93719688929195, -427.30713267987113, 64.27890735234787], "name": "(6) Square|Special(1.78/1.0/0.97/1.45/0.94)+LNoise"}