{"loss": [0.0, 4.5898, 0.0, 0.0, 0.0, 0.0, 0.0, 0.0, 0.0, 0.0, 3.54, 0.0, 0.0, 0.0, 0.0, 0.0, 0.3418, 8.6182, 0.0, 3.3529, 0.0, 0.0, 0.0, 0.3581, 3.5482, 8.7348, 0.7921, 0.0, 0.0061, 0.0, 0.0, 0.0061, 0.1953, 0.0122, 0.0183, 0.8545], "time": [0.225558, 0.413412, 0.190253, 0.273108, 0.213008, 0.217353, 0.236099, 0.239239, 0.268571, 0.329861, 0.584633, 0.325542, 0.325342, 0.325727, 0.328759, 0.327022, 0.484594, 0.654148, 0.338283, 0.613318, 0.34569, 0.339935, 0.340584, 0.479894, 0.648286, 0.791424, 0.921146, 0.314658, 0.469095, 0.336455, 0.328531, 0.455651, 0.541764, 0.752277, 0.96298, 1.033218], "score": [47.49294684476843, 50.752121138629754, 43.61800087119996, 52.25973593503894, 46.15278973149944, 46.62113254737598, 48.590019551344085, 48.91206395154472, 51.82383621462232, 57.43352679402511, 66.87947345449969, 57.05628799702974, 57.038758752273, 57.07249775504836, 57.33750953782349, 57.185837407525995, 69.53145948506688, 20.80754720492846, 58.16210106246162, 69.51054032105087, 58.79540798395738, 58.30394497802014, 58.35957504985792, 69.18554756298624, 70.37944160269078, 21.086905537331695, 95.37417411777064, 56.09438474571229, 68.49048480625363, 58.004741185527244, 57.31762381676337, 67.5019007809846, 73.57654508006763, 86.73377431101987, 98.13121573502265, 100.90513292023888], "name": "(60) Square|Special(1.4/0.96/0.06/1.72/0.88)+Noise"}