{"loss": [0.0, 4.5898, 0.0, 0.0, 0.0, 0.0, 0.0, 0.0, 0.0, 0.0, 4.8096, 0.0, 0.0, 0.0, 0.0, 0.0, 0.2686, 8.5938, 0.0, 3.3529, 0.0, 0.0, 0.0, 0.3581, 3.5482, 0.0326, 0.3581, 0.0, 0.0061, 0.0, 0.0, 0.0122, 0.2197, 0.0122, 0.0244, 1.239], "time": [0.247302, 0.335704, 0.259517, 0.202803, 0.200261, 0.236109, 0.235234, 0.226082, 0.231731, 0.324317, 0.588202, 0.329885, 0.327972, 0.323869, 0.327055, 0.32574, 0.487079, 0.650475, 0.345794, 0.600344, 0.342917, 0.33641, 0.338828, 0.474868, 0.659032, 0.526214, 0.915818, 0.22539, 0.456933, 0.225159, 0.222552, 0.438653, 0.539488, 0.739196, 0.963534, 1.059981], "score": [49.72946812504634, 45.73418209317312, 50.94281107280987, 45.03365408225275, 44.75053072310987, 48.59104855835075, 48.500927826176685, 47.54808092867682, 48.138446173510836, 56.9488366869772, 58.953202918359615, 57.43561612797411, 57.26883969489865, 56.90948954260616, 57.18872266452539, 57.0736366460032, 69.74069385126081, 21.08776502634992, 58.80425154697575, 68.77140487216748, 58.559115430477604, 58.00086206255904, 58.20893402219285, 68.82229879462027, 70.96034963467747, 72.5398383838578, 95.57566093977995, 47.475256713365965, 67.59679429902904, 47.45092201422434, 47.175417327247885, 66.23078545651722, 73.41439399624676, 85.97638045201629, 98.15918332189342, 101.37488904535573], "name": "(60) Square|Special(1.39/0.91/0.46/1.98/0.88)+Noise"}