{"loss": [0.0, 4.5898, 0.0, 0.0, 0.0, 0.0, 0.0, 0.0, 0.0, 0.0, 4.8096, 0.0, 0.0, 0.0, 0.0, 0.0, 0.2686, 8.5938, 0.0, 0.0326, 0.0, 0.0, 0.0, 0.3581, 0.0, 0.0326, 0.3581, 0.0, 0.0061, 0.0, 0.0, 0.0122, 0.177, 0.0, 0.0244, 0.8545], "time": [0.279707, 0.330252, 0.265052, 0.232743, 0.224122, 0.205249, 0.217025, 0.212547, 0.238746, 0.339253, 0.585655, 0.322745, 0.328188, 0.314601, 0.325608, 0.324111, 0.489807, 0.650811, 0.349598, 0.414342, 0.332261, 0.341412, 0.340902, 0.46946, 0.451871, 0.53575, 0.926444, 0.2284, 0.459492, 0.215624, 0.227262, 0.450955, 0.548276, 0.746499, 0.98297, 1.030313], "score": [52.88733307702327, 45.36128896643574, 51.48320114367404, 48.243445150610874, 47.34152511273797, 45.30441479591145, 46.58594208556912, 46.10281987037236, 48.86164139690766, 58.24542900520178, 58.82542648470451, 56.810650409936336, 57.28769501385093, 56.08930379314758, 57.062071466079814, 56.93074740419275, 69.9357207027915, 21.093210719336238, 59.12681286861318, 64.36871857701688, 57.64208531966899, 58.4304715024618, 58.38681357978015, 68.42928775079136, 67.22135077488402, 73.19416729406181, 96.12853172963426, 47.791212581394085, 67.78581400603795, 46.435331376011526, 47.67200436314798, 67.15308314576144, 74.02246382264993, 86.40017361093668, 99.14425326837949, 100.76318042702734], "name": "(60) Square|Special(1.69/0.93/0.69/1.64/0.87)+Noise"}