{"loss": [0.0, 4.5898, 0.0, 0.0, 0.0, 0.0, 0.0, 0.0, 0.0, 0.0, 4.8096, 0.0, 0.0, 0.0, 0.0, 0.0, 0.2686, 8.5938, 0.0, 0.0326, 0.0, 0.0, 0.0, 0.0, 0.0109, 0.0326, 0.3581, 0.0, 0.0061, 0.0, 0.0, 0.0122, 0.2197, 0.0122, 0.0244, 1.239], "time": [0.237172, 0.467967, 0.326041, 0.267802, 0.228397, 0.210557, 0.213299, 0.234258, 0.235153, 0.32721, 0.594193, 0.327237, 0.326449, 0.32972, 0.325356, 0.323513, 0.487942, 0.645556, 0.332844, 0.416798, 0.339169, 0.341134, 0.333918, 0.325764, 0.451113, 0.532766, 0.92332, 0.226683, 0.46103, 0.22205, 0.223955, 0.445667, 0.538797, 0.75123, 0.981597, 1.057861], "score": [48.70030800723954, 53.99707972783349, 57.10000000000001, 51.74958937035152, 47.79089871513194, 45.886490386605075, 46.184304693261325, 48.400206611129256, 48.49257675149878, 57.20227268212339, 59.25266964808695, 57.20463267953042, 57.135715625167414, 57.421250421773294, 57.039985974752824, 56.87820320650082, 69.8024493191646, 21.00787912111749, 57.692633845231924, 64.55920855480076, 58.23821769250841, 58.40667770041368, 57.78563835417931, 57.07573915421508, 67.16486641585213, 72.99004562351571, 95.96632056472839, 47.61123816915498, 67.89916471515227, 47.12218161333365, 47.3238840333293, 66.75819600164925, 73.36736273627594, 86.67339636475545, 99.07498735619373, 101.27346159916544], "name": "(60) Square|Special(1.3/0.92/0.57/1.89/0.72)+Noise"}