{"loss": [0.0, 4.5898, 0.0, 0.0, 0.0, 0.0, 0.0, 0.0, 0.0, 0.0, 3.54, 0.0, 0.0, 0.0, 0.0, 0.0, 0.3418, 8.6182, 0.0, 3.3529, 0.0, 0.0, 0.0, 0.3581, 3.5482, 8.7348, 0.7921, 0.0, 0.0061, 0.0, 0.0, 0.0061, 0.1953, 0.0122, 0.0183, 0.8545], "time": [0.268201, 0.29815, 0.23489, 0.214145, 0.214783, 0.242944, 0.311993, 0.26554, 0.2896, 0.330099, 0.59226, 0.34952, 0.296007, 0.322878, 0.327635, 0.330177, 0.466234, 0.650279, 0.337317, 0.609493, 0.334509, 0.338534, 0.340292, 0.47734, 0.657702, 0.788197, 0.909127, 0.331382, 0.467633, 0.32634, 0.333874, 0.439726, 0.549815, 0.751054, 0.976247, 1.055976], "score": [51.78812605221395, 43.10027740788432, 48.46545161246308, 46.27580361268727, 46.344686858365975, 49.28934976239796, 55.856333571046356, 51.53057344916705, 53.81449618829485, 57.45424266318372, 67.31430768125857, 59.120216508399224, 54.406525343932785, 56.82235475585291, 57.23940950079761, 57.461030272698736, 68.20155861239836, 20.745922167040213, 58.07899792523972, 69.29344767434792, 57.83675302089494, 58.1836746862898, 58.334552368214844, 69.00119891959048, 70.88871052680346, 21.043871113851615, 94.74991585880117, 57.56578845112781, 68.38367144191558, 57.12617613668887, 57.781831054406716, 66.3118143889889, 74.1212289512165, 86.66324274247512, 98.80488152433522, 102.010364866208], "name": "(60) Square|Special(1.24/0.94/0.36/1.93/0.78)+Noise"}