{"loss": [0.0, 4.5898, 0.0, 0.0, 0.0, 0.0, 0.0, 0.0, 0.0, 0.0, 3.54, 0.0, 0.0, 0.0, 0.0, 0.0, 0.3418, 8.6182, 0.0, 0.0326, 0.0, 0.0, 0.0, 0.3581, 0.0109, 0.0326, 0.7921, 0.0, 0.0061, 0.0, 0.0, 0.0061, 0.1953, 0.0122, 0.0183, 0.8545], "time": [0.273547, 0.28605, 0.262595, 0.218217, 0.234274, 0.239464, 0.23945, 0.232008, 0.227955, 0.327044, 0.584821, 0.323831, 0.332196, 0.327616, 0.330274, 0.32574, 0.485137, 0.647354, 0.337662, 0.411265, 0.341398, 0.338297, 0.337382, 0.479906, 0.44536, 0.527936, 0.904491, 0.22725, 0.469015, 0.225759, 0.222914, 0.450006, 0.53175, 0.750789, 0.974206, 1.055121], "score": [52.30172081299046, 42.21663704155137, 51.244024041833406, 46.71370248652958, 48.40185946841299, 48.93505900681024, 48.93362851863736, 48.16720876280875, 47.7446332062568, 57.18776092836648, 66.89022578149111, 56.90615080990806, 57.63644680234894, 57.2377497810667, 57.469470155901035, 57.0736366460032, 69.57040446983491, 20.699211282942095, 58.10869126043022, 64.12926465558628, 58.42927348512901, 58.16330458287252, 58.084593482265156, 69.18641256794645, 66.73521871816985, 72.6584323168592, 94.50802334355474, 47.67074574621211, 68.48464433426679, 47.51410316948011, 47.21376917806923, 67.08246157570524, 72.89337666982178, 86.64795237355399, 98.70154380626369, 101.96905875513211], "name": "(60) Square|Special(1.15/0.94/0.02/1.93/0.75)+Noise"}