{"loss": [0.0, 4.5898, 0.0, 0.0, 0.0, 0.0, 0.0, 0.0, 0.0, 0.0, 0.6592, 0.0, 0.0, 0.0, 0.0, 0.0, 0.0, 0.4883, 0.0, 0.0326, 0.0, 0.0, 0.0, 0.0, 0.0, 0.0326, 0.3255, 0.0, 0.0061, 0.0, 0.0, 0.0122, 0.1953, 0.0061, 0.0366, 1.1475], "time": [0.245545, 0.384916, 0.300525, 0.232368, 0.270584, 0.24227, 0.279154, 0.244221, 0.23187, 0.325913, 0.397809, 0.327803, 0.326519, 0.333887, 0.328367, 0.326879, 0.332058, 0.439107, 0.226804, 0.409926, 0.230444, 0.233605, 0.227843, 0.325321, 0.442702, 0.532414, 0.914777, 0.221628, 0.468648, 0.226244, 0.224271, 0.449111, 0.556512, 0.748681, 0.97065, 1.084694], "score": [49.55249741435844, 48.97175189882076, 54.820160525120684, 48.204564099263465, 52.01768929892984, 49.22093050725474, 52.8350262609947, 49.418721148973496, 48.15288153371509, 57.08879049340597, 62.798025161261826, 57.2540828238476, 57.1418410623949, 57.78295596454027, 57.3033157853889, 57.17333294465173, 57.62447396723028, 66.10714865039793, 47.62394355783653, 64.02478324736323, 48.00458311453189, 48.332701145290855, 47.73290269824369, 57.03691786904338, 66.53585499563374, 72.96592927483904, 95.5426402106391, 47.07738310484133, 68.45784478291903, 47.565113265922115, 47.357259211233924, 67.01564467252182, 74.5712780061213, 86.52632217029124, 98.52025148647841, 102.77725999798831], "name": "(60) Square|Special(1.34/0.9/0.67/1.78/0.97)+Noise"}