{"loss": [0.0, 4.5898, 0.0, 0.0, 0.0, 0.0, 0.0, 0.0, 0.0, 0.0, 4.8096, 0.0, 0.0, 0.0, 0.0, 0.0, 0.2686, 8.5938, 0.0, 3.8303, 0.0, 0.0, 0.0, 0.3581, 3.5699, 0.0326, 0.3581, 0.0, 0.0061, 0.0, 0.0, 0.0122, 0.2197, 0.0, 0.0244, 1.239], "time": [0.205424, 0.371394, 0.289461, 0.236047, 0.228271, 0.235237, 0.21515, 0.226922, 0.229062, 0.320998, 0.594901, 0.327576, 0.327033, 0.328571, 0.330455, 0.326298, 0.488989, 0.655288, 0.343261, 0.60547, 0.346211, 0.337766, 0.336895, 0.477064, 0.667849, 0.535203, 0.922516, 0.22156, 0.455862, 0.223519, 0.230083, 0.441197, 0.547772, 0.763039, 0.979245, 1.082603], "score": [45.323724471848074, 48.10387920112802, 53.80157990245268, 48.58466836358976, 47.777714470242294, 48.50123709762463, 46.38426457323647, 47.63633067313225, 47.86042206249335, 56.65668539545885, 59.2879598661582, 57.234255476943176, 57.18679917603362, 57.321113038739924, 57.48521549059375, 57.122499945293, 69.87729838109222, 21.16563762563408, 58.588480096346586, 66.3960070749682, 58.839697483926614, 58.11763931888494, 58.04265672761715, 68.9812476431669, 71.30722148562559, 73.15679218046971, 95.92452913513323, 47.07016039913185, 67.51752814992287, 47.27779605692295, 47.96696780076889, 66.42256293201488, 73.97589671348888, 87.35210358085259, 98.95621961092924, 102.45094405827336], "name": "(60) Square|Special(1.61/0.92/0.37/1.74/0.75)+Noise"}