{"loss": [0.0, 4.5898, 0.0, 0.0, 0.0, 0.0, 0.0, 0.0, 0.0, 0.0, 3.54, 0.0, 0.0, 0.0, 0.0, 0.0, 0.3418, 8.6182, 0.0, 3.1141, 0.0, 0.0, 0.0, 0.2713, 2.9405, 8.7348, 0.7921, 0.0, 2.9541, 0.0, 0.0, 3.0396, 0.1953, 0.0122, 0.1221, 0.8545], "time": [0.286026, 0.46201, 0.302365, 0.235629, 0.22982, 0.206319, 0.230923, 0.207318, 0.221612, 0.316658, 0.592018, 0.327803, 0.324772, 0.327388, 0.32537, 0.327784, 0.492212, 0.637705, 0.343964, 0.610576, 0.33978, 0.340053, 0.342687, 0.468036, 0.658572, 0.785009, 0.898338, 0.315548, 0.647286, 0.318995, 0.329598, 0.651497, 0.548406, 0.753153, 0.953392, 1.087337], "score": [53.48139863541341, 53.6523002683884, 54.98772590315042, 48.54163161658248, 47.93954526275776, 45.42235132619182, 48.05444828525243, 45.532186417961526, 47.075683744370615, 56.27237332830383, 67.30055381737579, 57.2540828238476, 56.98877082373334, 57.21782938909864, 57.04121317082939, 57.25242352948913, 70.07585863987467, 20.544368233687067, 58.648444139635956, 70.56170514651886, 58.29065105143363, 58.31406348386297, 58.53947386166022, 68.36280202168392, 74.13556995325503, 21.001270193154095, 94.18601892075351, 56.17365930754378, 73.43309405850329, 56.47964235014241, 57.410626194111494, 73.25793586974953, 74.02619352384518, 86.78425882703719, 97.62723749106198, 103.51406419597237], "name": "(60) Square|Special(1.17/0.95/0.55/2.0/0.89)+Noise"}