{"loss": [0.0, 4.5898, 0.0, 0.0, 0.0, 0.0, 0.0, 0.0, 0.0, 0.0, 4.8096, 0.0, 0.0, 0.0, 0.0, 0.0, 0.2686, 8.5938, 0.0, 3.3529, 0.0, 0.0, 0.0, 0.3581, 3.5482, 0.0326, 0.434, 0.0, 0.0061, 0.0, 0.0, 0.0122, 0.2197, 0.0061, 0.0671, 0.1465], "time": [0.28126, 0.325081, 0.228376, 0.233104, 0.236381, 0.230703, 0.218821, 0.231311, 0.243323, 0.327418, 0.588796, 0.328547, 0.325939, 0.332, 0.325976, 0.326519, 0.484577, 0.650616, 0.339259, 0.598432, 0.337604, 0.344673, 0.341507, 0.494854, 0.630465, 0.540282, 0.921198, 0.33231, 0.452859, 0.334356, 0.331545, 0.446063, 0.54056, 0.762328, 0.988189, 0.816705], "score": [53.033951389652266, 45.00476021383132, 47.78870159357753, 48.2808450630268, 48.61902919639593, 48.03155212982399, 46.77830693815243, 48.094802213960705, 49.327781219106136, 57.22045088952026, 58.982962563982255, 57.31901953104222, 57.091067602559335, 57.619441163551734, 57.0943079474653, 57.1418410623949, 69.56134319915525, 21.090050443741458, 58.24594406480163, 68.66180455336801, 58.10370039851163, 58.70885793472736, 58.4386002570219, 70.25565142145443, 69.40535601247493, 73.50309627893618, 95.79827789761745, 57.64633552967613, 67.29477416429859, 57.82352462449863, 57.5799444251208, 66.78784860741135, 73.4872975394742, 87.31136424747972, 99.40322013710204, 90.35233649895326], "name": "(61) Square|Special(1.21/0.96/0.3/1.23/0.8)+Noise"}