{"loss": [0.0, 4.5898, 0.0, 0.0, 0.0, 0.0, 0.0, 0.0, 0.0, 0.0, 3.54, 0.0, 0.0, 0.0, 0.0, 0.0, 0.3418, 8.6182, 0.0, 3.3529, 0.0, 0.0, 0.0, 0.3581, 3.5482, 0.0326, 0.7921, 0.0, 0.0061, 0.0, 0.0, 0.0061, 0.1953, 0.0122, 0.0183, 0.8545], "time": [0.267657, 0.367495, 0.277329, 0.219039, 0.211948, 0.214716, 0.220662, 0.256276, 0.225836, 0.332759, 0.588004, 0.322763, 0.323847, 0.32721, 0.330184, 0.313218, 0.488122, 0.630984, 0.342729, 0.608049, 0.342356, 0.344666, 0.345833, 0.473561, 0.66325, 0.5336, 0.92581, 0.327032, 0.460055, 0.311036, 0.323306, 0.458504, 0.546516, 0.756626, 0.937223, 1.026316], "score": [51.73557770045677, 47.85070887153332, 52.66203566137564, 46.80160253666534, 46.03781054741852, 46.337457849994315, 46.97467402760768, 50.62370986010409, 47.52220533603212, 57.685266749838306, 67.07201018336393, 56.812234597839925, 56.90755661597149, 57.20227268212339, 57.4616393779363, 55.965882464229935, 69.78410616304566, 20.435819262023198, 58.54306107473371, 69.21131459514127, 58.511195509919304, 58.70826176953291, 58.807567540240946, 68.72752222124446, 71.18707106997773, 73.04715314682345, 95.61532128821094, 57.18671174320132, 67.82732912529674, 55.77060157466477, 56.86000351741107, 67.71289823817814, 73.89852327746603, 86.98412198081898, 96.8099541719911, 100.56753997623977], "name": "(61) Square|Special(1.32/0.96/0.28/1.68/0.76)+Noise"}