{"loss": [0.0, 4.5898, 0.0, 0.0, 0.0, 0.0, 0.0, 0.0, 0.0, 0.0, 3.54, 0.0, 0.0, 0.0, 0.0, 0.0, 0.3418, 8.6182, 0.0, 3.3529, 0.0, 0.0, 0.0, 0.3581, 3.5482, 0.0326, 0.7921, 0.0, 0.0061, 0.0, 0.0, 0.0061, 0.1953, 0.0122, 0.0183, 0.8545], "time": [0.210081, 0.362118, 0.286174, 0.252862, 0.242186, 0.228678, 0.357987, 0.267294, 0.255772, 0.307711, 0.584271, 0.348877, 0.324332, 0.325171, 0.388636, 0.36452, 0.49788, 0.650529, 0.340732, 0.614408, 0.340246, 0.342908, 0.33837, 0.475059, 0.667155, 0.538538, 0.913488, 0.327434, 0.452356, 0.325472, 0.330092, 0.45257, 0.549201, 0.73658, 0.973817, 1.064833], "score": [45.834593922058474, 47.49935530692655, 53.495233432521815, 50.28538555087353, 49.212396812185446, 47.82028858131243, 59.83201484155452, 51.70048355673281, 50.57390631541131, 55.471704498780284, 66.85876463523425, 59.065810753768545, 56.95015364333972, 57.023766974832526, 62.34067692927307, 60.37549171642414, 70.47817822643205, 20.74990967251976, 58.372253682721556, 69.57228060539917, 58.33060946021394, 58.55834697120471, 58.16957967872899, 68.83613815370937, 71.3963266603345, 73.38436845322906, 94.97689737073053, 57.22184897397147, 67.25739092149854, 57.050153374026955, 57.45363347952852, 67.27329806078104, 74.07983034668781, 85.8241112596156, 98.68183609861639, 102.43727758317833], "name": "(62) Square|Special(1.44/0.96/0.17/1.63/0.86)+Noise"}