{"loss": [0.0, 4.5898, 0.0, 0.0, 0.0, 0.0, 0.0, 0.0, 0.0, 0.0, 3.54, 0.0, 0.0, 0.0, 0.0, 0.0, 0.3418, 8.6182, 0.0, 3.1141, 0.0, 0.0, 0.0, 0.2713, 2.9405, 7.411, 35.3624, 0.0, 2.8381, 0.0, 0.0, 2.8503, 7.843, 19.2017, 0.1221, 0.6775], "time": [0.141767, 0.205629, 0.148527, 0.17135, 0.145927, 0.167704, 0.164624, 0.134444, 0.131407, 0.152272, 0.277426, 0.152232, 0.176573, 0.162068, 0.168506, 0.169552, 0.222311, 0.302458, 0.156965, 0.288868, 0.155915, 0.156622, 0.154628, 0.223836, 0.31226, 0.369704, 0.643012, 0.145998, 0.308291, 0.14836, 0.14847, 0.302043, 0.371118, 0.508136, 0.378875, 0.420613], "score": [37.65195878038751, 35.793555484090724, 38.53920082202017, 41.39444407163841, 38.200392668138896, 40.95167884226482, 40.57388322554301, 36.66660606055597, 36.25010344812826, 39.022045051483396, 46.07069484766327, 39.01691940684195, 42.02059019100041, 40.25767007664502, 41.04948233534742, 41.17669243637716, 47.094783555341635, 14.148663494439889, 39.618808664572434, 48.5343166985421, 39.48607349433468, 39.57549747002557, 39.32276694231982, 47.27648656067067, 51.0485225641855, 27.408346790541422, -922.5627397657902, 38.209684636228026, 51.051608513422636, 38.51752847730498, 38.531805044664075, 50.493499808710915, 23.44628448104363, -191.54295680831655, 61.54364629627715, 64.55699666507485], "name": "(7) SquareDual(1/3)|Special(1.11/0.97/0.53/1.96/0.66)+Noise"}