{"loss": [0.0, 4.7762, 0.0, 0.0, 0.0, 0.0, 0.0, 0.0, 0.0, 0.0, 4.1748, 0.0, 0.0, 0.0, 0.0, 0.0, 1.5381, 8.667, 0.0, 3.201, 0.0, 0.0, 0.0, 0.7704, 3.4722, 7.5846, 29.5573, 0.0, 2.6672, 0.0, 0.0, 2.8625, 7.1045, 17.0654, 22.5647, 2.4963], "time": [0.226696, 0.355374, 0.212265, 0.211174, 0.23445, 0.216241, 0.217776, 0.223041, 0.198509, 0.261666, 0.466667, 0.250675, 0.256605, 0.258941, 0.264373, 0.261482, 0.383385, 0.512099, 0.274178, 0.490014, 0.270966, 0.273333, 0.267715, 0.389209, 0.521729, 0.630787, 1.05724, 0.27743, 0.537693, 0.273918, 0.271859, 0.516253, 0.635404, 0.879515, 1.100884, 0.87478], "score": [47.612603373476645, 46.014226628139106, 46.07222590672172, 45.95367232333016, 48.42003717470692, 46.50172039828204, 46.666476190087465, 47.227216729339446, 44.55434883375584, 51.153299013846606, 56.40678230519902, 50.067454498905775, 50.656194093121535, 50.88624568584324, 51.417215015984674, 51.13531069623025, 60.45326281981077, 17.80662614949028, 52.36200912875669, 62.82841682957912, 52.054394627159, 52.281258592348365, 51.741182823743024, 62.016342500152895, 63.522539230738396, 33.73361801869712, -795.4673005074075, 52.671624239242895, 68.11106307755577, 52.337176079723676, 52.14009973139676, 65.96336514460123, 39.47834380697342, -179.33820940825504, -429.30899219410463, 87.70135996878614], "name": "(8) Square|Special(1.39/0.96/0.46/1.91/0.85)+LNoise"}