{"loss": [0.0, 4.5898, 0.0, 0.0, 0.0, 0.0, 0.0, 0.0, 0.0, 0.0, 3.54, 0.0, 0.0, 0.0, 0.0, 0.0, 0.3418, 8.6182, 0.0, 3.1141, 0.0, 0.0, 0.0, 0.2713, 2.9405, 8.7348, 35.3624, 0.0, 2.9541, 0.0, 0.0, 3.0396, 7.843, 19.2017, 0.1221, 0.8545], "time": [0.278487, 0.341904, 0.237166, 0.229417, 0.212816, 0.248996, 0.237305, 0.237205, 0.208584, 0.333715, 0.590875, 0.32771, 0.330092, 0.325167, 0.329317, 0.32667, 0.488162, 0.645304, 0.341624, 0.60266, 0.33649, 0.336982, 0.33678, 0.480308, 0.656729, 0.790487, 1.347638, 0.339881, 0.667876, 0.328485, 0.313473, 0.640396, 0.783491, 1.07408, 0.990796, 1.031293], "score": [52.771867505329006, 46.15457427711423, 48.699691990812426, 47.89749471527712, 46.13198456602534, 49.899498995480904, 48.713961037879066, 48.703695958315116, 45.670997361564154, 57.76807076577857, 67.23555435946179, 57.245960556182474, 57.45363347952852, 57.02341624280327, 57.38614815441092, 57.1550522701187, 69.78696539399927, 20.66641081343831, 58.448609906481096, 70.10280345663556, 58.00775810182635, 58.05015073193178, 58.032749374814216, 69.25324623324754, 74.03176385478656, 21.07441900535817, -1335.5894989316378, 58.299313889616236, 74.59189476269722, 57.313610948883685, 55.98865956602283, 72.63112530416237, 34.067089118775975, -278.48032678313336, 99.52389653553627, 100.8110903565986], "name": "(9) Square|Special(1.7/0.97/0.72/1.61/0.99)+Noise"}