{"loss": [0.0, 4.5898, 0.0, 0.0, 0.0, 0.0, 0.0, 0.0, 0.0, 0.0, 3.54, 0.0, 0.0, 0.0, 0.0, 0.0, 0.3418, 8.6182, 0.0, 3.1141, 0.0, 0.0, 0.0, 0.2713, 2.9405, 7.411, 35.3624, 0.0, 2.8381, 0.0, 0.0, 2.8503, 7.8918, 19.7266, 0.1221, 4.0283], "time": [0.220987, 0.41361, 0.242503, 0.222116, 0.230572, 0.281686, 0.282846, 0.267804, 0.233151, 0.326879, 0.589556, 0.326087, 0.330291, 0.324032, 0.327813, 0.327242, 0.491545, 0.642187, 0.340325, 0.595041, 0.339254, 0.344931, 0.338968, 0.469859, 0.651737, 0.7833, 1.340523, 0.324436, 0.653477, 0.338459, 0.325282, 0.634564, 0.797134, 1.054353, 0.966376, 1.097372], "score": [47.009254408041826, 50.76427332224233, 49.24459361188799, 47.12918416437951, 48.01791332409188, 53.074099144497964, 53.18326804550468, 51.74978260823904, 48.2857121724429, 57.17333294465173, 67.16046805247146, 57.104027878950895, 57.47094918304377, 56.923808727104685, 57.25495611735285, 57.205069705402856, 70.02836239528878, 20.616438103482732, 58.337380811963094, 69.65826414883959, 58.24551484878471, 58.730826658578536, 58.220958425639125, 68.49580917272739, 73.74985796627864, 39.89512491499703, -1332.0591387153709, 56.959283703361294, 74.32658175901184, 58.17722922243719, 57.03349892826145, 73.18781827504486, 33.676853723486474, -296.8925600246177, 98.28976950254264, 87.75663544280052], "name": "(9) Square|Special(1.13/0.98/0.07/1.91/0.76)+Noise"}