{"loss": [0.0, 0.0977, 0.0, 0.0, 0.0, 0.0, 0.0, 0.0, 0.0, 0.0, 1.5625, 0.0, 0.0, 0.0, 0.0, 0.0, 0.0, 0.5615, 0.0, 0.0434, 0.0, 0.0, 0.0, 0.0, 0.0, 0.0, 0.1519, 0.0, 0.0, 0.0, 0.0, 0.0061, 0.3113, 0.0061, 0.0183, 0.1282], "time": [0.11645, 0.159116, 0.100619, 0.106478, 0.10187, 0.098705, 0.091453, 0.09322, 0.109719, 0.148072, 0.258995, 0.145015, 0.146042, 0.145491, 0.146266, 0.147089, 0.213264, 0.272408, 0.138273, 0.230804, 0.138482, 0.13618, 0.137074, 0.18799, 0.262647, 0.303992, 0.515068, 0.154605, 0.291707, 0.15445, 0.153137, 0.2839, 0.362428, 0.462579, 0.596033, 0.622272], "score": [34.124771061503104, 39.88553939493282, 31.72049810453802, 32.63096688729894, 31.91708006694848, 31.417351893499873, 30.241197066253843, 30.53195047814666, 33.12385847089677, 38.48012473992256, 49.649081846028224, 38.080835074877236, 38.21544190507288, 38.1432825016411, 38.24473820017598, 38.352183770940606, 46.18051537174526, 52.02816541751987, 37.18507765219807, 48.04116000038299, 37.21316971181036, 36.902574435938746, 37.023506046834626, 43.35781359801253, 51.24909755303014, 55.13546952733785, 71.75167857678814, 39.31984231911415, 54.00990649871559, 39.30012722625717, 39.13272287996326, 53.28224739269724, 60.14365296141784, 68.01313518349028, 77.20291496419401, 78.87125414340296], "name": "(44) JFA (original)"}